{
  "period": "October 2025 onwards",
  "total_reviews": 5532,
  "average_rating": 2.39,
  "rating_distribution": {
    "5": 1529,
    "4": 251,
    "3": 228,
    "2": 350,
    "1": 3174
  },
  "country_distribution": {
    "us": 500,
    "gb": 500,
    "ca": 500,
    "au": 500,
    "in": 500,
    "mx": 500,
    "es": 500,
    "sg": 500,
    "fr": 428,
    "de": 406,
    "br": 342,
    "it": 255,
    "nl": 80,
    "se": 18,
    "jp": 3
  },
  "version_distribution": {
    "20.2.0.6076": 2681,
    "20.1.0.5822": 981,
    "null": 793,
    "20.1.2.5988": 742,
    "18.10.0.5530": 114,
    "18.5.1.5470": 36,
    "20.0.1.5732": 29,
    "17.35.0.5115": 23,
    "18.0.1.5354": 12,
    "16.5.1.4270": 9
  },
  "weekly_average_rating": {
    "2025-W39": 2.1875,
    "2025-W40": 2.3076923076923075,
    "2025-W41": 2.033707865168539,
    "2025-W42": 2.3321033210332103,
    "2025-W43": 2.2837837837837838,
    "2025-W44": 2.519607843137255,
    "2025-W45": 2.486910994764398,
    "2025-W46": 2.6405228758169934,
    "2025-W47": 2.574074074074074,
    "2025-W48": 2.3582089552238807,
    "2025-W49": 2.4656488549618323,
    "2025-W50": 2.587596899224806,
    "2025-W51": 2.1996699669966997,
    "2025-W52": 1.962962962962963,
    "2026-W00": 2.0205128205128204,
    "2026-W01": 2.556792873051225,
    "2026-W02": 2.4139908256880735,
    "2026-W03": 2.619047619047619
  },
  "analysis_date": "2026-01-20T19:25:16.859859"
}