id,author,rating,title,content,version,date,country,platform,vote_count
a14fc892-4916-4c0a-bf9e-b878508da44d,Tanya Smith,5,,HP rocks!!,26.3.1.6772,2026-09-17T18:39:55,global,Google Play,0
5faccd61-9e06-4736-b5f9-3c86a688834d,Lars Schumacher,1,,"Envy 6020, oder warum ich nie wieder einen HP Drucker kaufe. Ständig Abstürze, die App funktioniert nur wenn sie will, aktuell mal wieder nicht. Häufig Fehldrucke. Dann dieser Abo-Zwang. Der nächster, und das bald, wird kein HP.",26.3.1.6772,2026-09-17T18:20:54,global,Google Play,0
83edcd35-0940-4c3a-95bc-99e2cade121e,Jared Miller,4,,"great app, however, 1) it would be great if you could add your shortcuts to the top of the page for quick access, 2) a shortcuts android widget for even quicker access. 3) please also enable remote scanning.",26.3.1.6772,2026-09-17T17:53:29,global,Google Play,0
e04ab6ca-6497-4ae7-81b3-e792531568e2,Lilou Smith,1,,J'appréciais également l'ancienne application. Tout fonctionnait bien ! La nouvelle MAJ s'est faite et ....catastrophe! Je ne peux plus numériser mes documents alors que je suis sur un dossier important !!! Pourquoi changer quelque chose qui fonctionne pour quelque chose qui fonctionne pas du tout ! Vraiment Nul la nouvelle application. Ne reconnait pas mon imprimante mais pourtant elle apparait sur l'application. A rien y comprendre ! Rendez nous l'ancienne qui fonctionne !!,,2026-09-17T15:44:26,global,Google Play,0
8614eee4-4cf4-446e-ad48-01005b16d364,Waris Akanni,5,,top-notch,26.3.1.6772,2026-09-17T15:23:40,global,Google Play,0
ac6aeff7-398a-49fc-9e74-400dba7b902f,Marcel Impe,1,,assi,26.3.1.6772,2026-09-17T15:21:29,global,Google Play,0
5d83c54b-9d21-433a-b6e8-915fd7d246ff,Rafik Reseize,1,,I swear i hate this apps... Rubbish.. White loading screen forever,26.3.1.6772,2026-09-17T15:17:47,global,Google Play,2
a552ea40-70cc-41eb-bc9d-effa9968d439,miguel de jesus cegarra m.,5,,excelente,26.3.1.6772,2026-09-17T15:13:42,global,Google Play,0
75ed31fd-e309-4031-9edc-fec814d05977,Mithu Das,4,,Good,26.3.1.6772,2026-09-17T15:11:52,global,Google Play,0
5311b0c1-fea7-4934-91d7-d18fa6814666,Jose Jorge Duran,5,,"Me utilizei da digitalização Impressora/Smartphone, excelente.",26.3.1.6772,2026-09-17T15:11:47,global,Google Play,0
7f50aaa7-6940-41a2-aed0-18b36697ed31,Ramadan Yusof,1,,always hang and stuck at the white screen,26.3.1.6772,2026-09-17T12:59:20,global,Google Play,0
9f087e6b-3dcc-4a75-93c0-ee49a3fd56ab,Angad Kumar (Sharma),1,,application not canecting,26.3.1.6772,2026-09-17T12:48:01,global,Google Play,0
e391908a-dbc0-4c23-92ed-0fd10337d73b,John Holland,5,,the printer acts like it is printing but nothing comes out,26.3.1.6772,2026-09-17T12:31:00,global,Google Play,0
6841276c-195a-442f-a172-95bc137cc2e3,S D,1,,"Buggy app, slow, and unpredictable, esp desktop",26.3.1.6772,2026-09-17T12:30:20,global,Google Play,0
ac4f2592-9d46-4ec5-a594-f2b5c90ebaf8,RH Sabado,1,,"It's a big hassle to print photos and documents on a Long Size Paper (8.5"" x 13""). The app doesn't let you customize the paper size and the only way to print on this paper size correctly is by using a computer.",26.3.1.6772,2026-09-17T12:26:49,global,Google Play,0
c50f4e0f-ca2d-48fb-9511-232a899921d9,Joan Beauchamp,1,,constant blank white screen when trying to open app,,2026-09-17T12:07:06,global,Google Play,0
9f3eadab-2209-40da-8bf2-63d5c55bcd59,MV,1,,die App funktiniert nicht . Ich kann es nicjt offnen kommt nur noch leading und ein weißer Bildschirm.,26.3.1.6772,2026-09-17T11:43:01,global,Google Play,0
4c6c1303-bbba-42eb-86f7-aaab9a4d52f9,Marcio Oliveira,1,,"O aplicativo ficou muito pesado, demorar para abrir, depois de 5 anos vou migrar para outro",20.2.0.6076,2026-09-17T11:32:52,global,Google Play,0
40b347af-0f3b-4ad6-be69-0ae9f88bcf09,Venkata Rajashekar Pillarisetty,5,,"Nice, worth buying HP Printers !",26.3.1.6772,2026-09-17T10:19:37,global,Google Play,0
0c533c42-c97a-4399-9158-3cdc516f51f4,Michel Zahra,5,,Merci beaucoup...,26.2.0.6624,2026-09-17T09:26:28,global,Google Play,0
c2567bb2-26e9-4181-bb9f-05b58ece2299,Anthony Stephenson,5,,fantastic,26.3.1.6772,2026-09-17T07:42:34,global,Google Play,0
9288f6fc-2c9e-4bbd-8a76-1caefd8fce1f,Marisa Molina,1,,"Hasta ahora iba muy bien, pero hoy he intentado abrir la aplicación en el móvil para escanear una foto y no se abre. Agradecería que lo solucionaran porque no puedo escanear desde el móvil ni meterme en ningún sitio de la App. El comentario anterior fue del mes de abril de 2026, pero este es de septiembre de 2026. Parece que el servicio va y viene cuando quiere. Soluciónenlo, por favor. Gracias.",26.3.1.6772,2026-09-17T06:40:10,global,Google Play,1
6613ec8c-20af-44a4-a489-c750b8a12942,Damiano Fumagalli,5,,Veloce e completa gestione delle funzioni della stampante e dello scanner,26.3.1.6772,2026-09-17T05:41:24,global,Google Play,0
745f9f27-1998-4c31-82f0-63dd2bdeda91,joseph dias,5,,"Excellent performance by the HP Smart, especially using mobile. It's gives a big relief. Print and scanning is way beyond my expectations. Thank you team HP",,2026-09-17T04:31:21,global,Google Play,0
f9e258af-6182-405e-a7d6-31db16686b6b,Ood Proton,1,,Don't support 2700 series,17.20.0.4770,2026-09-17T03:54:22,global,Google Play,0
702295b6-42ee-4880-8f74-0aa8ee075ddb,Jorge Martinez,5,,Es la mejor app para scaner mejora y arregla hasta los documentos más arrugados sucios genera una claridad espectacular super recomendada 10/5,26.3.1.6772,2026-09-17T01:51:10,global,Google Play,0
3bea1d1d-d98d-4d17-bd3c-2c6ab4905dc4,Edward Jr. Kelley,1,,"HP sucks more than ever. Updates only break functionality, they never fix or improve anything! No more 2-Sided scans from feeder, so that must be done in their garbage App. Now the App doesn't allow page reordering!!! Their updates either NEVER get tested, or HP developers are idiots, or they intentionally break functionality & remove features. Perhaps all of the above. FIX THE SCAN PAGE REORDERING!!!!!!!!!!!!!!!! AND STOP BREAKING/REMOVING FEATURES!!!! BTW, I HATE HP MORE THAN EVER!!!!",26.3.1.6772,2026-09-17T00:09:46,global,Google Play,0
3673af5c-2ec9-456a-8c4f-99e1004da63e,Rosalva Lechuga quezada,1,,asco total en teléfono,,2026-09-16T23:11:14,global,Google Play,0
04c83878-cd3a-4630-993d-4f62bf38fb78,Alberto Sacco,1,,non si riesce a fare semplicemente e chiaramente le cose più importanti come riconnettere la stampante alla rete,,2026-09-16T23:06:38,global,Google Play,0
ef812fae-5bc0-4cb8-ab2c-c0f6daa34b8d,Anita Hansen,5,,Very good app.,26.3.1.6772,2026-09-16T22:46:07,global,Google Play,0
64774847-24eb-40d4-aa14-02965f0e181c,Geovany García G.,4,,tarda un poco en la carga de la imagen final,26.3.1.6772,2026-09-16T22:28:49,global,Google Play,0
0f3bdf69-087b-44bb-a5f9-9a74b8bae54a,Keith,1,,"HP software is always breaking printer discovery. I disabled the app, assigned a local IP address to the printer, and used the default printer service on all devices to just connect to the assigned IP address. It was easy and works flawlessly without having to scroll through endless marketing and subscription scams. Google Gemini correctly trashed HP network connectivity as complete garbage.",20.2.0.6076,2026-09-16T22:15:04,global,Google Play,0
1f5d4880-cd95-4a3b-9bc7-5b6b5a6b4f1f,Penny Atas,4,,"Diese App kostet ein Nerven . Fotos kann man aus drucken aber nur eins pro Seite , dann ist die nicht hilfreich beim installieren des Druckers . Diese App ist die nervigste App auf meinem Laptop eine Sache ist gut man kann drucken und scannen ah noch eins kopieren geht auch aber Fotos einer Seite unmöglich ich meine mehrere es wär nett wen die irgendwann mal besser wird und zwar noch diese Jahr es ist eine Schande in dieser Zeit so eine App zu machen",26.3.1.6772,2026-09-16T21:52:03,global,Google Play,0
246604f6-6451-4dd9-93a9-22387c08a423,Linda Y Sapp,5,,great printer,26.3.1.6772,2026-09-16T21:49:44,global,Google Play,0
2cb6dd34-c875-43e7-854e-d6fbf439d6ca,Mouhammad Abou Abdou RAHMAAN,5,,super je recommande HP !!!!!,26.3.1.6772,2026-09-16T20:51:21,global,Google Play,0
0c2508ee-e4cf-44dd-a5b9-39124484933e,Detlef Heithoff,2,,Ständig soll ich mich anmelden.. Es nervt gewaltig 😤,26.3.1.6772,2026-09-16T20:27:23,global,Google Play,0
cb6bf828-b026-4e6f-ae9a-c0d0120cfcab,Linda Munster,1,,ik kom tegenwoordig niet verder dan een wit scherm. waardeloos,26.3.1.6772,2026-09-16T18:35:58,global,Google Play,0
8f9b47d4-0af1-4e9e-a26c-6b031c9ea100,Jan,1,,einfach nur unbrauchbar. die relevanten Einstellungen fehlen komplett,26.1.4.6508,2026-09-16T17:42:21,global,Google Play,0
cd28e197-9310-47c4-a879-da8e9d22c6f0,Lucas Alves Souza,5,,sensacional as funcionalidade s,,2026-09-16T17:37:11,global,Google Play,0
607af237-98a6-464c-b671-1607a3098b06,Mary Mauritz,5,,This ROCKS,26.3.1.6772,2026-09-16T17:13:23,global,Google Play,0
0e269545-da58-4548-af6b-b9b6eb789244,Rusty Jones,5,,easy to use,26.3.1.6772,2026-09-16T16:35:09,global,Google Play,0
fe55f990-0d7b-4025-80ba-21c87bdb069b,Giovanni Borelli,1,,"una delle peggiori app di sempre. Lenta, crasha, imposti un tipo di carta e la cambia da sola. Stampante che a volte non viene rilevata dal Wi-Fi. MAI più HP",26.3.1.6772,2026-09-16T16:08:23,global,Google Play,0
063d8378-53eb-4e1f-bbb9-bbc8c9d32571,Linda Bainbridge,1,,App never loads!! WORTHLESS!,26.3.1.6772,2026-09-16T15:46:06,global,Google Play,0
a3c600b5-6282-4220-b0bc-332e1700edd8,suezette Phidd,2,,i cannot use this app on my chromebook plus to print can you say why,,2026-09-16T15:24:19,global,Google Play,0
39108254-d23f-4332-8a9c-4a2e1ea2aa16,Loïc Demalé,2,,Ne s'ouvre pas une fois sur deux.,26.3.1.6772,2026-09-16T15:23:15,global,Google Play,0
b3eabe96-7349-47f2-8baf-4ad0d34f3469,Gregorio Dinoi,1,,non riesco più ad accedere con il mio account hp. le foto le stampa a metà. sì disconnette sempre e ora non riesco più ad entrare con il mio account. così facendo non funziona neanche il stampa ovunque. se continuate così disdico l'abbonamento e cambio stampante,26.3.1.6772,2026-09-16T14:57:03,global,Google Play,0
977d39d5-bda8-4cb9-bf6f-5e5a1ada4f05,Beatrice Sanchez,2,,"Pas moyen d'imprimer à partir de mon smartphone. D'habitude, ça marche !",26.3.1.6772,2026-09-16T14:20:09,global,Google Play,0
05c8ab2a-aa20-40c7-a428-19b77757dd87,Gerard Vanwalleghem,2,,se n'est vraiment pas simple,26.3.1.6772,2026-09-16T13:22:58,global,Google Play,0
c90cc83b-b090-46b6-93a9-fe1480205040,Kassii Opé,4,,ça va,26.3.1.6772,2026-09-16T13:14:24,global,Google Play,0
d14897b6-d2d0-4917-bb1b-e7f8bbc46d13,Benjamin Weischer,1,,"Funktioniert nicht. Seit Generationen hat man ja bekanntermaßen stets Probleme mit Druckern. Jetzt kommen konsequenterweise auch noch Probleme mit der Durcker-App hinzu. Ein weitere Grund für die Abkehr von HP. Frechheit, dass man dann sogar noch Abo-Gebühren für den Drucker zahlt.",26.3.1.6772,2026-09-16T12:37:31,global,Google Play,0
bfa3ab5c-ffe7-42e9-a9b1-c0bccab31a08,Patrick T,2,,"Der einzige Grund, mehr als einen Stern zu vergeben, ist dass die mobile App ein klein bisschen besser funktioniert als die Desktop App. Das heißt allerdings nicht viel. Steuerung ist alles andere als intuitiv. Und warum kann man nur mit einer maximalen Auflösung von 300dpi scannen?! Das ist in der Zeit von HD absolut nicht zu gebrauchen. Alles in allem nur ein weiterer Grund, sich einen Drucker von einer anderen Marke anzuschaffen.",26.2.0.6624,2026-09-16T12:21:55,global,Google Play,0
f5b5e446-5528-4ef7-a80c-2a37557ff3fd,Daniele Corigliano,2,,fa schifo,26.2.0.6624,2026-09-16T11:19:25,global,Google Play,0
6fcb3d80-50d0-43b9-ba84-a8355b5c8ef9,Adilson Agostinho João,5,,simplesmente fenomenal,26.2.0.6624,2026-09-16T10:42:09,global,Google Play,0
71a148e7-e52a-4f91-8b9e-104b89c806c2,Milan Nikolic,1,,"Pity and shame. From Windows 2000 I didn't have so much problem with printer untill now. For the years i use everything HP or Dell. This printer,will be in use till is ink in my Hp laser print, than I have to buy new one. For shure not HP.",26.3.1.6772,2026-09-16T09:41:52,global,Google Play,1
bdbe50a2-f9d7-4d4b-8faa-b9e1f6266726,Abul klm,3,,"It does not work with direct wifi, please fix this problem and improve the offline usage experience and make the application smooth and fast, whatever we do it keeps going round and round. Or update the application in such a way that you can use the app or take prints even while using phone data. then I'll give you 10 out of 5 star",26.3.1.6772,2026-09-16T08:29:05,global,Google Play,0
35bf8823-7db6-4164-bbb9-791084f7e17d,EBELU ISAAC,3,,very good,26.3.1.6772,2026-09-16T08:26:15,global,Google Play,0
0a804119-f17a-401d-9e16-89ef5c2eccae,Lionel VANOT,1,,ne fonctionne pas très déçu sur mon téléphone,,2026-09-16T08:13:51,global,Google Play,0
8c50f2f3-3647-4054-bcec-e267801f6af6,Maria Eugenia Chira Cruz,5,,su uso es fácil lo malo que cuando se desprograma es una poco difícil volver a activarla lo bueno que saca unas copias muy buenas.,26.3.1.6772,2026-09-16T06:48:59,global,Google Play,0
bed3cfe9-de7f-4ea3-9d89-beaf72c537de,Gonzalo Cazares,5,,"Finally, I am caught up with the times!",26.3.1.6772,2026-09-16T04:15:32,global,Google Play,0
21162a5a-753c-411d-8ed9-2b6b6c73dbd6,AVINASH KUMAR,5,,good,26.3.1.6772,2026-09-16T02:41:06,global,Google Play,0
75eb7f71-da02-49cb-96f5-832b989fc36d,Honest Review,1,,You want to use our app? Download this app we have! Want to use this one then you need to download our other app!,,2026-09-15T23:49:21,global,Google Play,0
71c8bbe8-9df3-4dc5-b2e3-0f43d490ef88,Kathryn,1,,This app used to work but now it won't connect with my phone,,2026-09-15T23:11:51,global,Google Play,0
95c0a5a0-5a00-46e9-9a74-dde968aa78b6,Manuel Ignacio José Calle Calle,4,,me parece muy bien,26.3.1.6772,2026-09-15T22:37:26,global,Google Play,0
3275c797-4404-470d-ae0f-98293dfb6522,Daniela Barbieri “Skywalker”,5,,"Sono una ""zappa"" informatica opportunista: imparo a fare, da sola, solo ciò che mi occorre; ed app me lo consente. A prova di primate.",26.3.1.6772,2026-09-15T21:46:03,global,Google Play,0
dcb2cda7-3c70-460c-b3d3-bc8920c8997c,proyectos geniales camilo Mazo Gonzalez,5,,excelente impresora solo saca carta a blanco y negro pero fotocopia escanea he ahorrado muchísimo dinero en papelerias,26.3.1.6772,2026-09-15T21:39:37,global,Google Play,0
e16646f0-10ec-4324-a38d-a5bbbde54985,giansbronzo smilzo,5,,Perfetta,26.3.1.6772,2026-09-15T21:14:44,global,Google Play,0
507b195f-390a-4492-9307-2a0d951b8f45,Caroline HOUNKPETIN AVOHOU,5,,très bon comme appli,26.3.1.6772,2026-09-15T20:57:29,global,Google Play,0
8d5d7834-d0a3-4746-acfc-1f3e47cd73f3,Chioma Okoro,5,,hp is the best,26.3.1.6772,2026-09-15T20:45:44,global,Google Play,0
a6e12c25-f985-47ba-9ace-bc98fd6b9b2d,Leobardo Reynoso,1,,malísima mala,26.3.1.6772,2026-09-15T19:33:02,global,Google Play,0
966ce8ba-5215-40a3-856a-617fec7e189f,Zaid K,5,,I love my scanner printer.,18.10.0.5530,2026-09-15T18:36:05,global,Google Play,0
001afacf-c2fa-400a-8395-f089fba8290d,Franz Gillinger,1,,Sinnlos komplizierter Vorgang.,26.3.1.6772,2026-09-15T17:22:18,global,Google Play,0
3df8f78c-d124-43f8-96f7-efee644588a8,Lisette Fabriano,5,,Très efficace et nécessaire à la maison. Merci HP,26.3.1.6772,2026-09-15T17:14:45,global,Google Play,0
06e9a64b-2147-4518-9fa5-c931d1ccfca2,Jane Borofka,1,,"Instead of helping me set up my printer and keeping it that way, this app is a complete setup to force you to buy!",,2026-09-15T16:27:44,global,Google Play,0
6d120095-1565-4a17-b518-a4520dced1c2,Fahim Abbas Reza Mirza,5,,excellent app,26.3.1.6772,2026-09-15T16:24:33,global,Google Play,0
8a878d46-8b78-45cc-ae64-c918f77805de,Luis Olivera,5,,muy buena,26.3.1.6772,2026-09-15T15:29:48,global,Google Play,0
436e4e9b-456b-445b-ba10-fb527427fffc,Jose Bendezu,5,,Its Great,26.3.1.6772,2026-09-15T15:18:31,global,Google Play,0
e12c2d35-00e8-41b2-a3ef-4a8a42955cd8,Victor Gogolev,5,,extremely helpful,26.3.1.6772,2026-09-15T15:18:29,global,Google Play,0
b1a49783-6b6e-4c72-959e-062deca476eb,pawan bandara,2,,bad,,2026-09-15T15:17:29,global,Google Play,0
659eb763-6f82-4d33-9522-3babaf9bb321,Merault Dominique,1,,Ne fonctionne pas,26.3.1.6772,2026-09-15T14:25:25,global,Google Play,0
3b4adc9b-6bfb-4360-8308-13ad900775e1,mapxme mapx,1,,i can't find the information of my printer. the latest version is useless for old printer. Disappointed.,26.3.1.6772,2026-09-15T14:00:46,global,Google Play,0
4d6fe2ee-26b5-495a-9489-75694cd94a00,elisabeth chanteloup,1,,"j'étais très bien avec hp smart. Depuis la MAJ avec cet HP, je ne peux plus utiliser mon imprimante sur l'ordinateur. Vous auriez pu demander l'avis plutôt que d'obliger.",26.3.1.6772,2026-09-15T13:10:28,global,Google Play,0
5ea9905f-fa19-4818-add4-e3ea952358a7,Neal Davis,4,,"inconsistently on-line, can be difficult to use thereby",26.3.1.6772,2026-09-15T12:52:32,global,Google Play,0
4b08abd9-cde9-4881-b5c1-785f6423bf25,Mo Mo,1,,"War bis 2.7. toll, jetzt wird der Drucker als offline angezeigt, obwohl er es nicht ist und Tintenfüllstand korrekt angezeigt wird. Original InstantInk-Patronen lösen Fehlermeldung E0 aus und nichts geht mehr. Der App-Assistent ist völlig unbrauchbar, ""echte"" Menschen nicht zu erreichen. Habe mir nach tagelangen Versuchen einen neuen gekauft.",26.3.1.6772,2026-09-15T12:47:30,global,Google Play,0
68956296-629e-4bb9-8ff0-d57db0401ec1,Felipe Cardenas,5,,rápido y sencillo,26.3.1.6772,2026-09-15T12:32:45,global,Google Play,0
773d7aa4-79dc-4621-9830-4303c92056c3,karine c,2,,bug 1 fois sur deux,26.3.1.6772,2026-09-15T11:25:58,global,Google Play,0
de44c490-628f-46af-8cf1-a0811234eadb,Lewis Ebouboudou,1,,"Je ne comprends vraiment pas comment la branche imprimante de Hp est aussi fructueuse, comme c'est possible que chaque fois qu'il faut se connecter c'est une tâche herculéenne, je déménage et ça me prend 1h pour pouvoir me connecter, comment c'est possible. Franchement je n'ai JAMAIS pu me connecter en moins de 10 minutes à une imprimante Hp, franchement c'est scandaleux",26.3.1.6772,2026-09-15T11:08:05,global,Google Play,0
d2446fd4-d725-4456-b589-b82a5ccac3f1,Daniel Krause,1,,Es fehlen beim Scannen viele wichtige Seiteformate wie z. B. A5.,26.3.1.6772,2026-09-15T10:54:56,global,Google Play,27
e96f6682-904f-4c57-92f0-dc097e394511,M. F.,5,,Sehr gut,26.1.4.6508,2026-09-15T10:53:50,global,Google Play,0
eb8d9ecb-9cdb-408e-938a-5b3aa1d7f5cd,Angela Ziviello,1,,"Applicazione pessima, che peggio non si può trovare. Rimanda continuamente a piattaforma HP esterna collegata, che non si carica. Impossibile quindi verificare le informazioni relative al proprio account Hp (come piano abbonamento, spedizione, ecc.). Una app veramente pessima e un servizio assistenza pessimo.",26.3.1.6772,2026-09-15T10:35:59,global,Google Play,0
6d0cfe22-0394-4503-b50c-f0096bd4d3c7,Makaila Gutierrez,1,,not compatible,,2026-09-15T09:11:20,global,Google Play,0
feb0e58f-4edb-4554-9654-2ef97bd98f25,Imani Sataua (Mani),1,,Mobile fax isn't working. Keeps saying Internet connection issues..,26.3.1.6772,2026-09-15T08:37:28,global,Google Play,0
45c072d3-3b10-4ac6-ad9a-1ab146c3f147,enrico gastaldi,1,,"ho un s22, non i telefoni della nonna. impossibile stampare da remoto, una app da terzo mondo, lenta. bisogna fare mille tentativi di invio stanza.per riuscire solo dopo minuti a stampare, uno schifo. la stampante finirà presto nel cestino e finirà il ponzi scheme della hp. fate schifo",,2026-09-15T07:45:51,global,Google Play,0
b700340e-2b85-48c9-96ac-f01f91a9c610,Tomasz Najberg,1,,"Katastrophe, ein mall funktioniert 10000 mal nicht.",17.35.0.5115,2026-09-15T07:34:22,global,Google Play,1
e6e702a9-5ff4-4f16-828a-bfb374525087,robert haertl,5,,Alles okay,26.3.1.6772,2026-09-15T07:33:34,global,Google Play,0
c1a01450-6050-4469-8055-ee3f9e056e19,Mimi France,1,,"c est très très compliqué, pour avoir des impressions et rester sereine c'est l'enfer !",26.3.1.6772,2026-09-15T06:37:22,global,Google Play,0
ba42301c-2c5f-452a-97b7-d3986076af77,José María Guerrero,5,,Aplicacion muy util para el trabajo diario,26.3.1.6772,2026-09-15T06:09:38,global,Google Play,0
601fd34e-1c30-4304-b763-82f19196ad3a,Michael Naumann,1,,"Recent version throws ""scan unsuccessful"" error with my HP OfficeJet 3830. App is working fine on iOS and macOS. What has improved: - selected export format is retained - selected size for scanner glas scans is retained. - can be used without being forced to register with HP Still bad: - Start page is full of spam while in older versions you could have a single task, e. g. ""Scan"".",26.3.1.6772,2026-09-15T05:16:00,global,Google Play,18
9428e200-dd0c-4dcf-95f7-8bfbe8b26fd6,Jean Vela,5,,iniciando las primeras pruebas y todo excelente!,,2026-09-15T05:14:42,global,Google Play,0
81718491-d093-4d4d-94d7-bd941830c2aa,Damián,1,,"No permite hacer nada más que ver publicidad inútil, regresen la app anterior",26.3.1.6772,2026-09-15T04:56:58,global,Google Play,0
d2abc85b-ead4-4fc8-a835-c290b5776157,Jose del Rosario Baeza Perez,5,,"una basura de aplicación, no se porque compre hp",,2026-09-15T04:51:26,global,Google Play,0
3a55fd53-67ce-4c26-9d98-c7f4fdf356bc,GREENHOUSE LANDSCAPE LLC,1,,The app doesn't work with my HP laser jet M120w,26.3.1.6772,2026-09-15T03:00:39,global,Google Play,0
2916030a-cfea-4421-b32b-5777eaa85c32,Armandini GaRe,5,,excelente todo genial y perfecto,26.3.1.6772,2026-09-15T02:53:39,global,Google Play,0
293deada-f578-4937-b352-2456f56c4907,Matias Cabañe,5,,"es espectacular la app, puedo operar la impresora completamente desde el celu, la recomiendo",26.3.1.6772,2026-09-15T02:28:37,global,Google Play,0
996985cc-a439-40a0-ac32-f0363f59f8ef,Ramona King,4,,not always has troubles but sometimes,26.3.1.6772,2026-09-15T02:10:57,global,Google Play,0
4f9bbfdd-76b1-42ae-9d20-2a94b2600776,DIEGO JUSTINIANO,4,,hace un buen trabajo eficiente y muy rapido,26.3.1.6772,2026-09-14T23:23:08,global,Google Play,0
ccb12e94-aeca-45f8-9fe0-f14b6264e79e,Andreza Cristina,1,,"o aplicativo e vago, não consegui instalar minha impressora pelo celular, eu tenho que ter um notebook para está instalado a impressora.",26.3.1.6772,2026-09-14T23:22:58,global,Google Play,0
45e79769-5205-45bd-97c4-a723aec68643,LaShonda Steward,1,,app will not run. I have tried numerous of times and still won't work.,26.3.1.6772,2026-09-14T23:14:20,global,Google Play,0
021c52f6-13bd-4d5c-b9e7-28393adc1242,reginaldo,5,,boa,,2026-09-14T22:40:56,global,Google Play,0
07b8b5b7-046d-48d1-bc6e-48caba7e1e2d,Flora Nogrady,2,,"doesn't let me select multiple photos at once to print, and when I manually told it to print a photo, went back, told it to print another, it forgot everything between the one it was in the middle of printing and the last one I asked while it was doing so-- meaning there's no queue, either. AND now, literally as I'm typing, it gave up and spit out a page half printed bc the app closed while typing this. I can't even close the app once I've sent the job to the printer!?!?",26.3.1.6772,2026-09-14T22:27:37,global,Google Play,0
270e2593-6222-4365-aa81-41a33c6d8f0d,Carlos Paredes,1,,"pesima aplicacion, imprime cuando quiere",26.3.1.6772,2026-09-14T22:26:51,global,Google Play,0
1044e781-35ff-4a82-995b-c72984f25eb4,Roselia Bianca,1,,"a impressão é muito, lenta. agora só dá erro de impressão, não tá imprimindo nada!!!",26.1.4.6508,2026-09-14T22:24:17,global,Google Play,0
3f786a2d-beef-4314-baa8-4a63907a752c,Giuliano Pacheco,5,,super,26.3.1.6772,2026-09-14T21:56:06,global,Google Play,0
8ad6d225-b533-40dd-87a5-f5fe7b4f97fd,Maeli,1,,"HORRIBLEEEE la peor aplicación que puede existir...tengo una smart tank 580 y esta aplicación es una completa 💩...no deja scanear, es super lenta, básicamente debo estar encima de la impresora para que agarre conexión, tarda demasiado en imprimir los documentos enviados desde el tlf y ni hablar de imprimir imágenes, casi nunca deja y hay que cambiar el formato a documento -10 si pudiera",26.3.1.6772,2026-09-14T21:28:24,global,Google Play,0
02cfed1f-ee17-4149-8281-02bded748e1c,Omni Haynes,5,,Convenient to own,26.3.1.6772,2026-09-14T20:55:34,global,Google Play,0
0d96d606-4f00-40cd-b4b0-7bc2944f5ad4,Simon Ses,1,,have hp 2700 and both the printer and app are abysmall working when they find it fit. never again hp. update it s even worse unable to remove the printer from my account and calling support doesnt work as it tells me to login again before the call despite being logged in. The whole company is a scam,26.3.1.6772,2026-09-14T20:43:03,global,Google Play,0
695456f7-3873-4909-8629-18c3d9639667,Sarah Burlingame,1,,Need to install another app to have it do anything. Apps for days just to try to print a page.,26.3.1.6772,2026-09-14T19:33:46,global,Google Play,0
1efe7923-29fb-414b-95ab-0707d2e2baff,Vévê PASSION,1,,impossible d'imprimer,26.3.1.6772,2026-09-14T19:00:11,global,Google Play,0
42b1af6e-347f-4521-ae0d-716145aff3c5,Healthy Lucy,1,,very unintuitive! I've wasted lots of ink and paper so far!,26.2.0.6624,2026-09-14T18:20:39,global,Google Play,0
0d6307ad-91ce-49dc-9459-60a7df05d867,Joaquín López Valenzuela,5,,buena marca,26.3.1.6772,2026-09-14T18:19:36,global,Google Play,0
472630c6-ecf7-465a-9b87-1d30fcf8d25f,Ana Millan,1,,"Imposible, no hay quien escale una foto o cualquier otra imagen o documento, muy limitada",26.3.1.6772,2026-09-14T17:36:38,global,Google Play,0
0659e221-69bc-41ac-899e-384f8c01cf94,Ryan O,1,,Not a user friendly app nor is the wifi printers user friendly to get set up to work with this app.,,2026-09-14T17:16:31,global,Google Play,0
50662bb7-3a7b-4c57-a6f4-c3c6704e4396,Bernard Moench,5,,cool,26.3.1.6772,2026-09-14T16:08:01,global,Google Play,0
2e02ff24-61fc-43ff-af00-7bf7c879abb5,francisco sanchez,1,,"funciona cuando quiere, tengo que pelear todo el tiempo para imprimir o escanear algo, siempre se queda cargando y varias veces no carga ni la pantalla de inicio.",26.1.1.6403,2026-09-14T15:57:20,global,Google Play,0
7959c39b-4b04-4535-87fa-c57fe7e4eea0,Robert Hall,1,,sucks using with android,26.3.1.6772,2026-09-14T15:12:52,global,Google Play,0
e9b0ef3f-746c-47e9-9828-6a929228af0a,cat,1,,it doesn't work it doesn't allow me to connect my printer this is one app that I hate but I love the product but the app is trash!!!!! to the developer it doesn't even allow me to connect my new printer this app has been trashed for a long time and it's still trash,26.3.1.6772,2026-09-14T14:40:13,global,Google Play,0
68b9a191-10fb-4a1a-a8fc-61cdf7b5878b,Jesica Campbell,1,,"app never works! Its just a blank white screen. I've used hp for years with no issues, but recently there's been nothing but issues; with the app and their printers! Going downhill fast!",26.3.1.6772,2026-09-14T13:59:58,global,Google Play,0
0ef0cbb7-5ad0-4161-82b9-eff8183b8bc9,Erik Marhoffer,1,,"Ob die App funktioniert oder nicht ist Zufall. In den meisten Fällen, wird aus dem nur kurz was Scannen oder drucken ewiges mit App ärgern, auf verschiedenen Geräten ausprobieren usw.",26.3.1.6772,2026-09-14T13:55:10,global,Google Play,1
efbafbb7-8fd2-4a82-8cf1-f418d2465fd9,Eike Janssen,1,,"Ein richtiger Schritt das ""smart"" aus dem Namen der App zu entfernen. Denn smart ist hier gar nichts. Stürzt ständig ab.",26.3.1.6772,2026-09-14T13:35:18,global,Google Play,1
17358c79-888a-4345-8a58-bf25742dc376,Marcelo Bonafina,1,,"no sirve, hay dias que funciona y hay dias que no.",18.10.0.5530,2026-09-14T11:29:15,global,Google Play,0
4a8d533c-dd5e-4245-846d-a7ee802edc41,Sven W,1,,"Grauenhaft, will ständig Tinte kaufen. Als Lichtorgel würde der Drucker sicherlich volle Punktzahl bekommen aber so nervt das ständige Dauern bis mal Verbindung da ist. Und trotz Verbindung will er nicht scannen",26.3.1.6772,2026-09-14T11:08:29,global,Google Play,1
ff5b73f7-a878-4d73-a057-5bbdce1c4cba,Chris,2,,Application lente et trop alambiquée pour faire fonctionner de simples imprimantes domestiques.,26.3.1.6772,2026-09-14T11:06:33,global,Google Play,1
1d002e40-607c-461d-95ed-e2db347d6ec2,Lizette Van den Broek,3,,"ik krijg alleen maar Wit scherm ,tis helemaal kruk",26.3.1.6772,2026-09-14T09:35:53,global,Google Play,0
3a7cab39-cd95-4585-ac6a-9ced7925a950,Xanara CC,5,,De momento lo que he usado es fácil e intuitiva. Si tienes algún problema te guía paso a paso y con la aplicación del móvil lo haces todo desde la app. Me gusta. si tengo algún problema actualizaré 😌😉,26.3.1.6772,2026-09-14T09:02:01,global,Google Play,0
8f6ca4f7-ea5e-4b23-87d0-7c659d2df4f9,Samir Tembhurne,5,,nice,26.3.1.6772,2026-09-14T08:07:10,global,Google Play,0
242ec65e-d419-44db-b84e-d952fd0bb9e7,Ajmal Imal,5,,beste App,26.3.1.6772,2026-09-14T07:34:38,global,Google Play,0
3d9b7725-3cb7-4dff-be8f-a29d5bd4f04e,Anil Chauhan,5,,good quality,26.3.1.6772,2026-09-14T04:00:37,global,Google Play,0
784c9a5a-1fb7-448b-99a8-4880052ae902,Cerebral Debris,1,,Annoying,26.3.1.6772,2026-09-14T03:44:06,global,Google Play,0
636b0987-406a-4c03-931e-255e562cbb84,M S,1,,There is no option for scan ID both sides on a one page,26.2.0.6624,2026-09-14T03:40:23,global,Google Play,0
fdba5b26-fdf3-4bd1-9e56-9662f1abc0c5,Thor Labos,5,,Faster than I expected.,20.2.0.6076,2026-09-14T02:04:02,global,Google Play,0
901f54d8-29b6-4a35-8900-2f0671b6b408,George M. Jeffers,2,,"Bad app, Good products...",26.3.1.6772,2026-09-14T01:32:04,global,Google Play,0
a3622cf9-834b-4479-afbc-3d05e0279950,Paul d'Poulpe,1,,"I bought an HP 580 printer hoping the American app would be better than Epson/Canon, but totally disappointed. The UI is poor, confusing to use and difficult to read the button texts, especially the print preview configuration. Can't save print settings so we have to repeat each time we print new documents or photos. Don't buy HP printers.",26.3.1.6772,2026-09-14T01:20:02,global,Google Play,0
5080d69c-9eaa-4b96-9403-a498e97f2f4f,ZZ Awning Services LLC.,1,,app doesn't work anymore. truly frustrating that I have to delete the app and re-download it to print. looking at reviews and everyone else is having same issue. Why isn't HP addressing the app issue already?,26.3.1.6772,2026-09-14T01:17:05,global,Google Play,0
9d8d298c-9a5b-4b73-9886-52389ce9b836,Tim Stephens,1,,the printer is a big headache to use,26.3.1.6772,2026-09-14T00:40:11,global,Google Play,0
78b6ea49-c010-4b24-8150-b54ac655b71e,Gercirene Vargas da Silva,5,,"perfeita estou amando,essa impressora é maravilhosa tem abençoado a minha vida e estou economizando bastante, só me arrependo de não ter comprado antes, e o ponto maís importante pra mim o quanto ela é fácil de manusear,top dimas",26.3.1.6772,2026-09-13T23:03:51,global,Google Play,0
ead72e3a-6a9e-4fec-8571-c9cf8eeff03e,Héctor Bosch Dalmau,5,,Herramienta para trabajo Excepcional! Súper contento!!!!,26.3.1.6772,2026-09-13T21:07:54,global,Google Play,0
bf9f4397-9ee1-4156-9e06-ff688bd32154,Christopher Hanke,1,,dreck,26.3.1.6772,2026-09-13T20:38:59,global,Google Play,1
661f60cc-a6d2-41c4-854a-b9a60a8a6ca6,It'sme,1,,this has not worked,26.3.1.6772,2026-09-13T20:31:14,global,Google Play,0
e2b3e8a6-b1c3-449c-accc-c036ea9b7fcc,Felix Carreno,5,,excelente y muy práctico,26.3.1.6772,2026-09-13T19:18:22,global,Google Play,0
344569e1-5187-4e68-bfcf-65e731063103,Adriano Della Puppa,1,,"la nuova app non funziona, il nome non si cambia, per ricevere materiale gira a vuoto e.. RIPROVA PIÙ TARDI. Meglio la vecchia",26.3.1.6772,2026-09-13T19:14:05,global,Google Play,1
3b185a8e-f3c0-4e5f-a003-e1b0da5fd1a1,SANTIAGO LAGO SÁNCHEZ,1,,no puedo conectar a mi wifi. me dice que no es adecuado. la compré expresamente para conectarme a ella por wifi. un desastre.,26.3.1.6772,2026-09-13T18:56:43,global,Google Play,0
dde80eae-66fa-46c4-b6c7-e0613dccac62,Kenneth Bacon,1,,"this printer sucks!,it is slow, jams and is the 2nd HP printer I have had like this. I'm going with Epson",26.3.1.6772,2026-09-13T18:02:12,global,Google Play,0
52eaeb17-1b9e-4073-9f57-0f3bb4aa36d0,Divyanshu Singh,1,,hp developers are absolutely stupid,,2026-09-13T17:46:02,global,Google Play,0
7180315d-2a43-4a48-9775-7dd1a3225b52,Chloe Hoerter,2,,It's constantly telling me that my printer isn't connected to the internet and won't print but every time I push the button for an information report it says it's connected with excellent strength.,26.3.1.6772,2026-09-13T17:28:21,global,Google Play,0
254a5f4c-5e9a-4270-8e08-5ff11f8584f7,VortexAndro,1,,"App meravigliosa che è diventata una delle peggiori app di stampa esistente, app che pesa veramente tanto per un app che non deve fare molto oltre stampare eppure non sa fare neanche quello. Caricamenti lunghissimi, poi c'è il problema che nonostante sia carico l'inchiostro non mi stampi a colori, anche se metto colori. App terribile e penosa.",,2026-09-13T17:22:29,global,Google Play,0
14f50281-6dc1-4e26-839f-1f010abe5fbb,Adriano Alexandre,1,,"péssimo, aplicativo cobra pra imprimir na sua impressora com dia tinta",26.3.1.6772,2026-09-13T15:31:58,global,Google Play,0
1525a40e-0aa6-4980-890c-469d08a3ddd2,Manuel Vázquez Sánchez,1,,"Creo que uno de los peores errores de mi vida fue comprar una impresora HP para mi uso particular. Nunca funciona, hay que abrir sesión 20 veces, tira 3 o 4 folios de configuración, porque como nunca funciona, la tengo que reiniciar y vuelve a sacar la página de prueba. La app se queda parada cargando. Una auténtica basura...",26.3.1.6772,2026-09-13T15:10:36,global,Google Play,0
c5ca1139-e966-485b-a99b-c2c6d6df1516,Mustang Vst,2,,On older version I could crop rotate and resize. Now there is no resize so every small print document Comes as a full large A4 print.,26.3.1.6772,2026-09-13T14:46:49,global,Google Play,0
6d5299a2-912c-4f32-a80f-f3c67b1c30f5,Marina Lobbezoo,1,,"Super slechte app, extreem veel storingen en verbinding problemen. Spijt van de koop.",,2026-09-13T12:02:31,global,Google Play,0
907eb2c8-8d5f-446e-8929-9519732013ee,Jorg R.,3,,"Handige app om je HP-printer te beheren, maar de verbinding en synchronisatie werken helaas niet altijd goed. Het koppelen kan soms lastig zijn en de app reageert af en toe traag. Als alles eenmaal gesynchroniseerd is, werkt de app verder prima.",,2026-09-13T12:01:56,global,Google Play,0
0932341c-8dac-485c-b48a-430ad9067578,Martir Demiri,5,,perfect,26.3.1.6772,2026-09-13T12:01:12,global,Google Play,0
a3c48f56-1a25-48b7-a731-2d6cbd372b8d,DENILSON ALVES SOARES,5,,muito bom,26.3.1.6772,2026-09-13T11:53:42,global,Google Play,0
7f5bb549-33d8-4e9b-87ba-fb2c319c9577,Mark Sze,2,,"Skalierungen und 2:1 Seitendruck, ect. bitte ergänzen. Als Druck-Werkzeug konzipiert wäre mit der App mehr möglich. Stand heute - die App lässt sich gerade nicht öffnen. Update-Bug?",26.3.1.6772,2026-09-13T10:48:45,global,Google Play,0
9c9db717-c0f6-4076-be34-bc9b50dbae2f,Sylvain,5,,"Je déconseille cette m.a.j ! pour ma part je suis resté sur l'ancienne version hp smart et tout fonctionne tres bien contrairement aux personnes autour de moi. Côté développeur c'est le silence, bref navrant !",18.0.1.5354,2026-09-13T10:39:17,global,Google Play,0
62f6b2df-b93a-4936-91cd-8ec696ab8a26,Peggy Mäser,1,,keine Verbindung mehr zum Drucker möglich,,2026-09-13T08:57:53,global,Google Play,1
2df0b9a5-4638-42ad-9586-e7a08331d984,shivi tyagi,1,,very very very very. badb very very very very very very very poor,26.3.1.6772,2026-09-13T08:57:27,global,Google Play,0
b7ee726e-2f0d-4ce0-8d03-59f016a4e3e6,Lorena Jojo,2,,Avant je me connecté sans problème maintenant il faut que je créer un compte hp pourquoi,26.2.0.6624,2026-09-13T08:47:51,global,Google Play,4
33277c86-7d63-4a30-8b33-fce8d84296f8,SAAGAR JHA,1,,"earlier version of HP app had option for OCR in PDF during saving of file after scanning. However, this option is NOT available in this app. Please make this option also available.",26.3.1.6772,2026-09-13T06:12:09,global,Google Play,0
51d1a5bd-88d4-4fcc-9371-95d1173d5699,Pankaj Arora,1,,duplex option missing hp 202dw printer,26.3.1.6772,2026-09-13T05:56:29,global,Google Play,0
42d4363f-b167-464f-86df-434a78289e8f,Donna DiTuri,1,,"App does not open, just see a white page. I used to see my printer and could scan from my phone, save it and email. Now nothing.",26.3.1.6772,2026-09-13T02:23:18,global,Google Play,0
507d16e9-6e8a-4613-ad84-b902002899f4,Sportsquid,1,,HP is an evil company that will nickel and dime you on ink plus spy on your network with their always on printers. Crazy I need a separate app to print when other brands just work directly with android.,26.3.1.6772,2026-09-13T01:23:40,global,Google Play,0
efc81fd8-7fae-482c-8de6-f174432a8c43,Andrew stice,1,,it's not working for me and it's making it hard for me to use it and I am not going to pay for it to have a app that is not working for me,26.3.1.6772,2026-09-13T01:09:03,global,Google Play,0
8e7aeee8-26c1-4d31-9ccb-b3e4365f8d2a,Conner Gordon,2,,"if this worked, it would be incredibly adequate.",26.3.1.6772,2026-09-12T23:25:17,global,Google Play,0
fb9619ee-f0c7-414c-8054-880f8f4460f6,Jesse,1,,it's difficult to use and there are limited settings compared to the desktop version,16.10.0.4315,2026-09-12T23:15:29,global,Google Play,0
cb7c0e00-7062-4d1f-a60b-8b7e0ecb2303,Beatriz Santibáñez,1,,"No funciona, arreglenla por favor",,2026-09-12T23:11:56,global,Google Play,0
477dfff5-7ae9-4484-84ad-8b4320261405,Joshua Cruz,1,,"Garbage App. Garbage printer. Garbage company. It's all garbage. Connected once by phone, printed out a blank piece of paper, kicked me off and blocked access. Why? Why are printers always like this when you need to print a simple shipping label in a pinch?",26.3.1.6772,2026-09-12T21:48:11,global,Google Play,0
f6f1c749-1555-4b8a-b354-563e9d4e9032,Gina González,2,,complicada...siempre deberá tener Internet para usarla?,26.3.1.6772,2026-09-12T20:55:21,global,Google Play,0
38416bad-25ff-4c6b-b094-51bec365e2ea,Elias D,5,,good,26.3.1.6772,2026-09-12T20:28:58,global,Google Play,0
9b7a89e1-4f55-4126-95d7-5145967f5e18,Bernie Strebel,1,,did not work at all,,2026-09-12T19:55:40,global,Google Play,0
eafec81d-1964-4819-a0bf-d0693f4f8f1d,Mariana Oliva,2,,"En la última actualización saco muchas cosas, como que la selección de páginas es más lenta, y menos intuitiva, no se puede seleccionar bien el tipo de papel solo estandar, por eso se imprime mal lo que está en calidad foto y se volvió muy lento también.",26.3.1.6772,2026-09-12T19:16:42,global,Google Play,0
af9ff579-67b9-4697-b1b5-9594d47f04d4,Betty Keys,5,,love hp electronics,26.3.1.6772,2026-09-12T19:01:59,global,Google Play,0
02dc7cc1-4582-4871-9c23-08f1118c28d7,Twyla Friend,2,,app doesnt open..its garbage,,2026-09-12T18:11:18,global,Google Play,0
d793d4af-5a46-4a6e-93af-c0516258237c,Aleigha Desiree (Lea),1,,"ever since HP, my printer has become useless. I cannot reach hp support, they sent me an unnecessary new printer when I've already got my own printer, all I wanted was to print missing cat flyers for my children, i never ran out of ink or paper, but hp still locked down my account, making my printer useless. CONSIDER THIS A WARNING TO NOT EVER CONNECT YOUR PRINTER TO HP. USELESS.",26.3.1.6772,2026-09-12T17:10:32,global,Google Play,0
ff8f661d-e52c-474e-a396-03bad55c2d06,Erik Strunk,1,,"Der allerletzte Müll, das war der letzte HP Drucker. Mit der ""neuen"" smart App läßt sich kein wireless Betrieb mehr beim 3750 einrichten. HP: Absolute Vollidioten. Nie wieder!",26.1.4.6508,2026-09-12T17:10:15,global,Google Play,1
ba435c94-9d43-4347-8135-e7f3d0037265,Trevor Christensen,1,,"I recently bought my first printer, I was told HP was good. Now, I can't even connect to my WiFi and it takes several tries to print one image from my phone. I'm very disappointed in this app and this printer. I will likely never buy HP again, and I hope others don't either.",26.3.1.6772,2026-09-12T16:21:04,global,Google Play,0
b2767088-0f11-474f-a8d7-05718b4f8276,Reginaldo Alfredo,5,,precisa um pouco de paciência para encontrar as série compatíveis,26.3.1.6772,2026-09-12T15:52:44,global,Google Play,0
c42f6012-a03c-4f5f-bfeb-fc4ebba4e327,Kaiyi goh,4,,after updates... App will sometime hang when scanning,26.3.1.6772,2026-09-12T15:39:04,global,Google Play,0
14d2e68a-634e-4659-8ab7-2ce6669cd250,Robert Bright (Robbie),1,,app broken . opens to blank screen,26.3.1.6772,2026-09-12T15:11:40,global,Google Play,0
deb993af-fdec-43cb-8156-48ac5cfe559a,Moin Khan,1,,good service,12.0.1.4041,2026-09-12T15:10:48,global,Google Play,0
ede20276-9bc6-4dde-9bd1-8ea7d4a89a02,willy,1,,"bug,nul",26.3.1.6772,2026-09-12T14:54:12,global,Google Play,0
07f3cf9e-8231-404e-b7a4-ee5e5b57e457,Helen Richards,1,,"Useless, just like the printer.",26.3.1.6772,2026-09-12T14:43:04,global,Google Play,0
74c12222-cdd6-4f97-be1a-ec70329bffba,Um usuário do Google,3,,Necessita nova versao e nova interface,26.3.1.6772,2026-09-12T14:28:27,global,Google Play,0
ed97ae31-2f2c-4b8f-954b-4a2cc2243ab4,Stilijan Kolev,1,,App gets stuck a lot. UX is also quite bad.,26.3.1.6772,2026-09-12T14:16:28,global,Google Play,0
1d84ada6-233f-4477-920d-c46ec5f1e86a,Chander Bhan,5,,Excellent App,26.3.1.6772,2026-09-12T13:50:15,global,Google Play,0
c954bef8-cb3a-4418-98e3-694866bdc5ef,Jesús Losada,5,,buena.,26.3.1.6772,2026-09-12T13:40:12,global,Google Play,0
2b5a014e-7f0e-42d3-b3da-83a3f0a3c473,Bhavya Gupta,2,,the printing was not working at al all was coming blank i had to download it again,26.3.1.6772,2026-09-12T13:19:16,global,Google Play,0
8f71248b-94ab-43d6-a7aa-3d331dd83986,Abdou Mahibou,4,,facile,26.3.1.6772,2026-09-12T12:55:47,global,Google Play,0
a4bed8fc-3778-421a-9c0a-cd2b7862878e,del french,1,,app is next to useless keeps crashing,26.3.1.6772,2026-09-12T12:41:45,global,Google Play,0
70ac4d50-e238-44bb-9a03-3a523a8dec5a,Alex,1,,"Llevo dos dias enteros para configurar la impresora y sigue sin configurar, logre configurarla. Y cada vez que la uso tengo problemas. Ahora no escanea la impresora solo la cámara del teléfono. Para eso ya estaba el teléfono no hace falta ninguna aplicación hp. Hoy 12 09 2026, he tardado 2 horas para escanear 9 páginas.",26.3.1.6772,2026-09-12T12:11:26,global,Google Play,5
fdad7f85-ce7e-4206-9460-fbb34194633a,Gregory Benjamin,4,,UI has lapses. Emailing scan to self should be easier. Scan settings not in obvious location. Built in ads annoying. App got confused about WiFi connection status. Auto cropping on scan is overzealous. Overall good scan quality at 300 DPI.,26.3.1.6772,2026-09-12T11:21:14,global,Google Play,0
94e19226-ab60-4e9d-ab38-51b73ab1865b,Shinchon Doraemon,2,,"previous version is excellent like Hp smart app ,this version make lot facing wifi connection issues..",,2026-09-12T10:28:19,global,Google Play,0
c388eb58-6158-4b85-8e43-8887643aafca,Oliver Schömann,2,,"An sich stellt HP richtig gute Drucker her. Ohne die katastrophale Software wären sie allerdings deutlich besser. Hier stimmt wirklich gar nichts. Zäh wie Gummi, extrem umständlich, findet ständig Drucker nicht und die zwanghafte Anmeldung hätte man sich auch sparen können. Eine derart schlechte Programmierung findet man sonst nur bei deutschen Behörden.",26.3.1.6772,2026-09-12T09:37:48,global,Google Play,1
bec59586-965d-4c5f-b3dc-989f9ec08514,Engin Ay,3,,Application is too slow. Sometimes the printer does not recognise by application.,26.2.0.6624,2026-09-12T09:33:41,global,Google Play,0
b524f703-6f9c-4882-a18c-ccb56ece6649,Becky,5,,helpfully ease of use,26.3.1.6772,2026-09-12T09:11:35,global,Google Play,0
476188a2-6d34-45ee-a633-3c17a7e2a6a7,Marie-France FORNASIER,5,,aucunes,26.3.1.6772,2026-09-12T08:58:34,global,Google Play,0
c0dd8d04-df41-4da3-9693-96ff62163f97,Rameez Fathima,5,,best app for printing,26.3.1.6772,2026-09-12T06:47:22,global,Google Play,0
4f32a2f8-cc11-43fe-bee5-23757b04d171,LAURENT LAURENT,1,,ne fonctionne jamais,26.3.1.6772,2026-09-12T04:29:37,global,Google Play,0
e84d1304-41dc-40f5-a2cf-54302946a558,Phil Browning,1,,"Worst app ever. Just doesn't work. Won't connect, won't redirect. 100% disappointed. HP don't care and won't respond.",20.0.1.5732,2026-09-12T03:46:37,global,Google Play,0
4a93629e-b83d-41fa-85d4-027f694206dd,Sandra Bautista,5,,es la primera vez que escaneo . súper,26.3.1.6772,2026-09-11T22:19:16,global,Google Play,0
51940e02-6491-4edc-a92b-18b5429ebe8d,fabio giberti,1,,delusione continua !! funziona male,26.3.1.6772,2026-09-11T21:05:02,global,Google Play,0
f1282ff3-954d-471b-b4e1-a8ebcab93bfe,Elizabeth Smith,5,,"This works great on phone and tablet. I cannot print off my hp laptop.no ads, yes, yes.",20.1.2.5988,2026-09-11T19:31:14,global,Google Play,0
2446bc41-f712-42e0-b52f-916f8826e604,Matt Layton,1,,"HP is hot garbage. Their software is buggy as hell and they stop ""supporting"" old printers.",16.10.0.4315,2026-09-11T18:55:23,global,Google Play,0
d1ed17d5-0eb4-4911-afc5-d77ee605e153,Ralf Roegner,5,,Ralf Rögner,26.3.1.6772,2026-09-11T17:21:46,global,Google Play,0
d95361e9-5106-44ff-b05c-f7aefa711f4c,maxime bourichetporotablie,4,,gros probleme pour enregistree lapplication chapeau a hp pour toutes ces complications,26.3.1.6772,2026-09-11T16:26:35,global,Google Play,0
459e6217-547c-4c70-b09c-23a3705b7966,Pierre Guibaud,4,,"Très satisfait du rapport qualité prix, malgré une premiere mise en bac du papier photo à l'envers et le forçage du type de papier photo pour lancer l'impression.",26.3.1.6772,2026-09-11T16:25:05,global,Google Play,0
88b9511c-1b75-4588-9c8e-623e2a23a1d9,steve palek,1,,The app used to work great with my HP 5101. I could print stuff easily and quickly. I don't know what they did but printing is now a nightmare. It's hard to get the app to connect to the printer. It's been taking me about a half hour of messing around with the app to print anything lately. It sucks. Thanks HP for ruining a good thing with your garbage update .,26.3.1.6772,2026-09-11T14:45:18,global,Google Play,0
d20a37b7-3e93-4de0-903c-1157adf87a4c,Selvaggia Crema la SPRICHEDA,1,,si blocca,26.3.1.6772,2026-09-11T14:37:43,global,Google Play,0
811aa2ee-11ba-410a-9580-c7d522a5e0c5,Edith LEVILLY,1,,"impossible d'imprimer mon pdf, l'imprimante me sort un tas de pages avec quelques lignes de texte qui n'ont rien à voir avec mon document.",26.3.1.6772,2026-09-11T13:53:54,global,Google Play,0
c0c425f5-2799-499a-aeae-b85afba5122f,Sujit Viswanathan,1,,very poor. slow loading. does not communicate properly with printer,26.1.4.6508,2026-09-11T13:51:57,global,Google Play,0
3ead65ca-4ed1-4fea-bd27-aaca461f2a03,Orlaith Dowling,1,,never connects to the printer. very frustrating. Cannot use the printer more often than I can. Would not recommend,26.3.1.6772,2026-09-11T13:31:08,global,Google Play,0
7507072b-84dd-4b7e-93a7-6d9e3d575169,Zioss Aléisse,1,,"bug beaucoup, fait par des amateurs.",26.3.1.6772,2026-09-11T13:10:31,global,Google Play,0
d168b61e-f3c5-4dc5-8762-a94a59ba8d67,severine medy,1,,"impossible de l'ouvrir, depuis plus jour dès que je l'ouvre j'ai une page blanche et rien ne se passe. avant je n'avais aucun problème. je fais comment pour imprimer maintenant",26.3.1.6772,2026-09-11T12:38:45,global,Google Play,0
6fdeea8d-6ee3-4685-b25a-8effcf2ff1d8,racquelle short,1,,part few days the app wont even load...,26.3.1.6772,2026-09-11T12:00:21,global,Google Play,0
0eaf6b3e-9e6a-4d98-9201-bee2cd6faad0,Jean-Philippe T.,5,,facile,26.1.3.6477,2026-09-11T08:41:55,global,Google Play,0
b23ff628-7078-4764-90a2-42ab9ad3dbb7,Racheal,1,,TERRIBLE EXTREMELY SLOW TIMES OUT WHILE APP OPENS WELL TRIES TO,,2026-09-11T08:28:06,global,Google Play,0
c27ff217-c0f6-480c-a5be-58b677a79fe7,Joshua Hulo,5,,Very useful. So convenientand user friendly.,,2026-09-11T08:20:59,global,Google Play,0
fade2d93-1cc1-4d6a-a16d-2fd66971c619,Dam's,1,,"application trop compliqué, de plus elle ne trouve pas mon imprimante HP !",26.3.1.6772,2026-09-11T07:49:42,global,Google Play,0
46baae97-976c-4363-b87f-df6d5efabe46,Lalla M. S.,2,,"Ho problemi a stampare dal cellulare, dice sempre che è in modalità sospensione, nn mi piace",26.3.1.6772,2026-09-11T07:12:45,global,Google Play,0
8b6c8a83-580b-4dad-b383-afb5f73332ee,ADRIAN SOLIANI,4,,muy bueno.,26.3.1.6772,2026-09-11T06:52:46,global,Google Play,0
bead86af-d692-4ff2-99ac-2bb0de31fa8b,andres felipe gonzales chavez,5,,gracias de verdad por esta aplicación que es de la marca de mi impresora 🖨 de mo casa y también para que yo pueda imprimir desde mi teléfono conectado a mi impresora para imprimir lo que yo nesecito,26.3.1.6772,2026-09-11T04:20:28,global,Google Play,0
dedd3fd6-0c71-45c6-bc38-cb73c503df7b,Jenny Cob,5,,excelente,26.3.1.6772,2026-09-11T03:21:43,global,Google Play,0
0fe0ec28-ec2f-43b0-87e9-d29e19c5c908,Sim Kim Foo,5,,Easy to use,26.3.1.6772,2026-09-11T02:46:38,global,Google Play,0
5c9c89fb-0bfa-4ebf-abe0-37de1838bbaf,Johnny Doueihi,1,,if I can give this POS app a negative 100 I would,26.3.1.6772,2026-09-11T02:33:39,global,Google Play,0
7a49539b-4856-4b95-b26f-57989c062342,Rogerio Cardoso,3,,esse app tem um problema que muitas images não querem ser aceitas pela impressora mesmo quando transformados em pdfs. é muito frustrante e cause a você a ficar modificando ela ate que funcione e sai com uma qualidade mais ou menos.,26.3.1.6772,2026-09-11T01:51:22,global,Google Play,0
c5c6235b-44a4-46e4-814f-1507af641884,William Marsh,1,,"Quite possibly the most useless app ever. I tap sign in, get a minute of spinning circle, then ""Something unexpected happened."" It never even asks for my username and password! Then again, about what you'd expect from the company that made the printer that can't print.",26.3.1.6772,2026-09-11T01:48:57,global,Google Play,0
59fd5d74-f8e1-4435-a1d9-fcd7fcb71c82,Josh Ricks,1,,"didnt work. ""false claim"" of printer offline.",,2026-09-11T01:27:52,global,Google Play,0
e63aca01-f7b7-4c0f-9901-ecbd7577925a,Aidan Doyne,2,,Intermittent issues,26.3.1.6772,2026-09-11T01:17:20,global,Google Play,0
01c0996e-8d19-4f67-ba82-59067068be08,Derlys Odalier Santos Nuñez,5,,super buna app la recomiendo muy fácil de usar,26.3.1.6772,2026-09-11T00:32:10,global,Google Play,0
87d107ae-c585-4fa3-8a78-3e28feeabe6c,J M,1,,"The HP Smart Tank 7302 is a complete disaster. But the absolute worst part is the utterly useless HP Smart app. When the printer inevitably fails to connect, the app offers zero actual troubleshooting steps—it just tells you to ""reboot your router or phone."" Meanwhile, real engineering instructions (like accessing the IP directly or using specific button combinations to force a reset) actually exist, but the developers didn't bother to include them in the app.",26.3.1.6772,2026-09-10T23:38:37,global,Google Play,0
9cd2b500-302c-4b8f-88ae-280c35df7050,Steevee Stricklin,1,,"App keeps cutting off random photos if I close my phone, refuses to try to print off any photos that aren't 8x10 even if there is the proper paper size in place, crops photos despite not cropping them, won't let me print off more than one document at a time, and this was before AND after the latest update. I absolutely hate that EVERYTHING needs a dumb, unusable app that just takes up space. PLUS, you need ANOTHER app just to run this one! WHY?! Ridiculous!!!",26.3.1.6772,2026-09-10T23:33:43,global,Google Play,0
53660bcd-ce16-45fc-a86a-ac5ea352cd41,Anthony Rum,1,,I have been trying to download the HP Smart app and the HP app with no success. I have change my network and am trying to get my HP Laser printer to print again with no success. What is wrong with HP? Why are your apps so inter woven such that they do not work? Now I am without my new printer!!! Damn.,26.3.1.6772,2026-09-10T22:50:36,global,Google Play,0
d853c8ec-2e2e-4642-bf6e-69f2147a1898,David Chilin,1,,"pésima, siempre con problemas de conectividad, no solo la aplicación del celular, también la conectividad desde la computadora, debe ser defectos ya de los productos HP",26.3.1.6772,2026-09-10T22:49:50,global,Google Play,0
083c070c-29e8-478c-bfe9-c36023809207,Tim Drake,1,,tried several times and it keeps saying error cannot connect my new printer to my desktop computer app. is BS,26.3.1.6772,2026-09-10T22:46:48,global,Google Play,0
8209d774-d442-416b-93b1-8ae201c13f5c,Jaynis T,1,,"""Updated,"" but still will not connect to my printer no matter how many times I try. The printer is on the network, I'm on the same network, the phone is beside the printer, the app finds the printer after several search attempts, but failure to add the printer every time.",26.3.1.6772,2026-09-10T21:14:05,global,Google Play,0
a0da247c-997c-4184-b622-48804954525b,Paolo Canepa,1,,NON FUNZIONA PIU' NONOSTANTE LA ABBIA DISINSTALLATA E POI INSTALLATA NUOVAMENTE. E QUINDI ADESSO COME FACCIO A SCANNARIZZARE DEI DOCUMENTI ;-(,26.2.0.6624,2026-09-10T19:32:31,global,Google Play,0
0c97358f-6cc0-4376-b780-b270b9dd9b41,Chester Castillo,5,,very beginner user friendly.,26.2.0.6624,2026-09-10T18:59:20,global,Google Play,0
9197d2bb-ac6b-4ca8-bd64-eeb585d18261,Brit Nicholls,1,,Barely works.,26.3.1.6772,2026-09-10T18:44:43,global,Google Play,0
9330a958-9259-4f5f-871b-274b4266b1ab,Javier Serrano,1,,la peor app del mundo. es inmanejable. nunca se abre bien. continuamente está pidiendo hacer logon. y esta diseñada de pena (si soy elegante),26.3.1.6772,2026-09-10T18:41:42,global,Google Play,0
9e8355ac-09a7-477e-afc1-0cb692b75c17,Alma Delia Omaña Sánchez,1,,se traba la aplicación,26.3.1.6772,2026-09-10T18:40:00,global,Google Play,0
300f87c5-f740-4d5a-824e-889d81225a08,Antonio Silva,3,,farei 3 e se funcionar eu volto Aki e dou até um milhão de estrelas pois hoje e difícil um que preste vamos ver esse.,,2026-09-10T18:37:50,global,Google Play,0
0d2954f3-2e77-4859-922e-da21b6303081,Chilvy,1,,"no carga,no es intuitiva, es mucho peor que hpsmart",16.5.1.4270,2026-09-10T18:27:37,global,Google Play,0
7f90789b-0a42-4c54-94cc-c0dd34d7f0b2,Alba Davico,1,,la impresora no se conecta a mi wifi por más que reinicio,26.3.1.6772,2026-09-10T16:52:43,global,Google Play,0
d4573b07-912b-4d3f-869f-a3d9c4c4cd05,Tom,1,,heel gebruikersonvriendelijk,26.3.1.6772,2026-09-10T15:51:40,global,Google Play,0
3f7073db-0b04-4d2b-97dc-dc4b7d09d263,Juan Diego Pérez,1,,"I can't believe you made me purchase a laser printer and then I bought the toner and drum (which are expensive) and nothing works, it keeps printing wrong with many phantom toner. Seems like I'll have to but the internal component which is very expensive and hard to install. So if I don't replace the whole printer then I won't be able to print again in laser? Disappointing brand",17.30.1.5049,2026-09-10T15:42:38,global,Google Play,0
f8d2c0fa-deb5-4a59-a8d4-2da8121cc5ad,Surendra Jangid,1,,👌,26.3.1.6772,2026-09-10T15:00:36,global,Google Play,0
34abac44-1949-44ea-b770-d056eac9959a,Susann Penther,5,,"Das Scannen über W-Lan ist etwas langsam, aber es funktioniert gut, auch mit mehreren Seiten in einer Datei.",26.2.0.6624,2026-09-10T14:32:38,global,Google Play,0
ab377562-97f7-4f5c-b92e-3523efc66d18,Michel Van Zanten,1,,als ik de app instaleer dan werkt hij en 1 dag er na krijg ik alleen een wit scherm en verder niets,26.3.1.6772,2026-09-10T14:27:47,global,Google Play,0
72462088-865c-4c5a-9267-23b61a464a5a,Arley Jesús Barroso Gutiérrez,1,,"This is the absolute worst printing experience I've ever had. My printer is connected to the internet, and so is my phone, both on the same Wi-Fi network. Despite this, the printer is still showing as unavailable. Printing should be easier. I will not recommend this app.",26.3.1.6772,2026-09-10T14:21:51,global,Google Play,0
0e06e326-2a25-4648-9256-190183bea650,Kris Garcia,1,,"más de 2 HRS y no se puede imprimir, soporte de whats no contesta más de 5 HRS, llamadas no enlazan. si pueden no compren impresoras HP.",26.3.1.6772,2026-09-10T13:23:36,global,Google Play,0
523a7779-96f7-48dd-8753-0b0851c50bdd,Ute Hundertmark,2,,nicht relevant für mich,26.3.1.6772,2026-09-10T13:23:16,global,Google Play,0
9c54c444-e3fe-46a4-8865-0090907fbd22,Markus . K,1,,"Die App hängt sich bei der unbedingt notwendigen Benutzeranmeldung seit 2023 auf.Wie dämlich ist das denn? Testet hier niemand bei HP den ganzen Unsinn? Man braucht, um zu Drucken keine Anmeldung, sondern ein Drucker. der steht hier und druckt nicht, weil die Anmeldung hängt. Empfehlung: kauft Euch nichts von HP. Drucken geht nicht, weil die Anmeldung nicht klappt. nebenbei: Firmennotebook von HP ist schnarchlangsam. auch hier scheint HP kein Top Hersteller zu sein",26.3.1.6772,2026-09-10T13:03:57,global,Google Play,1
40b5366f-8feb-40d3-991d-17e90661131e,vadizal augusto assuncao,5,,10 excelente,26.3.1.6772,2026-09-10T12:08:48,global,Google Play,0
b6817e0b-1527-4e38-b111-51cd60253873,Alberto Sergio,1,,istruzioni lacunose,26.3.1.6772,2026-09-10T11:55:28,global,Google Play,0
5402950b-3ff7-45dc-b784-4e6a9199695f,Guillermo Suarez Capdevila,5,,por ahora funciona perfectamente,26.3.1.6772,2026-09-10T10:21:25,global,Google Play,0
11906eae-dc5a-44bf-9cb9-be8d1b1fe633,ite man,1,,"simple the worst, on Laptop no app no plugin and everythings works.",26.2.0.6624,2026-09-10T08:59:03,global,Google Play,0
5291c69f-18ae-43f4-a6b0-322158d7466e,Animek Animek,1,,"I didn't accept the printer cut my scans documents, The auto edit is off",26.3.1.6772,2026-09-10T05:42:47,global,Google Play,0
11e1d924-1fec-4375-bd42-9fcb705a0bf1,Jorge Gonzalez,1,,Con ultima actullzacion en el celular no deja ahora modificar el orden del escaneado de hojas y adicional en la computadora es lo mismo y no deja mover la ventana de guardado y ahora que cerrar y abrir el programa para volver escaneaf,26.3.1.6772,2026-09-10T03:09:14,global,Google Play,0
5a9e1139-21fc-40e0-b10d-48a00af0884b,Dan T,1,,"No matter what settings I make or change, the HP app will not see or connect to my printer on the same network. I've tried everything possible within the phone, printer and network settings and still cannot connect to the printer. I give up, what a waste of time",,2026-09-10T02:33:32,global,Google Play,0
78ba81c7-c33a-4693-8f82-07a04229f60d,Patricia Moura mioralli,5,,"perfeito, fácil de usar, bem prático",,2026-09-10T01:12:27,global,Google Play,0
89603aa0-06b9-4aac-bbd8-0abfa667f401,Marvin Kissoon,1,,it's useless it doesn't even connect to my phone.,26.2.0.6624,2026-09-10T00:43:11,global,Google Play,0
529ac002-d3ee-490d-a381-721a7e1c308a,Jacob Roe,1,,no phone printing. bulls setup. failure. complete clusterf,26.3.1.6772,2026-09-10T00:10:46,global,Google Play,0
eb9af2ab-72ca-4625-9d0c-eebd50f08d0b,The Mortician,1,,"I thought it was only one printer with this issue. However it is 2 printers, 2 different models and 2 different locations. Jobs sent do not print or only half of the job comes out. The printers wake up to the job sent. Printing from different devices running different versions of Android also do not change this issue. Printers work with computers printing over wifi so it's not the equipment.",26.3.1.6772,2026-09-10T00:10:28,global,Google Play,8
b4d6ebc6-ef2b-4cae-b332-673b56d6bcc0,falah hewary,5,,Fantastic jobs,26.3.1.6772,2026-09-09T23:43:21,global,Google Play,0
34fc6550-eb0e-4922-980b-ea2ebd08953d,Reyes,1,,basura de aplicación,26.3.1.6772,2026-09-09T23:43:20,global,Google Play,0
7687c6f8-27ba-4b3a-a3f8-bf8e25685d57,Danelia Nuñez,5,,"Muy buena aplicación sencilla, intuitiva, y muy práctica",26.3.1.6772,2026-09-09T22:53:54,global,Google Play,0
bdea6c01-e4b3-41f0-84b9-6f73aec41ff2,Tracey Ann Hildebrand,5,,It's good.,26.3.1.6772,2026-09-09T22:28:03,global,Google Play,0
e399fe8d-c836-4f2f-a6fb-84bd7467622a,Eduardo Guzmán BUSTAMANTE,5,,Buenísimo,26.3.1.6772,2026-09-09T20:57:01,global,Google Play,0
0a2e19f7-3794-44f0-8d6f-fdf4f32f8a92,Berenice Zavala,5,,Excelente aplicación,26.3.1.6772,2026-09-09T20:34:17,global,Google Play,0
862e190c-74d8-4a2e-aa65-c515129e5359,Jenny Williams,5,,linda exelente,,2026-09-09T19:26:01,global,Google Play,0
12daeab0-421e-4371-8975-4a7a2b50e7e1,Douglas McPherson,1,,"terrible, doesn't work",,2026-09-09T19:23:45,global,Google Play,0
067990e3-3ccf-4134-9398-d1b5bebd4619,Laura,1,,the worst experience you will ever have in your life,26.2.0.6624,2026-09-09T19:04:35,global,Google Play,0
6fb680eb-4ddc-4e50-832b-38c59d054d52,Jason,1,,"cancelled my subscription, now I can't use my printer! HP IS GARBAGE NOW! THIS PRINTER NOW BECOMES TARGET PRACTICE!",26.3.1.6772,2026-09-09T19:04:10,global,Google Play,0
dca4f472-58a5-40b5-ae07-cf02907b1f77,Walan Mantonelli,1,,"lento , erros constantes",26.3.1.6772,2026-09-09T18:06:10,global,Google Play,0
97e1d037-8436-4281-b370-87500ae1b516,KISSI A,5,,très utile,20.2.0.6076,2026-09-09T17:55:21,global,Google Play,0
a7f238fa-f198-469d-ad11-fc914abe0fd0,Erhard Koch,1,,"Keine Lust, Ärger, schnell was drucken dauert Stunden!!!",26.3.1.6772,2026-09-09T17:53:30,global,Google Play,0
952321b4-5e08-487c-93dd-96f7017c985c,Florin Istodor,1,,NON COMPRATE PRODOTTI HP SOLDI BUTTATI...,26.3.1.6772,2026-09-09T16:52:32,global,Google Play,0
01e72b20-72b7-4340-876a-92d163423b98,Ramin Djamili,4,,hab jahrelang mein drucker mit meinem handy verbunden da wars immer so das es meistens nicht zum drucken ging jetzt habe ich die app entdeckt und muss sagen die ist echt ein lifesaver wollte meinen drucker schon wegwerfen,,2026-09-09T16:39:12,global,Google Play,0
984afb64-d107-41f9-8d96-21e27570f228,Barbara Steward-Goins,2,,printer hasn't been working a lot lately,20.2.0.6076,2026-09-09T16:33:23,global,Google Play,0
2744cc06-c0aa-4d49-b0ea-545c8831ce53,Yvonne Thomas,3,,"At times I can print from this app to my 2 printers and at times I can't. This is a recent problem I've been having. it's very frustrating. please help. I keep having to call HP and the problem clears for a while, but comes back. always saying the printer is not connected.",26.3.1.6772,2026-09-09T16:30:29,global,Google Play,0
60072e8c-66a5-4441-95a6-d0fc38f2e3c6,May Diakite,5,,très satisfaite,26.3.1.6772,2026-09-09T16:28:51,global,Google Play,0
2dba4aba-05d2-4682-b75e-cfa530868f4c,Roque Mario Baeza Valdes,5,,por wifi en el móvil va de maravilla,26.3.1.6772,2026-09-09T15:33:32,global,Google Play,0
1cbec747-75f0-4a35-abb1-8c04e010ec50,Katiane Batista,5,,ótima,26.3.1.6772,2026-09-09T14:54:24,global,Google Play,0
3c72628d-b72a-4743-8f2f-8761943b8919,Vijai SAravanan,1,,working with hp app and printer is like fighting a war. nothing is user friendly and connecting is horrible.,26.3.1.6772,2026-09-09T14:06:31,global,Google Play,0
d1212fd8-2d2a-4f6a-a571-b1851c913ecf,Claudio Mengarelli,5,,me resultó muy práctico tanto para imprimir como para escanear.,26.3.1.6772,2026-09-09T13:14:47,global,Google Play,0
1a6c7216-8df8-49ba-ad06-e46ce7507f80,Martin Sanchez,5,,exelente para.hacer todo desde el celular con tu impresora hp,26.1.4.6508,2026-09-09T13:10:30,global,Google Play,0
2fb67b02-29d0-4cb0-8c28-1683f03963e4,Agniv Das,1,,funny how the app just doesn't have USB connection for setup the printer. if you're not provided a service the how pathetic to have a product that only supports that.,26.3.1.6772,2026-09-09T12:56:30,global,Google Play,0
200a89e6-6ef0-48d7-8958-6742a6dd9c7e,suzette mccormack,5,,Love using the app. Quick and easy to print or scan,26.3.1.6772,2026-09-09T11:41:07,global,Google Play,0
f42b1e06-2a62-4efa-a079-7774459bc8cc,DAVID G. S.,1,,Esto es como el Día de la marmota entra en bucle y no hay nada que hacer por más que sigas las instrucciones.,26.3.1.6772,2026-09-09T11:30:24,global,Google Play,0
75247a02-afee-4154-9208-e09e3bf0610f,Andre Toscano,5,,Excelente aplicativo!,26.3.1.6772,2026-09-09T11:13:50,global,Google Play,0
f31e7658-135f-499f-a49f-fe93bcfd8528,Akhilesh Shah,1,,Absolutely pathetic even after choosing the page format it gives you a default image of every scanned page which is required to be cropped fix this otherwise it didn't give any worth of making this application,,2026-09-09T11:11:20,global,Google Play,0
c134e724-b98d-4fe1-98e0-82a63970247d,E. ZUNGE,5,,muito bom,26.3.1.6772,2026-09-09T10:34:09,global,Google Play,0
361a2616-d9d0-4b69-9de7-fdd89d7d707d,Dominique LANCE,5,,"clair, rapide, très nette",26.2.0.6624,2026-09-09T09:41:11,global,Google Play,0
83603adb-24f4-49cd-b994-ac2f1fcd2289,Wahid Daud,5,,Very easy to use. Friendly user.,26.3.1.6772,2026-09-09T06:47:07,global,Google Play,0
e115ba1b-c924-41ca-aa54-1a08fa6eb2e4,Justin Sanders,1,,I don't know why printers are still such a nightmarish experience. I'm just trying to buy ink and I clicked the button to do so and it just clocks endlessly doing nothing.,26.3.1.6772,2026-09-09T05:19:45,global,Google Play,0
2212f21d-e0d3-4196-b846-8333b0e10cee,Helllen Brillil Silva Parra,1,,Pésima. se sale de la sesión sin motivo alguno. Es muy limitado las funciones para imprimir. demasiado lenta la aplicación y en ocasiones no te imprime por mucho que lo intentes,26.3.1.6772,2026-09-09T03:50:52,global,Google Play,0
e3be1bb1-cee0-4f6c-9479-a8216f6a8896,Camilo Del villar,5,,todo good,26.3.1.6772,2026-09-09T01:25:42,global,Google Play,0
00e17d98-e8d0-4e95-86b4-80dd27b8ef8c,RAMEEZ AHMED,1,,not working in Galaxy Z8,,2026-09-08T23:45:45,global,Google Play,0
195e501b-d1c5-4e58-b6d9-c14d79597c70,Pamela Wright,1,,I bought a printer. It should be easier to connect with network. You make buying something one click. how about making using it that easy. Ho in heck do I connect hp 6001 to network. UGH,26.1.4.6508,2026-09-08T22:29:21,global,Google Play,0
f97c7c9f-b0b1-4bd3-b253-be0a2c04e58e,Ange,1,,"Es un desastre, a cada rato se desconfigura del aplicativo. Antes iba muy bien y este último mes un desastre!",20.2.0.6076,2026-09-08T21:31:55,global,Google Play,0
6ef716fd-b1a6-443a-ae09-e3de478d31de,Malh,1,,"Pésima experiencia, siempre que entro a la app se sale de la sesión, tarda en vincular con la impresora",,2026-09-08T20:55:33,global,Google Play,0
88d51de5-3913-4ebf-973f-f8423aea8b38,ANGELA CHRISTENSEN,4,,"Great for printing, decent for scanning",26.3.1.6772,2026-09-08T20:15:33,global,Google Play,0
b56e4114-a092-4293-bd79-e206a7f7d3d0,Laszlo Varga,1,,"Issues: Poor color accuracy and ruined dark tones when printing via HP's app App uses standard black ink on premium photo paper Third-party apps fix color quality but block paper type choice on non-A4 sizes HP needs to learn what ""smart"" means. Printing photos through their app produces terrible colors because it incorrectly uses standard black ink for dark areas. Google Photos fixes the color quality, but with a catch: you cannot select the paper type unless you use A4 paper.",26.3.1.6772,2026-09-08T19:22:05,global,Google Play,0
5d292f1c-6bbc-41c1-a103-a908a44fcbc2,Luca Vettraino,1,,sono settimane che vuole solo far stampare in formato 10X15 e anche la stampante copia in questo formato boh,26.3.1.6772,2026-09-08T18:32:25,global,Google Play,3
837e3047-36e1-43b5-84e1-b297b6106b4f,Michael Schoppe,1,,Die App öffnet sich neuerdings nicht mehr. Von HP habe ich mehr erwartet. Einfach nur enttäuschent.,26.3.1.6772,2026-09-08T17:27:07,global,Google Play,0
a5e66f86-d662-4d41-b01e-506bb609c610,Gina Godden,2,,"Managed to get it connected and was working perfectly. However as soon as I wanted to print on a different type of paper the app refused to work. It cutts off the top,bottom and sides every time, even without a boarder and it refuses to print anything that's not plain A4 paper and says error but won't tell you what the error is. I've waisted 3 hrs of my day trying to get this app to work and it just won't. Please improve your app to actually help your hp users.",26.3.1.6772,2026-09-08T17:18:30,global,Google Play,0
0d611e0a-cbbe-4278-96ac-231c438947e0,DaDda SmUrF,1,,so slow to open and load anything. this app was not built with smooth operation in mind.,26.3.1.6772,2026-09-08T17:07:39,global,Google Play,0
cd254ebe-cb9c-4870-bdb3-7fcdc8626c1f,Lulu Hernandez,1,,"I had to change my feedback to zero! This is an absolutely horrible app; not only is this a horrible printer that constantly crashes for one reason or another. they have it monopolized to a point where if you don't use their cartridges directly from them, that chip in with other cartridges from anybody else will not work! Your printer will crash, the lights will start blinking like crazy, and there's nothing you can do to fix it. This is a horrible company. Stay away from HP; these guys are h",,2026-09-08T16:55:55,global,Google Play,0
1a7a195e-f65a-4855-85f7-294fbc83dbf4,YUG_03,3,,takes time to connect to internet,26.3.1.6772,2026-09-08T16:21:42,global,Google Play,0
169593d0-df7f-4ea4-90da-580c1d13f252,Kadian Urquhart,1,,"this app is so trash, it won't open when you need it the most 😤.",18.5.1.5470,2026-09-08T15:13:33,global,Google Play,0
7e7982ca-9cdf-44f9-b6ac-ee02458c15a1,Jakub Stonavský,1,,"After a few months of using this app, I need to delete data and relogin, unless I want to see HTTP 500 everywhere. Also .. the ""Scan"" functionality disappeared from my printer menu so now I can only ise 30% of the functionality via the crazy bad UX of this application. Crazy bad - I wouldn't expect anything else from HP UX team, but still WOW.",26.3.1.6772,2026-09-08T14:35:45,global,Google Play,0
f9a5a4b9-2236-4c2b-a25a-0035b9718378,Tiago F. U. Brandão,5,,Top!!!,,2026-09-08T14:24:03,global,Google Play,0
9b4fd136-1094-4da9-8e41-79eaf367a39b,Kevin Howell,5,,Having trouble opening the app. Just gives a white screen. this just started happening for the past week,26.3.1.6772,2026-09-08T08:06:59,global,Google Play,0
9719acc3-9178-489c-ac8e-41c7b39b1b90,Kirsty Gorman,2,,extremely buggy & fails to connect even when there's no issue with the Wi-Fi. Look elsewhere for a better printer where you can actually print straight from a PC.,26.3.1.6772,2026-09-08T08:00:34,global,Google Play,0
b3a43535-1005-4147-af0b-72b25feb3d50,Claudia Rojahn,3,,"Soweit bin ich eigentlich ganz zufrieden. Für einfaches drucken und scannen reicht es. Hin und wieder klappt die Verbindung zum Drucker nicht bzw. mir wird gesagt, dass der Drucker Offline wäre obwohl er Online ist. Was mir seit dem letzten Update fehlt, ist die Seiten sortieren Funktion nach dem einscannen.",26.3.1.6772,2026-09-08T06:42:52,global,Google Play,0
a9959d74-76ef-4413-87d8-1d72e2e8ae38,Bal Ram,5,,excellent l,26.3.1.6772,2026-09-08T06:23:02,global,Google Play,0
2119abb3-df3b-40c4-8d73-c0acfde5c31e,Santi Reyes,1,,"basura,porquería,",26.3.1.6772,2026-09-08T04:29:08,global,Google Play,0
bd0862e3-31d9-47ac-97c7-a5dde730797c,Christyann Blair,1,,"too many options for stuff I don't want. was just trying to troubleshoot, and now I can't connect to settings without getting ""can't connect due to unsecured connection"" not happy",26.3.1.6772,2026-09-08T03:17:14,global,Google Play,0
d3dbd613-552c-4ed0-9bc1-a7e6ac2b0854,Jose G. Robles,1,,No Good.. No Good.. ......,26.3.1.6772,2026-09-08T02:33:32,global,Google Play,0
5e44a964-fc39-4ee6-90cf-bf4e5a769a79,Danieli Bragherolli,1,,muitas vezes nao abre o app,26.3.1.6772,2026-09-08T02:01:22,global,Google Play,0
e1089b26-037b-4a45-b1fe-3600001da1ba,Abel el unico Matto x siempre,5,,excelente,26.3.1.6772,2026-09-08T01:41:20,global,Google Play,0
c3e181e4-b215-42aa-a8fe-3019e2f24891,Felipeiguinizbald,3,,"não usei ainda mas parece ser bem complicado de mexer, extremante lento para baixar!! mas e útil",,2026-09-07T23:37:09,global,Google Play,0
23a02d43-629e-44e3-9522-2989129cd8e1,Izidorio Araujo,5,,muito bom,26.3.1.6772,2026-09-07T23:09:48,global,Google Play,0
37eddf89-f5d6-4aff-94b5-f92989385928,Renz Gabrielle C. Lunday,1,,"Please add an 8.5 x 13 inches (Long / Folio) size option. Currently, printing on Long paper stretches or rescales the document to fit standard Legal (8.5 x 14 inches), which distorts the layout. Adding native 8.5 x 13 inch support would solve this issue for Philippine standard paper sizes.",,2026-09-07T22:47:37,global,Google Play,0
aeaf8fff-8c73-4dae-9622-915606f73069,Kevin holland,1,,app bucks ai sucks no human help about ready to throw this over priced pos o I t the window and go to kinkos,26.3.1.6772,2026-09-07T22:34:08,global,Google Play,0
668605ee-6463-431a-a090-c60c0329dc01,Robert Treptow,1,,"Findet den Drucker nicht , obwohl er wenige Zentimeter entfernt steht . Welan ist eingeschaltet. Bitte nachbessern.",26.3.1.6772,2026-09-07T22:14:00,global,Google Play,0
32e770f7-56c9-4a47-8dc4-cfd72701567a,christina anicet,1,,fix your scrappy app please. I cant print anything from my phone,26.3.1.6772,2026-09-07T21:42:16,global,Google Play,0
c5a01cc3-382c-4f51-bd98-cb3c41f12f0e,Ana saray Olmedo,5,,excelente tiene muchas funciones que aún no me he dado a la tarea de usarlas pero lo que ya he usado está súper fácil,26.3.1.6772,2026-09-07T21:21:56,global,Google Play,0
198ec5e2-38ca-40d9-9e10-2edfa62394af,Will Taylor,1,,"HP printers are the worst printers I have ever used in my entire life. Every time you go to print something, it doesn't say the printer exists, and it always disconnects from Wi-Fi and you have to always reset it up to be able to just print one thing, and then it doesn't even work on half the computers. So, in my opinion, you should never use an HP printer. Go get a Brother printer, they're actually worth something. I have had no issues with my Brother printer since I bought it. HP SUCKS.",26.3.1.6772,2026-09-07T21:19:36,global,Google Play,0
749acbf3-b68b-4691-bbfe-7dc617bbab44,Livia Niedl,2,,"It is better than it was a few years ago, but still not good. Slow loading, bloated, ads. Currently I only get a white screen",,2026-09-07T20:39:20,global,Google Play,0
aa17791e-494e-4dd1-afef-52e1215b859b,Luca Formiani,2,,"Bei meinem neuen Drucker wurde die Garantie im System fälschlicherweise als abgelaufen angezeigt. Obwohl ich einen aktuellen Kaufbeleg vorlegen konnte und die notwendigen Schritte durchgeführt hatte, brach der Online-Service am Ende des Vorgangs mit einer Fehlermeldung ab. Der Drucker selbst funktioniert inzwischen, meine Erfahrung mit dem Support war jedoch unnötig zeitaufwendig und frustrierend.“",26.3.1.6772,2026-09-07T20:20:07,global,Google Play,0
912ca4f5-5858-419e-9f3f-08ce69ec6d4e,Dave Morrell,1,,this app will not let me log in..I get the 6 digit sign in code to my email and when I I put the code it the sign in button is not active....a totally rubbish and useless app.,26.3.1.6772,2026-09-07T20:01:51,global,Google Play,0
340c1c97-7b38-4798-b641-c15614ad3452,Juan Rodríguez,1,,está fachando su aplicación no deja mandar a imprimir y solo de traba antes de imprimir,26.3.1.6772,2026-09-07T19:24:02,global,Google Play,0
2eed92f3-5b0d-4ccd-af9b-3cbb49299ba4,Oliver Pereira,1,,"Terrible app. You send a scan command from your phone, but if you minimize the app, it stops scanning. What kind of programmers did they use—some Indian morons?",26.3.1.6772,2026-09-07T17:31:44,global,Google Play,0
80b15d66-9c39-4dd5-9295-543e0dea7ffd,BUNNYHUNTER 09,5,,so far so good as far as scanning photos,26.3.1.6772,2026-09-07T17:16:26,global,Google Play,0
159e0551-8938-49f6-89e5-4b07afc12840,Daniela Santos,1,,"não resolve nada, fica cobrando pra piorar",26.3.1.6772,2026-09-07T17:13:24,global,Google Play,0
6309c6ed-aea9-401b-ab24-345589295a23,Liza J,5,,"très bonne application très facile d'utilisation, je l'ai découvert sur le tard mais depuis je n'utilise plus que celle-ci",26.3.1.6772,2026-09-07T16:45:15,global,Google Play,0
16353cd1-ddd6-46a5-bcfd-158ca24d3c3b,Kristin Annoye,2,,this app has worked fine for years. It suddenly has not been working at all. It won't load until I open a website and get redirected from there. And even then it's only about half the time.,26.3.1.6772,2026-09-07T16:31:12,global,Google Play,0
b53481d2-acc4-4a2d-b1f5-ec5e1d7c2e1b,Leandro Bellavista,1,,"La stampante si disconnette senza motivo e l'assistenza è una totale presa in giro, non si riesce a fare nulla, passate avanti",26.3.1.6772,2026-09-07T15:30:23,global,Google Play,0
8a06488c-e158-4a24-a284-878fe269f454,E S,1,,"Qué aplicación tan mala. Se cierra sola, es imposible trabajar con ella.",26.3.1.6772,2026-09-07T15:21:07,global,Google Play,0
f37e82de-9d3d-497f-96b4-dde39e28f962,Oscar Salazar Carabantes,5,,es muy intuitiva,26.3.1.6772,2026-09-07T15:10:20,global,Google Play,0
fdd03c24-15e3-424a-8640-4907473c4e43,Giuseppe Carli,2,,Sulla stampante DeskJet 2800e non funziona la scansione da stampante. Dice sempre Stampante non connessa il che non è vero in quanto stampo normalmente. È importante ripristinare la funzionalità perché la scansione da fotocamera converte in nero le firme in inchiostro blu rendendola difforme dall'originale. Potete verificare? Grazie,26.3.1.6772,2026-09-07T14:47:37,global,Google Play,0
3e2be361-9761-4983-b0da-a1574e518432,Coli Diaz,5,,Excelente 👌,26.3.1.6772,2026-09-07T14:38:27,global,Google Play,0
ecbf71e6-fb4b-48b6-8a36-442cba45fc90,Brian Pitcher,1,,I'm currently getting a massage that my cartridges are wrong. HP sent me the cartridges and they're half full. will continue to figure this out,26.3.1.6772,2026-09-07T14:34:37,global,Google Play,0
b9725e5a-345a-473d-889b-53783194e5bb,Esteban Ruiz,1,,"Cada vez peor. Pésima, en vez de hacerla funcional y fácil para el usuario. Cada vez mas gente se está llendo a otra marca. Ademas en la pc te aparece un montón de publicidad de productos que te ofrecen y hace muy lenta, lentisima y se cuelga. Un desastre total",26.2.0.6624,2026-09-07T14:24:09,global,Google Play,0
23cbee6f-236b-4580-98b0-3b51f1ff6b81,Carole Servant,5,,super application avec HP,26.3.1.6772,2026-09-07T13:31:03,global,Google Play,0
92c41dad-359a-46be-9692-4700f8fd2f9b,Konstantinos athanasiou Pappas,1,,my hp laptop is not compatible with my hp printer,26.2.0.6624,2026-09-07T13:25:20,global,Google Play,0
a98b4c8f-8972-4d28-b69d-67af047733db,Josie Giles,1,,"Absolutely horrendous, I bought my printer about a year ago and haven't been able to use it, although I somehow have to pay £6.99 every month for buying it!",26.3.1.6772,2026-09-07T12:48:18,global,Google Play,0
d1a67a54-e028-4e3c-9424-00924678e363,Ranjith S,5,,very good in the 👍👍👍,26.3.1.6772,2026-09-07T09:59:10,global,Google Play,0
b797505d-d4bd-4392-8d8a-f8af76420935,Rudolf G. Hohenester,2,,"...wenn's mal wieder funktioniert, ist es brauchbar. Leider erkennt die App meine Drucker, behauptet aber dennoch, sie wären offline. Nein, sind sie nicht! Über den PC funktioniert das Drucken problemlos, über die diversen HP-Apps, die ich laufend ausprobiere, funktioniert es 1-2x, dann sind die Drucker angeblich allesamt wieder offline. Mit dem Brother und dem Epson Drucker gibt's diese Probleme nicht ansatzweise!",26.3.1.6772,2026-09-07T09:58:56,global,Google Play,0
e9b72022-c5e5-42b3-bef3-a4e56a57c85e,Carina Wallin Rönnkvist,1,,Funkar sällan. Ofta vit sida...,26.3.1.6772,2026-09-07T09:43:26,global,Google Play,0
bc5d447b-9654-4f51-a2fb-7ff46b2d2291,Claudia Moreschi,2,,"Ho una stampante hp Laserjet mfpm140w e continua ad essere in allarme, non stampa l'unico messaggio che dà è verificare l' account...cosa devo fare???",26.3.1.6772,2026-09-07T09:16:58,global,Google Play,0
9f63b6a7-0157-4c9d-9c95-27aa0bb40aa5,Annick GODARD,5,,Laborieux mais tellement indispensable,26.3.1.6772,2026-09-07T08:33:30,global,Google Play,0
916dee45-6d93-4637-8b27-904fe6fcfccc,Cindy Ha,1,,faulty,26.3.1.6772,2026-09-07T08:09:37,global,Google Play,0
26cff97b-e886-48eb-b71b-2e40120121dc,Daiana Luna,1,,Las opciones para imprimir son super limitadas. Esta app necesita una actualización.,20.2.0.6076,2026-09-07T07:12:04,global,Google Play,0
fc86803f-0545-475e-8996-30276a407791,Minella Sigere,1,,nul comme application déçu 😴😴😴😴😴😴😴😴😴😴😴,26.3.1.6772,2026-09-07T06:57:37,global,Google Play,0
c8b199b6-61d6-4f57-ac16-cb5b2944bc9f,Game Developer,4,,app was good but some changes are required but very good app make the app more best than will you 5 stars but the hp company is good and i give 4 star for this app,,2026-09-07T06:22:34,global,Google Play,0
f93cbd47-f120-4f65-8d3e-1339bebb7426,Bryan Butkovics,1,,complètement unitilisable comme vos imprimantes 3 heure pour la moitié dune impression qui se bloque toujours a moitié puis quand je range l'imprimante que je la débrancher je la capte toujours et peux imprimer directement avec et quoi cest quoi ca vous avez fait quoi avec l'impression et le technologie sérieusement pcq faut se remettre en question sur le fonctionnement de vos produits la,26.3.1.6772,2026-09-07T05:54:24,global,Google Play,0
420fe072-fa18-4549-8daa-6500fd79922b,Han Starboy,1,,"desde ayer tengo por problemas con las app, no imprimen su app es un asco y me la he pasado todo el dia intentado arreglar, ndmas no imprime",,2026-09-07T03:09:22,global,Google Play,0
f24b57e4-cdd7-4e37-9198-4f2670a8a635,Jeffrey Conrado,5,,absolutely awesome printer love all the features that it has to offer.,26.3.1.6772,2026-09-06T22:35:18,global,Google Play,0
5ec4c9f9-5c3d-43f6-b194-113822b7fd35,Stephanie M,5,,So convenient!,26.3.1.6772,2026-09-06T21:25:26,global,Google Play,0
f038f28b-44bf-4f8e-9db3-21bb89097e55,Milagros Toniolo,4,,Siempre utilizo la app para escanear manualmente y la calidad de las imágenes es muy buena!,26.1.4.6508,2026-09-06T21:06:42,global,Google Play,0
da4f07ec-2343-4e3e-9483-8e68e1ad3c4d,Verónica Jorge,1,,La he tenido que desinstalar y volver a instalar porque va fatal...se cuelga todo el rato,18.10.0.5530,2026-09-06T21:00:25,global,Google Play,0
9a181522-d507-490c-ac9e-e9e744ed54e4,Luz Cepeda,1,,no sirve la impresora que yo compré no sirve ni está app ni nada suyo disculpen pero ala hora de comprar dijo no se daña aguanta es gratis y q la app es pagada,,2026-09-06T20:58:12,global,Google Play,0
52bcdf4e-1967-43e8-8851-c124899601a2,Alvaro Gonçalves,5,,Muito Simples e prático. Ótimo !,26.3.1.6772,2026-09-06T20:51:34,global,Google Play,0
505d2b33-e638-4450-8abe-b9120de97bef,Brillite Requena Garcia,1,,"pesimo servicio, no aparece mi impresora no conecta todo orrible prefiero la otra app",26.3.1.6772,2026-09-06T20:17:16,global,Google Play,0
77ccf92f-47de-452a-ac97-3ba27ef4b34c,King Monroe,2,,hand written text is allowed to be converted to typed text?,26.3.1.6772,2026-09-06T20:05:54,global,Google Play,0
fe922141-c263-48e6-bda3-bfe1f2e07216,Carl Radde,1,,I have been trying for hours to connect this to my Wi-Fi keeps telling me I have the wrong password and has no option to change password,26.3.1.6772,2026-09-06T19:06:14,global,Google Play,1
827d254b-0635-4dac-84af-8229941f91ec,Steven,1,,Had HP all in plan for a week but unable to use plan because app says printer still on the way. I already got the printer 5 days ago!,,2026-09-06T18:20:36,global,Google Play,0
d602826b-af9e-4515-9cf8-029e147c48db,A Díaz Rodríguez Victor Enrique,5,,buena app,26.3.1.6772,2026-09-06T17:46:55,global,Google Play,0
23c1769e-c144-463f-a24e-a5fbf36e344c,Diana Zumyko Arce,5,,muy buena,26.3.1.6772,2026-09-06T17:41:02,global,Google Play,0
c449ece4-a3a1-4322-9eb0-18ab98e855fb,Nicole Criollo,1,,su aplicación no funciona cada rato me dice se cerró forzosamente la aplicación hp y no me deja imprimir nada desde mi teléfono pesimo,26.3.1.6772,2026-09-06T17:14:57,global,Google Play,0
8e39a762-515a-4a67-89aa-43a5ab62972d,Pradeep Sasidharan,1,,"I cannot now print from S22 ultra... they stopped cloud printing, now they don't provide support for phones that is 4 years old !!! even that app keeps going to so many pages .. it shows the printer name etc, but even when doing the setup again it does not find the printer in wifi or in their direct mode.. shameful creatures if they are stopping as its from from an s22 ultra..",26.1.2.6449,2026-09-06T15:43:10,global,Google Play,0
9076c7f5-6520-4a68-94b2-e8968c81baa4,Mireille Lefrancois,1,,"Juste nulle, HP SMART était parfait.......................................................................................................................................................................................................................................................................................",26.3.1.6772,2026-09-06T15:34:31,global,Google Play,0
fe069184-90da-4a6b-8853-9b895f7ca424,Jucost,1,,"l'imprimante est indiquée comme connectée mais au moment d'imprimer l'imprimante est vue comme déconnectée, application parfaite pour perdre votre temps alors que l'outil d'impression par défaut d'android y arrive du 1er coup",26.3.1.6772,2026-09-06T15:09:23,global,Google Play,0
e48bae54-2da7-4c6e-85b6-4e3ea1dc8655,Jacqueline Stein,5,,top,20.2.0.6076,2026-09-06T14:31:55,global,Google Play,0
9e17f207-aa0d-41e2-9c5a-0d109f10f6f7,ABDERRAHIM AKERKAOU,5,,perfettissimo,26.3.1.6772,2026-09-06T13:52:10,global,Google Play,0
d3da961e-e69f-4744-a229-879424a66b2b,Rosa Pires de lima,1,,j'ai tout fait mes rien ne fonctionne,26.3.1.6772,2026-09-06T13:43:38,global,Google Play,0
389be572-18b2-4d68-a253-33eee395efa1,Peter Riese,1,,funktioniert nicht,26.3.1.6772,2026-09-06T12:47:22,global,Google Play,0
b19b3dd9-b7d9-4cc8-80eb-4372f2017fc5,Marcos García,1,,me parece vergonzoso que no tenga la opcion de escanear varias fotos a la vez con la deteccion multiple,26.3.1.6772,2026-09-06T11:29:40,global,Google Play,0
cd7934c1-5b39-495a-a6d0-3e91e61925f8,Sue Hall,1,,horrific,26.3.1.6772,2026-09-06T11:26:34,global,Google Play,0
49196912-12e3-4d61-9727-c3b1c2a8d9b2,Veronique Maafa,2,,"appli pas top. je n,arrive pas à mettre ma nouvelle imprimante. j,ai tout essayé, Wi-Fi, Bluetooth et rien",26.3.1.6772,2026-09-06T10:27:56,global,Google Play,0
01f053a3-ab77-42d1-8d30-864711e916b9,Mimo,1,,sí al imprimir si te da fallo la impresora las impresiones te cuentan y te cobran lo que les da la gana,26.3.1.6772,2026-09-06T10:16:54,global,Google Play,0
a3892318-713d-483e-bf4e-aabd3b41c1bd,Manuel Magaña Esteban,4,,a veces falla la conexión con la impresora,26.3.1.6772,2026-09-06T10:10:43,global,Google Play,0
f8438fbb-adb6-4866-b631-5b203d6ebc8d,Dominik Straßberger,4,,"Ich sag mal so, es arbeitet eigentlich perfekt. Was aber nervt, Sie müssen sich anmelden usw. Wer kennt es nicht. Ansonsten bietet die App alles was der Laserdrucker/Scanner/Kopierer so braucht. Deswegen aber ein Stern Abzug.",26.3.1.6772,2026-09-06T09:39:34,global,Google Play,0
e14975ae-2dc7-4831-a39c-f22cf406db2a,Ali Farahi,4,,not supported some phones,26.3.1.6772,2026-09-06T08:35:37,global,Google Play,0
17acb5fc-5ec2-420f-919f-0044e2b48c18,Csaba Szabó,1,,"very poor app, changing payment method works only after the 4th attempt, there are loops in the app that bring you to the same page. not user friendly at all... its bringing done the whole experience with HP",26.3.1.6772,2026-09-06T07:15:56,global,Google Play,1
15ff209d-0746-41c9-a7d7-be55b47eca97,IBRAHIM MOHAMED,5,,good,26.2.0.6624,2026-09-06T07:02:43,global,Google Play,0
6ada542a-cef0-4b39-a4a8-0946923006b3,Tina Youtz,1,,cant use with all devices,26.3.1.6772,2026-09-06T00:37:39,global,Google Play,0
9f3aa22a-99bd-4d96-8dd8-94d04c014035,Glen Miears,1,,"they want money on drivers already used and downloaded. its a scam, these are required and given when the printer is sold, its scam now.",26.3.1.6772,2026-09-05T23:42:31,global,Google Play,1
ccf05168-88d8-4ef1-be84-df07cd328dac,Alice Legky,1,,my fault for trusting HP again after ive had horrible issues with my laptop. but this app is horrible. its takes forever to load 1 thing. it doesn't work majority of the time. HP how have you been in business this long? your products seem to be getting worse and worse. I miss when things were simple and didn't require an app or account for every little thing.,26.3.1.6772,2026-09-05T22:11:42,global,Google Play,1
bf9272a9-0721-4d8b-9c78-b0c4c63573db,Andria Kezia,1,,"horrível, toda hora diz que não tá conectado na internet mesmo estando porque pelo app não dá pra fazer as impressões que é onde tem mais opções como escolher papel brilhoso quando quer imprimir em papel fotográfico mas se eu for direto na imagem e só mandar imprimir vai mas isso faz com que a folha fique soltando tinta porque não dá pra escolher a opção de papel brilhoso fora do diabo do app que é um lixo",26.3.1.6772,2026-09-05T21:37:59,global,Google Play,0
d350768e-0f24-40ed-9e1b-11ee32ecad4b,Josué Aldana,5,,excelente app la recomiendo 👍,26.3.1.6772,2026-09-05T17:08:32,global,Google Play,0
980a4348-5fee-475c-a624-28cac667003d,Jamie Amerson,5,,easy to use,26.3.1.6772,2026-09-05T16:50:09,global,Google Play,0
b0fbc3f4-c98c-4f5d-b6f4-c1ad8ad35c05,Piotr Piotr,1,,who programed this ecosystem,,2026-09-05T15:26:54,global,Google Play,0
c4985487-7983-43c4-9691-07fa673a4b43,Szwed K,2,,will not contact to my internet,26.3.1.6772,2026-09-05T14:43:50,global,Google Play,1
8dc6c4aa-71a5-44c5-8791-7335acbb0ad1,Anne-marie Payot,5,,Parfait.Tres logique.,26.3.1.6772,2026-09-05T13:52:06,global,Google Play,0
3478a63f-c0af-4186-8f91-0111eb688384,MB SB,5,,very good 👍,26.3.1.6772,2026-09-05T13:50:52,global,Google Play,0
c2df0df2-3d57-4ff7-a4cd-1ea2e74b8b3a,dharmender prajapat,1,,even though showing connection it's not sending print command to HP smart tank 585,26.3.1.6772,2026-09-05T13:35:55,global,Google Play,0
61eb924c-83ac-45b3-8acf-16cf65a79990,Joshua Campbell,5,,Great app for scanning on the go! Used HP Smart Utility on my phone while traveling and easily scanned a document I needed to email. Super quick and simple to use... exactly what I needed when I was away from my computer. Highly recommend!,17.20.0.4770,2026-09-05T12:43:12,global,Google Play,0
17b07bbf-e035-4d6f-97f7-e2f1356eee7e,Lucci Rivainera,1,,hace semanas no puedo entrar a la app para imprimir !,,2026-09-05T11:55:18,global,Google Play,0
5d812fac-05ae-4e41-938f-dd339ef0335e,N. Hyde,1,,"Nulle ca fait tout bugger. Merci mais non merci, je veux récupérer l'ancienne version !",20.2.0.6076,2026-09-05T11:22:27,global,Google Play,0
df9e7e74-ad38-403c-baca-ec6b61695379,Raed Zino,5,,this is a new application for the printer,,2026-09-05T10:38:36,global,Google Play,0
8f79c2d3-f860-4c54-b858-d91e57684fb3,H,1,,printer vaak offline aangegeven maar hij staat wel aan,26.3.1.6772,2026-09-05T09:42:13,global,Google Play,0
ca097e38-e7b0-4fa8-896b-31f1729d4833,Sonja,5,,immer wieder gerne einfache Bedienung.,26.3.1.6772,2026-09-05T09:16:35,global,Google Play,0
1e69d27c-e2ec-474a-a60a-46e98a247bc2,Anna Volkmann,1,,"App stops working, unable to print. unable to contact service.",,2026-09-05T08:41:51,global,Google Play,0
bc627184-60ed-47da-bc41-6a18f226698e,FW TY,1,,"rubbish app, why so hard for u just to connect to the printer to do scanning it's 2026 what so difficult to implement such kind of simple connection",26.3.1.6772,2026-09-05T04:39:28,global,Google Play,1
103cbd1c-9104-4d19-b8c3-ecdae247dc2c,Lateef Jaiyeola,5,,I think the recent update has taken care of so many issues.,26.3.1.6772,2026-09-05T03:33:40,global,Google Play,0
be4b957a-868f-44f4-b67e-cf15ac0ef50e,Isabel Neri,1,,"Muy mala se tarda horas en abrir y no se actualiza, estaba mejor la anterir",26.3.1.6772,2026-09-05T01:36:23,global,Google Play,0
211232bf-f8d5-48cb-aa12-343565f08390,andre luis,1,,não abre no meu celular,26.3.1.6772,2026-09-05T01:21:25,global,Google Play,0
1db41a7f-1ce7-47ce-92b8-0c9a577d9fae,Rock Roll (Rocker),3,,Constant trouble,17.20.0.4770,2026-09-05T00:36:21,global,Google Play,0
f6dd6586-17ff-42ad-a5e7-f088f09c5f51,Yorleinis Gamez,5,,exelente,26.3.1.6772,2026-09-05T00:10:55,global,Google Play,0
dc75de1a-adcd-4c6e-af34-d7e17649afda,Ryan Regensburg,1,,"The necessary addition of payment is not appreciated to use your own printer and be on a monthly membership plan. Total crooks, no thank you. Difficult to use app and scan documents.",26.3.1.6772,2026-09-04T23:03:21,global,Google Play,1
7f9a871b-d1b0-4c27-92aa-ce5f08d1104a,giovania souza,1,,péssimo aplicativo péssima impressora,26.3.1.6772,2026-09-04T22:11:10,global,Google Play,0
769e9a86-5d5e-4fa2-ab80-a4bcf5a7bb6d,Jacki Nguyen,1,,What happened? No longer able to use the Mobile Fax??! Main reason why I kept the HP printer 🤦‍♀️,26.3.1.6772,2026-09-04T20:45:38,global,Google Play,0
21269775-a2e1-4f39-920c-4efcf8b8acef,Karen Ouimet,1,,wouldn't connect to phone horrible printer worst i have ever bought,26.2.0.6624,2026-09-04T19:02:37,global,Google Play,0
4d9855f5-2d73-482e-9b46-2e6a4807e3db,Carlos Gonzalez,1,,dont ever buy hp return your printer Now,17.25.0.4906,2026-09-04T18:16:29,global,Google Play,0
cf31706d-ecf1-450d-9f0a-a421cb1335b6,Giuliano Brambilla,5,,semplice intuitiva e comoda,26.3.1.6772,2026-09-04T17:06:29,global,Google Play,0
bbae2237-56cb-4627-a83a-01038e801a5f,bruno serafini,1,,una chiavica vera come la hp wireless...non compratela,,2026-09-04T17:02:02,global,Google Play,0
f2b57f32-481c-42c2-acac-787b03ceb0c5,Fáti ma,1,,"La aplicación hace solo un día iba genial, era capaz de conectar la impresora que me acabo de comprar e imprimir maravillas pero de repente hoy no funciona la aplicación, se bloquea continuamente y el teléfono en sí me advierte de que la aplicacion tiene un error. Una pena.",26.3.1.6772,2026-09-04T16:52:15,global,Google Play,0
27777c04-09c8-4501-94fa-e3f2a0862e2f,Vincent Louit,1,,Bug de connexion entre l'imprimante et l'application très fréquents. Prix délirant des abonnements et des frais de dépassement d'impression... adieu HP,26.3.1.6772,2026-09-04T14:28:09,global,Google Play,1
1a945134-0ff3-4c90-8b15-a797f7435a32,Mervin Snyman,4,,Love it works like a bomb for me,26.3.1.6772,2026-09-04T14:21:38,global,Google Play,0
34d83704-f69a-4ffa-8b45-f9e7a3e5fde3,Mari Desi,1,,boa impressora para casas mas porque começa pela última folha até a primeira de arquivos? e deveria ser mais fácil de remover folhas na última etapa antes te apertar imprimir.,26.2.0.6624,2026-09-04T13:16:08,global,Google Play,0
59647482-fbe3-43b3-b091-f4a4e69627f7,Rickyagami Yagami,5,,Otimo,26.3.1.6772,2026-09-04T13:06:20,global,Google Play,0
3e16d9e8-4995-4c94-a168-042f162c5313,giusi fumagalli,2,,non funziona su cellulari vecchi di qualche anno,26.3.1.6772,2026-09-04T10:48:37,global,Google Play,0
a3f5c996-5fe7-40dc-ae60-38ca4906369a,Frank Reinicke,1,,"Die Einrichtung des Druckers mit dem Netzwerk und die Abstimmung mit der App ist für mich eine einzige Katastrophe. Es dauert Minuten lang bis sich die einzelnen Optionen gefunden haben, trotz Handbuch welches daneben liegt. Ist mir bei anderen Komponenten so nicht vorgekommen!",26.3.1.6772,2026-09-04T09:57:41,global,Google Play,0
26732554-b82b-49fd-81ce-e2c987cb340b,Rohan Anurag,1,,"This is a really terrible app. Almost every function takes an extremely long time to process and works at a snail’s pace. If we need to get any work done, we have to sit and wait for up to an hour. Please improve the app’s speed and performance and make it much faster and more responsive.",26.2.0.6624,2026-09-04T09:56:50,global,Google Play,1
9f6abc0f-15fa-4f3e-beed-d425f3260351,Luc Gimeno,1,,toujours aussi nul,26.3.1.6772,2026-09-04T08:21:59,global,Google Play,1
e2b783a9-f29e-4265-a594-ea6508eb3a3b,MNG Grondin,1,,impossible d'ouvrir l'application depuis la mise à jour,26.3.1.6772,2026-09-04T06:48:46,global,Google Play,1
b9e266ac-b1a2-4728-8e79-5a3d9884d363,JEAN DEDE KOFFI,5,,j'ai toujours été bien servi et je trouve très performant je conseille à qui veut s'engager de faire confiance et de le faire,26.3.1.6772,2026-09-04T04:58:52,global,Google Play,1
4aaafb49-453b-49f7-8b3f-15c0e5d8cbe7,Shweta Bansal,1,,worst app I have ever experienced don't use it worst app literally a poop 💩,26.2.0.6624,2026-09-04T04:33:27,global,Google Play,0
8a6a10c1-8ba9-4ecf-a3e2-9511667b9f10,Iker Yosef Rodriguez Zavala,1,,"Basura, nunca conecta a la impresora, no volveré a comprar con HP, perdida de dinero, y me saca de la cuenta a cada rato, si se pudiera le daría 0 estrellas, pésimo servicio de HP.",26.3.1.6772,2026-09-04T03:56:21,global,Google Play,0
56fcbfe5-0d0c-4022-9aa6-f777b842a6a8,Matt Chalmers,2,,50/50 chance of working. It's pretty useless if you want to do something like change the printers network. The only way get a 'Smart (?) Tank' to work is a factory reset and add as a new printer. You'd think a multinational Tech company like HP could get a printer to talk to the App.,26.3.1.6772,2026-09-04T02:58:51,global,Google Play,0
250238fd-e6ee-4211-bac2-affa0ed32860,Manuel Cornejo Fuentes,1,,siempre falla. he probado muchas impresoras y lejos las que me han dado más problemas son las hp.,,2026-09-04T02:09:27,global,Google Play,0
1c0963a1-73bd-4597-bb68-df6c07d26d7f,Jabyr Hurtado,3,,"me parece que la aplicación esta deficiente en muchas areas de configuración de formato y tamaño de impresión, tienes que estar ajustando los valores uno por uno, perdida de tiempo y mala experiencia, no guarda la configuración y si vas hacia atras hay que empezar de nuevo.",26.3.1.6772,2026-09-04T01:30:17,global,Google Play,0
abccd111-b13a-4fdb-b6f6-64f665012705,Angela Juarez,1,,la aplicación es mala en verdad ami ya no dejo poner mi correo ni me dejo entrar,26.3.1.6772,2026-09-03T22:01:39,global,Google Play,1
9266a188-5061-40f4-b432-cb3f64b3bfeb,Ben Feldberg Collins,1,,predatory app made by a predatory company.,,2026-09-03T21:03:08,global,Google Play,0
29eadaf9-e657-4b44-a70b-57d761324e5f,Timothy Tankersley,1,,A terrible app that has put me off buying any future HP printers. Doesn't print half the time and scanning more than 10 pages crashes the app. Avoid like the plague!,26.3.1.6772,2026-09-03T20:41:03,global,Google Play,1
0901dfa0-1b45-4b21-895f-cef6eb3670c0,A. Of.,2,,"Also,ich bekomme den Drucker auch nicht mehr in Gang.Von einem Tag zum anderen kann sich d.Drucker nicht mit d.Netzwerk verbinden.Chat mit HP bringt auch nichts .",26.3.1.6772,2026-09-03T20:00:45,global,Google Play,0
7d8b5816-003d-4ed9-b538-2644215e8eb6,Kushal Gupta,1,,Horrible app. sends corrupted print data to the printer causing it to go into error mode and makes the paper get stuck. Doesn't remote print most of the time as well. And wont schedule prints if the printer is off. Has to learn a lot from Epson.,26.3.1.6772,2026-09-03T19:02:15,global,Google Play,1
f730c3b0-75bb-4606-b238-15fc4ff117b5,evelyne evelyne,5,,ok,26.3.1.6772,2026-09-03T18:46:53,global,Google Play,0
5b0dc028-22af-47f1-bae1-3fd4fe37ebb9,Martha Cast,1,,trash along with the hp printer,26.3.1.6772,2026-09-03T18:42:35,global,Google Play,0
72535b8b-5e1b-4f7a-9b22-1c14a38014cd,Emelida Sánchez,5,,💯,26.3.1.6772,2026-09-03T18:35:10,global,Google Play,0
17908746-8214-45d9-8278-c0e9b1731d46,Demetris Moses,1,,it's not working. cannot connect to internet or MN use ethernet,26.3.1.6772,2026-09-03T18:15:02,global,Google Play,0
d93c280c-f299-40ce-9146-f59008d89439,Tacy Souza.,1,,Péssima. Comprei a 1 ano e não consigo usar . Estava tudo normal . Agora não imprimi mais .,26.3.1.6772,2026-09-03T16:55:33,global,Google Play,0
fb9e5099-6103-44fb-abe8-1ec2a499b83d,Ingo Wucherpfennig,5,,gut 👍,,2026-09-03T16:51:04,global,Google Play,0
ddc570a4-9f17-4ed2-a2f3-75151412f505,Carl Soto,1,,Failed to connect to new printer and can't change the alias name of the printer,26.3.1.6772,2026-09-03T16:26:04,global,Google Play,0
01594a21-1e2c-47c5-b231-abcd296c86c0,thewan hasnul,1,,My printer is not offline! I can print locally using the built-in Android Printing and Mopria! Your stupid app keeps saying my printer is offline even though it is not. FIX IT!!!,26.3.1.6772,2026-09-03T16:14:41,global,Google Play,0
04ae4c40-e153-43a3-b833-459dd2290bf0,Jackie McDowell,1,,I just purchased aHPDeskJet2935 printer! l haven't been able to print anything! Unless l pay for subscriptions! Which l can't afford now since l used all my funds to purchase the said printer,26.3.1.6772,2026-09-03T15:40:25,global,Google Play,0
ee998404-0023-4a8e-af7b-90f58b91e5ff,Beverly Schommer,1,,"nothing but problems, from one device to another with each days new print sessions. Today the document I am trying to print will not even bring up the printer. Update 9.3.2026 same problems continue!",26.3.1.6772,2026-09-03T15:39:21,global,Google Play,0
be3bb4b8-1fd2-4f57-8d1d-25acad5b9c42,Ben Ndu,5,,very good scanner,26.2.0.6624,2026-09-03T15:25:14,global,Google Play,0
968a131a-3988-4a07-a0ca-45d41bf995cd,Damaris Ale,1,,it doesn't work struggle to get anything printed it's a sometimes if it wants it'll print this app is supposed to work I just bought a hp printer and have a terrible experience so far,26.3.1.6772,2026-09-03T15:22:56,global,Google Play,0
b558663e-87bc-4000-a257-1bfd0a29451a,Tom Janssen,1,,"wat een rotding, valt niet mee te werken. Verplichte cartridges waar je je helemaal blauw aan betaald, print expres 'uitlijntemplates' in blauw zodat je je kleurencartridge leegtrekt, hier moet de EU regelgeving voor maken zodat dit in de toekomst niet meer mag",26.3.1.6772,2026-09-03T15:20:13,global,Google Play,0
7668a842-1cc9-4164-89a3-380d3a49f9ad,Paul Mao,1,,comprends rien...,26.3.1.6772,2026-09-03T14:03:28,global,Google Play,0
65ee2cb6-b16f-452d-b821-d02057e7be3f,Andreas Hoppe,5,,sehr guter Drucker. Einfache Einrichtung und druckt für der Hausgebrauch sehr gut,26.3.1.6772,2026-09-03T12:54:33,global,Google Play,0
e503bdf3-5010-46aa-9635-24f4a0e4970c,Henk wijlhuizen,2,,niet normaal wat een puinhoop gewoon via email klacht indienen en dan hopelijk goede duidelijke uitleg dit is een grote puinhoop.,26.3.1.6772,2026-09-03T12:02:43,global,Google Play,0
47619888-5942-481a-8763-f93fd9dedaf6,J O,4,,Bra. Men var är uppdatering på varan då . kan man sätta in patronerna från förra skrivaren dom liknar varandra i utseende.,26.3.1.6772,2026-09-03T11:10:23,global,Google Play,0
f824fb14-c307-4e56-8039-afd431df1e2b,Ingo Wucherpfennig,5,,gut 👍,,2026-09-03T10:12:10,global,Google Play,0
d47024ca-40cc-47e7-92fc-ca2bd113a6c7,jennifer dezalon,1,,Impossible d'imprimer ou de numériser,26.3.1.6772,2026-09-03T10:04:31,global,Google Play,0
fe5636d6-2db5-47dd-82b4-ef58d1aa55b2,Svenja Friedrich Sen,1,,Sehr umständlich. Ich ärgere mich jeden Tag über den Drucker,26.3.1.6772,2026-09-03T09:22:24,global,Google Play,0
00b9fb6e-a4ca-46c6-bb88-b3e73119b0eb,Alejandro romero Valdez,5,,excelente me ayudo con la confirmación de la impresora,26.3.1.6772,2026-09-03T08:10:48,global,Google Play,0
daf85760-e2b4-4f1a-b1ab-e94b94a460be,Noteplayer,1,,"Das letzte Update war ja nur noch ein letzter Schritt in die Tonne. Update 03.09.2026: Nur eine Seite drucken hat fast eine Stunde gekostet. Drucker nicht mehr gefunden, Kennwort wurde nicht akzeptiert, komplette Neueinrichtung erforderlich. Was dieses Sch...gerät schon an Lebenszeit gekostet hat. NIE WIEDER HP!",26.3.1.6772,2026-09-03T07:40:02,global,Google Play,0
2c78787b-4ab6-41bf-9874-a2ad61a57731,Yohann Marimoutou,1,,Appli qui bug H24. que se soit sur ordinateur ou téléphone. 1h pour imprimer un document simple en pdf. HP ce n'est plus ce que c'était auparavant. J'ai toujours acheté des imprimante HP c'est fini je passe chez EPSON.,26.3.1.6772,2026-09-03T05:41:44,global,Google Play,0
17264a4b-ffa6-422e-8b6e-48b78a812ab1,Andrew Welton,1,,"(Update) More than a year after this review, they somehow made an already garbage process worse. I don't intend on ever using an HP product again after dealing with their god-awful printers and app. This app actively makes printing on HPs already pain in the *** process actively worse. I don't want an app, I don't want a damn subscription, I want a damn printer that connects when I say ""connect"" and prints when I say ""print"" This app sucks.",26.3.1.6772,2026-09-03T05:10:53,global,Google Play,0
69751cda-92c4-44e9-8f8e-5c626b53dd65,Luis,1,,"Pésimo sistema,se desconecta constantemente de la sesión,no quiere imprimir PDF y otras cosas...estaba mejor antes",26.3.1.6772,2026-09-03T03:26:24,global,Google Play,0
a92e9883-08db-403c-9b80-4a68bf1956e6,Raymond Dobbins Jr,1,,"still waiting on printer since August 19, I thank ITS A SCAM",26.3.1.6772,2026-09-03T03:08:29,global,Google Play,0
799f5b60-3f18-4b2f-92be-39177580a098,VICTORIA MORENO GARCIA,1,,de lo peor,26.3.1.6772,2026-09-03T02:42:09,global,Google Play,0
ddf96b14-52ba-49aa-af05-3a2d0e71dab8,Marco Mamani,5,,muy buena la aplicación me sirvió bastante al usarla he aprendido muchas cosas que no sabía cómo usarla,26.3.1.6772,2026-09-03T01:52:54,global,Google Play,0
1710d756-1653-4cc4-91cc-cda611123f2d,Pablo Itai Morelos castillo,3,,"¡¡Urge que arreglen la sección de presentación preliminar, no sirve mas que para dar datos, no te deja modificar la imagen para que quepa completa. Aún más urgente es que arreglen la ""barra de desplazamiento"" que no hace más que estorbar, además de que tapa media pantalla, No sirve para nada, solo te deja dezlisar 1 milímetro y tapa la imagen haciendo que no notes que falta información importante y la hoja salga incompleta, es increíble que algo tan sencillo como imprimir se vuelva súperTEDIOSO",26.3.1.6772,2026-09-03T01:36:58,global,Google Play,0
16904926-a904-42a7-844b-d229d52aa325,Ele Tory cup Cakes,1,,"muy triste la nueva actualización, ya no deja imprimir desde la app",26.3.1.6772,2026-09-03T01:21:32,global,Google Play,0
c49090ee-ae15-4b2f-a6a8-a5230e1d39cf,Harold langlois,1,,"This app so far is frustrating and unproductive. Dealing with a reputable, large and well known company as HP I was expecting much better results. I had hell attempting to install this app. I will take a break from it and try again later. I really do hope I experience much better results.",26.3.1.6772,2026-09-03T01:20:38,global,Google Play,0
765f06c1-69df-4d63-bb9e-df0dbd58f19c,Jessica González,1,,no sirve,,2026-09-03T00:42:14,global,Google Play,0
7548cd82-da58-4bd6-acf8-916ddef86cc8,E,1,,pésima aplicación no se puede imprimir y quieres iniciar sesión y aparece error,26.3.1.6772,2026-09-02T22:49:57,global,Google Play,0
5e3e18f1-6bff-4b2f-8744-d9805afe3bf2,Jasmin Escobar,5,,buena app,26.3.1.6772,2026-09-02T21:06:44,global,Google Play,0
62f0df00-c3bd-44a2-b341-f72443b7af73,Kauan Lima,1,,"extremamente lento, deveria ser melhor otimizado, até em celular top de linha o negócio é ruim. As funcionalidades são boas, mas até chegar nelas já desanima. E também tem o erro de dizer que ta desconectado da impressora, e pior, fica imprimindo toda hora página de alinhamento. a lerdeza do app acaba com a vontade de usar",26.3.1.6772,2026-09-02T21:01:37,global,Google Play,0
afa861ee-87c7-4a8b-99a4-7d78e06a34e3,s B.t.r,5,,tres bien soit sur ordi soit sur smartphone 👍👍,26.3.1.6772,2026-09-02T19:40:33,global,Google Play,0
a7c0a322-d9ec-496b-ab16-214e89d405d9,Sonali Singh,5,,good app,26.3.1.6772,2026-09-02T18:05:06,global,Google Play,0
0eedb718-5235-421f-b9f6-0f220c46f2aa,Krishna Deshpande,4,,very easy to scan files and save in a neat electronic format on your mobile folders. Thanks HP.,26.3.1.6772,2026-09-02T17:48:16,global,Google Play,0
2f581a84-f52a-487f-ab0b-ebad6722c1ba,Benedetto Tornetta,5,,Ottimo,26.2.0.6624,2026-09-02T17:31:59,global,Google Play,0
65079a9b-fd26-42e3-b909-e30a36bdeaa1,Pamela Siemann,1,,App installiert und öffnet sich nicht. dislike,26.3.1.6772,2026-09-02T17:04:53,global,Google Play,0
863847f5-8d8f-4da6-833b-86d3e1a4b2c9,Mints Alexey,1,,Constantly crashing and losing connection to printer/cloud. Slowly loading interface with new buttons popping up in the middle without warning when i try to tap anything.,26.3.1.6772,2026-09-02T16:34:05,global,Google Play,0
23c6ad75-f93f-4c99-9bd6-aa26bc0bea74,Alistair Mills,1,,Over engineered printing. Awful printing experience. Getting the thing to print is an art rather than science. Printing should not be this painful in 2026 - simplify the offering and just reliably print!,26.3.1.6772,2026-09-02T15:34:23,global,Google Play,0
a2a67760-cca6-4d39-aa14-2b354dcc8434,Maribel Aguilar,5,,"es muy practica, tiene muy buenas funciones! muy servicial",26.3.1.6772,2026-09-02T15:31:29,global,Google Play,0
f5995d63-f7b8-44ca-a74a-88b8a7b9f495,Carlos Valencia Cornejo,4,,"La app es buena, pero la impresora tiene mala configuración de WiFi. Demora mucho en hacer la conexión, se desconecta de pronto, etc. Si mejoran eso, podrían ser la mejor del mercado.",26.3.1.6772,2026-09-02T15:28:47,global,Google Play,0
634dde0b-6e0f-4743-9656-e4fbf5e05bd4,Bo Regnlin,5,,mycket bra skrivare och lättanvänd. Bra med matarfunktionen när man kopierar eller skannar.,26.3.1.6772,2026-09-02T14:44:59,global,Google Play,0
3ccc9992-5b93-4251-8688-ed5f1c64fd42,Márcio Silva,5,,ótimo,26.3.1.6772,2026-09-02T14:30:13,global,Google Play,0
3bdf831b-713c-4136-bace-6b9360b98d94,Bert Wiemer,1,,Neu sortieren funktioniert nach dem scannen nicht mehr,26.3.1.6772,2026-09-02T14:19:58,global,Google Play,0
4eda7643-c2dd-43e3-bc9c-ba0921ff3adb,Terri R,1,,wont scan to computer. no help available,26.3.1.6772,2026-09-02T14:16:04,global,Google Play,0
0483e9c2-56f9-4b94-91ab-7ea564327593,Christophe E,5,,"installation très simple, très pratique et facile d'utilisation.",26.3.1.6772,2026-09-02T13:58:21,global,Google Play,0
9cb6517f-043e-4941-b1bd-4dcdf99ff785,Perrenoud Laurent,1,,on arrive à se connecter à aucune de mes imprimantes de cette marque,26.3.1.6772,2026-09-02T13:56:23,global,Google Play,0
4f58861e-6203-492b-9cd8-0251bd7d90dc,Oscar perez de la cruz,1,,Cualquier otra marca es mejor que hp,26.3.1.6772,2026-09-02T12:51:06,global,Google Play,0
db261777-24ae-44a9-8ea2-dc8f5dd12432,Khizer Abbas,5,,good experience,26.3.1.6772,2026-09-02T12:32:18,global,Google Play,0
6ee8b5e7-cef1-43e6-bb5d-4f27dda26268,Jasper Reikevik,3,,Slower than notifications of Phone since months i prefer using the phone built in Print option than this App,26.2.0.6624,2026-09-02T12:12:51,global,Google Play,0
9211bc27-5ea5-4bc5-89db-77ad0f538fd8,vinod kumar,5,,good service,26.3.1.6772,2026-09-02T11:43:30,global,Google Play,0
531109e0-4f2a-4587-93c0-c562226db3ea,Joey Williams,5,,Very good.,26.2.0.6624,2026-09-02T11:25:50,global,Google Play,0
c328c912-6b5b-4a06-8a83-7531a099eb39,Ndumiso Malungani,5,,Great App that works seamlessly with my HP DeskJet Plus 4120,26.3.1.6772,2026-09-02T10:56:26,global,Google Play,0
419356da-84b3-4175-b05e-cc9d666971ca,Giovanni Civitelli,2,,Non si apre e oggi è inutilizzabile e la prima volta che capita,26.3.1.6772,2026-09-02T09:53:43,global,Google Play,0
832150b9-6782-4773-b6dc-8cede7e1f279,Daren Brett,1,,"Absolute dog toffee. If you want to print from your smart phone, good luck. If you want to print from a Chromebook, don't even bother. It's going back to the store.",26.3.1.6772,2026-09-02T08:18:19,global,Google Play,0
f5b16441-1503-4dbd-b50d-732977d47300,K L,5,,Super application. facile d'utilisation. L'image est de bonne qualité.,26.3.1.6772,2026-09-02T08:10:29,global,Google Play,0
976627b7-b21d-4f54-be77-d30f6deea918,minato love,1,,HP smartからHPにアップデートしたところ、プリンタを認識できなくなり、一切印刷ができなくなった。最悪。tango xです。,26.3.1.6772,2026-09-02T08:05:04,global,Google Play,0
41bf2310-5b61-4f6a-8f98-e290d86a3e31,Tejpal Gehlot,5,,good,,2026-09-02T05:55:51,global,Google Play,0
537aec95-2a07-4770-97bb-accf42da7d90,Amy Lohse,5,,easy to use.,,2026-09-02T05:53:07,global,Google Play,0
5add4a04-c912-4526-a911-927756074663,Manuel Vergara,1,,Sus impresoras no funcionan o fallan constantemente,,2026-09-02T05:07:20,global,Google Play,0
60d71598-fb3d-4542-8e96-6c3ccd350eec,Michael Mullins,1,,"the app has gotten no better over time, still drops my printer which is perfectly connected to my network and visible with other apps...but want to scan anything...nope have to use our app for that, which never works or fails to detect its own products...and the support page, good luck in it loading... it would be nice actually owning the products we pay decent money for... -5 star review",26.3.1.6772,2026-09-02T02:55:57,global,Google Play,3
7da79db8-702d-488c-8887-867f6c4c1bb0,Ivana Lorenzin,1,,mi HP de 3 meses dejó de funcionar y nunca tuve respuesta alguna ...,26.3.1.6772,2026-09-02T01:35:05,global,Google Play,0
9f161f68-28c7-47d1-95be-54af11b3713b,T M,2,,It was easier before.,26.2.0.6624,2026-09-02T00:53:50,global,Google Play,0
14e7e3c6-a49b-4137-8aaf-014c9c88405e,Cynthia Copa,5,,son maquina excelentes muy satisfecha de tenerlas,26.3.1.6772,2026-09-02T00:42:48,global,Google Play,0
8575ac91-6288-4cfe-baae-9cf7120dd908,Jaimie Lauren Templeton,4,,it works great,26.2.0.6624,2026-09-02T00:20:14,global,Google Play,0
80504bad-8cf1-4c3a-8e4a-8983ee14215c,Susi Alvarez,2,,me ha dejado de funcionar de repente me da error,26.3.1.6772,2026-09-01T23:17:50,global,Google Play,0
f39eaa39-9d2c-463b-a29c-d8d91e685a23,Jenniffer Arias Macias,1,,"me da irás cada vez que cambio la contraseña de mi WiFi, la impresora se desconecta y tengo que hacer toda la configuración desde el principio, como si fuera nueva. Eso toma mucho tiempo y es innecesariouna actualización para solo ingresar la nueva clave y listo, sin repetir tantos pasos ... una porquería esta aplicación , un lío y una eternidad para poder imprimir, deberían hacer algo útil y que resuelva la vida, deberían mejorar la porquería de aplicación.",26.3.1.6772,2026-09-01T23:02:11,global,Google Play,1
f1020546-fbd3-425a-b9be-c599283684ac,Nekros,5,,"Can't believe I'm giving the HP app 5 stars but I was genuinely impressed with how instantaneously I got into the app as a guest user, found and paired my printer, and scanned without any latency.",26.3.1.6772,2026-09-01T22:38:18,global,Google Play,0
04953fde-b67a-48f7-a551-0cf27b1f5381,Violeta Barros Lagunas,2,,"No entiendo que onda con esto, tengo que estar siempre poniendo nuevamente la contraseña de mi red... Ademas de que cuando la abro para imprimir tal cosa, me saca de la aplicacion automaticamente",26.3.1.6772,2026-09-01T22:23:02,global,Google Play,0
f0bd304d-1ff8-49ad-8cbd-cea4d9684daa,Greya Chiroque,5,,buena inpresor,,2026-09-01T21:59:41,global,Google Play,0
e13040a2-9dbd-482f-88ce-03a013528826,Rowena Moore,1,,"Frustrated. Was easyish to set up then we got fibre, new modem and network. it keeps saying error after following instructions. Uninstalling and buying a new printer",,2026-09-01T21:46:27,global,Google Play,0
9c95fdf5-3a19-4c4a-bf17-c43f352bc52d,Orlando Lopez,5,,excelente,26.3.1.6772,2026-09-01T21:02:34,global,Google Play,0
37bf89b7-6bf0-4967-8ff4-3c0e3a93e342,Gonzalo Sánchez Meléndez,1,,"desde la actualización, un desastre",26.3.1.6772,2026-09-01T20:53:25,global,Google Play,0
cc0a7aaf-be7d-4850-be4d-30d14e693309,Toshalyn Quiroz,5,,great,26.2.0.6624,2026-09-01T20:47:12,global,Google Play,0
6cd503e8-916b-4546-b22b-c6a148bf8850,Ha Ba,2,,05/2024 - 09/2026 (!!) No Update-Infos,26.2.0.6624,2026-09-01T19:58:29,global,Google Play,26
95fbb5a0-a562-4978-a5f0-599d3eb7a62c,Cynthia Rill,1,,DO NOT USE IF EPILEPTIC i have photosensitive epilepsy and the scan edit preview page begins to flash rapidly when you open it. i am lucky it didn't trigger a seizure thanks to my medication but it felt very dangerous for me. i recommend everyone who is epileptic to avoid this app entirely for scanning.,26.3.1.6772,2026-09-01T18:46:09,global,Google Play,0
79094694-245c-4929-b335-daeaf17e01c9,Alam Ahmadi,1,,absolutely useless,26.3.1.6772,2026-09-01T18:30:17,global,Google Play,0
7518f213-57e9-4be9-8b89-425776cba247,Harrag BENTURKIA,4,,good,26.3.1.6772,2026-09-01T17:51:27,global,Google Play,0
3cf94aa9-7259-462e-9e38-fa2c00fb6cd4,JustSay Bird,1,,Gotta love the update bricking my current connection to my printer when before I updated everything worked well.,26.3.1.6772,2026-09-01T17:29:09,global,Google Play,0
ec845ca3-94ca-41e1-952d-18c1c5e58c65,DANIEL ENRIQUE VAZQUEZ CONTRERAS,1,,mañana actualización quitaron la opción de rotar documentos y ahora ya no se pueden mover las hojas o reorganizar,26.3.1.6772,2026-09-01T17:27:21,global,Google Play,0
e62389de-5ef7-4e54-9d0e-97a8c0b57692,Sandi T,1,,trouble printing. yes I have tried all the recommendations except for starting all over again. HP 4500,26.2.0.6624,2026-09-01T17:16:22,global,Google Play,1
1405ce60-4372-4e9d-92fa-b1a561c95ced,Jan De Ruyck,1,,It's always the same with HP. Always a jam when the pressure is on.,26.3.1.6772,2026-09-01T16:22:04,global,Google Play,3
e64994d0-a818-4396-8ed2-5eaf10f9977e,DAPHNE ALEXANDER,1,,the apps arent working,26.3.1.6772,2026-09-01T15:06:58,global,Google Play,0
1c1d2658-c982-4d0c-8a40-e2e222b72a63,Heidi Sinn,3,,immer wenn ich auf die App gehe kommt ein weißes Bild und es tut sich nichts mehr muss mein Handy dann neu starten damit die App funktioniert das ist doof,26.3.1.6772,2026-09-01T14:29:12,global,Google Play,0
b940b26e-5f1c-40a8-bd71-83c2408a3a72,Pat Kuzbida,5,,ease of ordering,26.2.0.6624,2026-09-01T14:09:06,global,Google Play,0
a9fef9fd-0c22-4cee-a292-cab0c4bd79c1,Ripxnxzzz,5,,Te amo HP,26.3.1.6772,2026-09-01T13:53:40,global,Google Play,0
ad9a3169-8490-4476-962e-aa03f42efe02,Maira Hermosilla,5,,excelente,26.2.0.6624,2026-09-01T12:57:06,global,Google Play,0
a0dd059f-0cee-477b-928a-7681988b26c9,cocotte54 mail,5,,Excellent,26.3.1.6772,2026-09-01T12:15:10,global,Google Play,0
70cef8a4-18d5-4cb9-9b7b-fe360b457aa8,Kaye Mitchell,3,,can be a bit slow to process the document. but still a great tool,26.3.1.6772,2026-09-01T09:06:12,global,Google Play,0
381181ab-93af-42f7-bc7e-3b5c69428d57,Vanghiu Dzega,1,,devo fare abbonamento anche se stampo 10 fogli al anno? io da sempre ho avuto le stampanti Epson....adesso torno da loro..,26.1.4.6508,2026-09-01T08:08:33,global,Google Play,0
095ead71-4e34-4015-bc38-aa653a6d8155,Diana Evelyn,2,,"la versión anterior era un poco mejor, es decir, en el ámbito de poder imprimir sin bordes y que te permita hacerlo ya que o no te deja ni cambiar la opción o te lo permite pero no lo hace, es horrible querer tener toda la hoja y que no tenga bordes y si es bastante estresante que si tenga bordes cuando no los quieres, por favor que sirva esa opción de no bordes y que si imprima sin bordes :c",26.3.1.6772,2026-09-01T07:01:27,global,Google Play,0
7e80ead8-de75-46ad-b4fe-8695b0c4acbb,osmar enrriquez,1,,"DA Demasiados problemas, la descargué por que compre una impresora HP Smart Tank 583 y solo pedía reiniciarse, tardaba mucho en conectarse con la impresora, la ayuda virtual es muy poca útil. Es la primera vez que compro una impresora HP y creo que será la última.",26.3.1.6772,2026-09-01T06:05:25,global,Google Play,0
56a7bb68-573a-41d5-bbf4-164c0f3daa15,Athato offline,1,,now hp is being fraud. worst fraudulent experience,,2026-09-01T04:46:23,global,Google Play,0
7ce91ddb-543e-458e-838c-776d192e27ef,Elisabet Cortes España,5,,es genial,26.3.1.6772,2026-09-01T04:43:10,global,Google Play,0
0444a5e8-d590-4a93-a610-0436a1bd8bba,Mograat Ola,5,,Great,26.3.1.6772,2026-09-01T04:01:03,global,Google Play,0
d49efae7-9836-4405-b9dc-5750218f959d,Morgs J,1,,"terrible app, consistently loses connection",26.2.0.6624,2026-09-01T02:30:39,global,Google Play,0
beffa881-7c30-44e5-93c5-6fbcd73db06b,Héctor Salinas,5,,Las veces que la he ocupado me ha servido bastante. Era buena antes pero ahora es mejor.,26.3.1.6772,2026-09-01T02:16:01,global,Google Play,0
136aa01a-4603-4de2-9b78-eee969c108f5,M B,1,,Please fix the app to go edge to edge. The black gesture area should not be black. It should match the rest of the app. The Android app should match the IOS/iPhone app.,26.3.1.6772,2026-09-01T02:03:10,global,Google Play,0
9f43ecd8-8995-4d17-ac28-fd90fdbb7ec9,Oscar,5,,"excelente, muy amigable",26.2.0.6624,2026-09-01T01:54:34,global,Google Play,0
dc20e3a8-7680-45d5-9e79-50acaf4d4854,K S,1,,Does not support usb connectivity to printer. Bloated at 161MB,,2026-08-31T23:04:38,global,Google Play,0
120123cc-1e61-4ebe-97aa-430ef6571981,Fernando Jiménez Pérez,3,,aveces tiene error de conexión,26.2.0.6624,2026-08-31T21:31:36,global,Google Play,0
e6c8e5a2-c7c4-40a3-a646-b84d3bea730c,Danny Lam,5,,"A decent app, keeps you up to date with your printer, but I doubt its ink accuracy",26.2.0.6624,2026-08-31T20:21:01,global,Google Play,1
457c39ea-c58b-46b0-8dd7-1eecaa5b7cb3,Günther Buchebner,1,,HP Mobil Fax funktioniert nicht sagt keine Internet Verbindung bei Internet Verbindung,26.3.1.6772,2026-08-31T19:24:35,global,Google Play,1
e83b858c-8539-4aad-924f-37f221a41478,Angela Henry,1,,"I lease a all in one Printer from HP ALL In One Printer included in the service, was ink and the servicing of said printer. the first Printer i received work exactly 1 week, so it was returned and the were to send out a replacement, which came after 2 weeks, the new Printer arrived broken the top the glass , to put it lightly it was smashed, it has been almost 2 months that I have fought with what seem like everyone in HP I am still without a Printer consumer please beware of this company.",26.2.0.6624,2026-08-31T18:22:25,global,Google Play,0
554777ce-4357-4553-a4e7-56278341be7c,Esteffania Rodriguez,5,,excelente,26.2.0.6624,2026-08-31T17:28:02,global,Google Play,0
abe27815-88ab-4975-aa44-9411b4b38ebf,Javier Cordoba Mendoza,1,,malísima inversión,26.3.1.6772,2026-08-31T15:33:29,global,Google Play,0
426c92af-7ae4-4a68-8ace-e20090a72a3b,santosh yadav,5,,very good 💯💯,,2026-08-31T14:43:37,global,Google Play,0
8918d6c4-b855-41de-9657-bdaf0a647049,Monkey Banana,1,,Tout allait bien mais aujourd'hui impossible de scanner et je suis le jour de la fin d'exercice comptable... Super HP ! Merci beaucoup pour ce plantage !,26.2.0.6624,2026-08-31T14:30:43,global,Google Play,0
c5c03f4a-ddd1-4ae9-a4cf-d3e884bdb6cf,Živko Čupić,1,,L'app è lenta. Spesso e volentieri non si apre quando mi serve. Cercherò un'alternativa,26.3.1.6772,2026-08-31T14:21:37,global,Google Play,0
d985fc16-5a3c-4b3f-a5a7-b7cccf93b0b6,Jakeline mauriz sousa,4,,Lento pra abrir.,26.2.0.6624,2026-08-31T14:03:55,global,Google Play,0
2d66d7d6-5bb8-4e94-b6d5-87e768e36fc1,Chris G,1,,They need to improve renaming printers of the same model. When it comes to actual remotely printing a job... those steps are not simple enough. it's like a guessing game when trying to print having same model printers,26.3.1.6772,2026-08-31T13:56:40,global,Google Play,0
e212b21d-90d4-4281-b77c-ba3741b71f82,Sharon Zalewski,1,,"another app that gets worse with every update. print and scan from your phone! scan from the touchscreen and send to your computer! Nope. that was possible with previous versions of the app. but not this one. It always says the printer is not connected - but somehow hp knows my printer IS connected to calculate my monthly fee! I have always bought HP Printers. this is likely the last one, for the app frustrations alone.",26.3.1.6772,2026-08-31T13:54:28,global,Google Play,1
8b468b66-8055-4e0e-aa06-1c8def5e1e87,Christina Cameron,1,,The amount of hoops that you have to go through for something so simple is ridiculous. why does everything have to go through numerous web pages? who makes your websites?,26.3.1.6772,2026-08-31T13:53:03,global,Google Play,2
1869e0d5-a708-405c-9212-b5d124392d43,Lauro Jacob,5,,perfeito gostei muito,26.2.0.6624,2026-08-31T13:49:43,global,Google Play,0
d059c823-7d6a-4c12-bf01-c0f67b213908,Wilmer,4,,perfetta !!,26.2.0.6624,2026-08-31T13:35:41,global,Google Play,0
716766ee-cbb4-4bde-81e5-2faa6c637308,S B,1,,"Die App findet den Drucker mal, dann wieder nicht. Die Diagnosetools funktionieren mal, dann wieder nicht. Die App und Nutzerführung ist unübersichtlich, und führt immer wieder in irgendwelche Sackgassen.",26.2.0.6624,2026-08-31T12:37:39,global,Google Play,1
cadfaa26-2b6b-410e-a9e7-adea44c0b9d3,Isaias Martins,5,,Óptimo,,2026-08-31T10:43:39,global,Google Play,0
84b36faa-dbdb-4be2-92dd-a51d8c25ae40,Kerstin Adams,1,,"Nichts geht mehr,ständig heißt es kann keine Verbindung herstellen. Es nervt nurnoch. Internet verbunden,alles korrekt eingestellt, er verbindet sich nicht.",26.2.0.6624,2026-08-31T09:29:58,global,Google Play,1
6fe6ee67-cb25-4a97-b467-c3538a0b5911,djomo lina,1,,Des pb chaque fois,26.2.0.6624,2026-08-31T09:23:44,global,Google Play,0
1f89874c-5ccd-4c43-b0a1-c9a418942266,talk4243,1,,Nichts funktioniert,26.3.1.6772,2026-08-31T08:03:41,global,Google Play,2
715da245-2600-4868-a0ff-212392bd6bad,linou0107,1,,l'application est une grosse M... je n'arrive plus à imprimer mes documents. tout est fouillis . je vais me rabattre sur une imprimante Canon,26.2.0.6624,2026-08-31T06:59:22,global,Google Play,0
9e86eff4-04be-4cb6-8414-5642aab683aa,Code Minion,1,,"It's actually impressive how bad the HP printer app is both on Android and desktop, every screen takes almost 10 seconds to load, and by the time I get to the unsubscribe button they've logged me out. This experience has taught me a valuable lesson, never work with HP again.",26.3.1.6772,2026-08-31T06:42:23,global,Google Play,0
1053b792-5e05-4b61-b3f2-d4e6eebc51fc,jamilamechbal,4,,très bien,26.3.1.6772,2026-08-31T05:46:55,global,Google Play,0
eb7d6519-b69d-4ec0-949f-caa96819c821,Theckla Zykios,5,,Very good,26.3.1.6772,2026-08-31T04:33:06,global,Google Play,0
10c7ad20-efd6-47e5-b945-99a2a7492c44,IBVisuals,1,,Most frustratingly slow printer app I've ever used. Trying to add a printer is like pulling teeth...I have a canon printer and never have this problem.,26.3.1.6772,2026-08-31T01:10:30,global,Google Play,0
fb1fb1f1-2c22-49a0-9cf8-e28fe8a8cdba,Jackknife Freddey,5,,"excelente, muy útil la app",26.2.0.6624,2026-08-30T23:47:50,global,Google Play,0
95062b4d-8ba2-42c2-9719-c92f23335663,anastacio,5,,muito bom costei muito bom,26.2.0.6624,2026-08-30T21:45:26,global,Google Play,0
e4feffcb-4ee8-4d25-8631-56767e491a58,leon hilarion,5,,appli exélleente,26.2.0.6624,2026-08-30T20:53:58,global,Google Play,0
18ffb0a9-abf8-4c99-923c-c3dcf8091c0a,Sebastián García Barcelos,4,,Es buena,26.3.1.6772,2026-08-30T18:33:59,global,Google Play,0
0d47276e-9ba0-44e6-83f8-d541a56626d7,Joëlle,1,,pas moyen de faire fonctionner,26.3.1.6772,2026-08-30T18:18:55,global,Google Play,0
f471b7b9-c1c9-4775-ae5b-ed0f82b14b7a,ISMAEL,1,,TENGO QUE APAGAR Y VOLVER A ENCENDER LA IMPRESORA CADA VEZ QUE TENGO QUE ESCANEAR UN DOCUMENTO. DESESPERANTE EL TIEMPO DE CADA PROCESO PARECE COMO SI SE ESTUVIERA RECONSTRUYENDO EL DISPOSITIVO.,26.3.1.6772,2026-08-30T17:43:09,global,Google Play,0
bfdfc1a0-aaf7-440c-8f79-96c3297d8a19,Mickael H,1,,Ça ne fonctionne plus !!! C'était très aléatoire avant mais là ça trouve l'imprimante mais impossible d'imprimer ! J'ai donc supprimé l'appli,,2026-08-30T16:13:46,global,Google Play,0
479f6c6c-5d86-46f8-bc87-f4ca005886e1,Ehtisham Javaid,1,,doesnt have my printer listed hp LJp1102 thumbs down,26.3.1.6772,2026-08-30T16:01:56,global,Google Play,0
f75a8bea-d8f7-4f7d-bfe2-8e069415de00,Slavomír Bohuněk,1,,"How on earth can be HP so bad. App can't connect to printer, if you manage, then it cannot register it. It's trash.",26.2.0.6624,2026-08-30T14:15:37,global,Google Play,0
9afb08a8-3c5f-4f84-9687-44ffafb3d7c8,Bianca Siqueira,3,,O aplicativo está dando erros não consegue imprimir PDF só fotos,26.2.0.6624,2026-08-30T13:33:52,global,Google Play,0
994513d1-79c0-4d67-8b6c-7fefe39f2e74,JPT (JPT),1,,"Katastrophe PC (windows 11) erkennt den Drucker nicht, damit ist das Ding ein Fall für den Elektroschrott. Danke HP - das war wieder nix!",26.2.0.6624,2026-08-30T11:33:41,global,Google Play,1
babc894e-e872-450a-8b14-0fdf5a9166f6,tina coppola,1,,trouble with connecting to wifi,26.3.1.6772,2026-08-30T11:11:57,global,Google Play,0
3ed4ac7e-0490-49a4-9a70-4d61cd5242cc,Samantha Hensley,1,,what a mess !,26.3.1.6772,2026-08-30T05:24:39,global,Google Play,0
06c23c25-85ac-4208-8912-6c20f468b8af,Mister Mike,5,,HP printers are a must have!!,26.2.0.6624,2026-08-30T02:07:38,global,Google Play,0
fd1a1f98-e455-4c3a-8139-2c3c4743c188,Robert G Williamson,5,,"quirky every now and then, but I can jump back and forth between the phone and the tablet.",26.2.0.6624,2026-08-29T23:53:03,global,Google Play,0
daf0d53d-9c48-4b96-9fe1-e2b16918fc87,Taufik Irawan,4,,nice,26.2.0.6624,2026-08-29T22:07:29,global,Google Play,0
f583d26b-0237-474c-8db9-f46fe8e03b72,Markus Scherm,1,,Hat mal super funktioniert. Inzwischen ists Glücksache. Druckt meist nur Streifen oder gleich ganz schwarze Seiten :-( Deinstalliert..,17.0.0.4492,2026-08-29T19:13:08,global,Google Play,2
038d06fb-f23b-46cb-9056-ef8e58d57a3f,Chris LaVoie,1,,forced to use,26.2.0.6624,2026-08-29T18:19:02,global,Google Play,0
a77089fc-7726-45ee-bf9a-c0a69fe52129,sirshti yadav,1,,bery bad app it is no dwanloding it hete it,,2026-08-29T16:29:19,global,Google Play,0
6842190b-3428-47cf-a4db-3bc5b8363c9d,Jonathan Paglialunga,1,,"Hp toujours à la ramasse... la nouvelle appli ne déroge pas. Ma vieille appli e-print marche encore un peu, mais cette nouvelle appli HP ne se connecte pas à l'imprimante en dépit de tous les dépannages effectués sur le réseau. Dernière fois avec Hp, ca fait 10 ans que vous faites n'importe quoi et que vous avez une guerre de retard. Absolument honteux.",26.2.0.6624,2026-08-29T16:28:56,global,Google Play,0
51454764-87b1-47d0-8e00-b5bd62d728f9,Bruno Galvez,1,,c'est un enfer cette application et je viens de me débarrasser de cette imprimante,16.0.2.4231,2026-08-29T15:43:10,global,Google Play,1
7ed97252-7054-4b4c-a3bf-2d20afe1f3f3,Robert Weller,1,,not opening,26.3.1.6772,2026-08-29T15:20:35,global,Google Play,0
c8c83f06-f0e1-42a1-b912-907ea2617cc4,Bernadette Escande-Bayrou,1,,Ne correspond pas au service attendu et propose par HP. L’impression est realisee sur 1/4 de ́la largeur de la page. Impression inexploitable. Je suis tres decue. Merci.,26.3.1.6772,2026-08-29T12:27:45,global,Google Play,1
ed42edce-36aa-454b-b935-9fb6dc411555,Rakesh Shastri,5,,Excellent result. Amazing experience. Very very easy to accomplish tasks. Great interface,26.2.0.6624,2026-08-29T12:20:06,global,Google Play,0
e4aa0a87-7073-47ee-a437-006a30f2d453,Betsaida Romero Romero,5,,"Fue un regalo que me hicieron y de momento genial ,aunque me peleó de vez en cuando con ella ,hasta que sepa manejarla bien ,pero gracias a qué es intuitiva voy rápida . Muy buena marca para mi ,ya que la anterior también era una HP y me ha durado 20 años,pero ya sus cartuchos eran imposibles de encontrar espero que está también me dure mucho .",26.3.1.6772,2026-08-29T10:41:15,global,Google Play,0
01d6f01d-943c-46e4-811a-e30091c6e38d,Sandra Hendrickson,1,,Did not help to re set my printer have been doing this for over 2 hours,26.2.0.6624,2026-08-29T08:31:37,global,Google Play,0
013149ae-3b3d-48b8-9953-96b0e16bfce6,Romina Lugano,5,,Con l'ultimo aggiornamento non si riesce a fare più nulla,17.15.0.4720,2026-08-29T08:23:05,global,Google Play,0
750d581c-7c34-464b-aeb1-d0f7edcccd6f,Kenneth White,5,,great!!!,26.3.1.6772,2026-08-29T07:13:17,global,Google Play,1
f4511ac8-10b2-478e-bbc8-0728aba36a45,MIGUEL ANGEL,5,,muy práctico y muy profesional,26.3.1.6772,2026-08-29T04:51:39,global,Google Play,0
a0fc0957-3111-4469-b7df-19edd54f501c,Prince Rabbit,1,,it's hard to using wifi direct without hotspot connection,,2026-08-29T00:30:20,global,Google Play,0
5304c2db-85e4-45d0-a9c8-52248f4dfa7a,Ariipoziita,5,,muy útil y fácil de usar,26.3.1.6772,2026-08-28T23:43:51,global,Google Play,0
22bff471-d6f2-483d-968e-d30210b2d9dd,Mike Grant,1,,pay a monthly fee to use even if you buy your own ink don't buy ever,26.2.0.6624,2026-08-28T23:32:30,global,Google Play,0
e8625f5f-0cc7-45cb-8e23-be888568481a,Ahmed Mostafa,1,,Very bad,26.2.0.6624,2026-08-28T21:41:56,global,Google Play,0
1d9895ed-d84c-4274-8584-813732067df2,Faith Burns,1,,can't open app. terrible!!!!,26.3.1.6772,2026-08-28T21:41:16,global,Google Play,0
72e1fa1f-3dea-445a-9bd9-2b8554b30a8f,Tim Johnson,1,,its a pain in my rear..im consistently having issues trying to connect to my printer,26.3.1.6772,2026-08-28T21:29:46,global,Google Play,0
1cae35c5-1966-4a46-a9e3-e9bef9f5893b,Maria Isa,5,,Excelente aplicación de HP para escanear e imprimir desde el dispositivo movil,26.2.0.6624,2026-08-28T19:47:50,global,Google Play,0
b27068df-f50e-4e41-b5a2-8bb96a4b92d5,ATOUR Versace,1,,"terrible. hp has gone so bad in treating their customers lately, especially in ink, I'm moving to Epson now.",18.5.0.5369,2026-08-28T19:00:33,global,Google Play,0
e87ac463-7433-4ed7-9313-2063a541a77c,Llane,1,,"Google needs to mark this as contains ads, and paid subscriptions. also forced cloud on users just to finish configuring their printers.",26.2.0.6624,2026-08-28T18:34:47,global,Google Play,0
f1153263-8420-43ec-b2c3-4599972ae916,Sharon Zuch,1,,can't get into app.,,2026-08-28T18:31:45,global,Google Play,0
2021042a-12d0-460d-88d5-f93148c03a22,Josué Franco,5,,Super practico y fácil de usar,26.2.0.6624,2026-08-28T16:28:55,global,Google Play,0
7607c080-48e5-49ea-bf3e-dfefa62003e9,Bhimrao Shahare,1,,not connecting trying for 3 hours with different mobile by installing but still don't connect to my printer and not giving access. old app was super fast connecting and print os. this is worst. why you make connecting process so long time wasting,,2026-08-28T15:50:31,global,Google Play,0
52c34bab-e7f9-4bce-94f2-c2fd01e89425,Christian Liesche,3,,Sehr träge.,26.2.0.6624,2026-08-28T14:41:25,global,Google Play,0
3277897d-553d-45c5-b709-1c8d4c1b1981,FNALフランコ,3,,"podrian agregarle una opción para imprimir paginas pares e impares, porque no se puede imprimir en doble faz",,2026-08-28T14:17:16,global,Google Play,0
2c078abb-3b7f-45f2-962c-f770f34472ea,Ernesto Cortés Zamora,5,,Buena app para escanear documentos con la cámara. la mejor,26.3.1.6772,2026-08-28T13:52:01,global,Google Play,0
cc25e78d-06e7-4ae1-8659-e4aab16424b6,Rafael De La Vega Beltrán,5,,"me ha sido de mucha utilidad, y es rápido para imprimir",,2026-08-28T11:34:22,global,Google Play,0
9d543a9f-40d3-4dd8-bedf-831ae6f15934,Guillaume B.,1,,eh oh Hp à vendre des imprimantes avec une application horrible en 2026 ouahhhh rien ne fonctionne lamentable vendre des imprimantes connecter avec une application qui bug et ne fonctionne pas pour moi c'est de l'arnaque pure ..... 2h de perdu pour une simple impression. résultats négatifs ... j'espérais gagner des temps Bravo Hp votre imprimante connecter à la benne......!!!!! professionnalisme zéro zéro et zéro,26.2.0.6624,2026-08-28T10:37:55,global,Google Play,1
2195777c-67e1-4635-8355-86b95eba6010,caroline guillard,1,,"Ca bug tout le temps, l'impression est aléatoire une fois ca marche pas l'autre bref c pas fou",26.2.0.6624,2026-08-28T09:55:22,global,Google Play,1
372594c5-1ce5-4d23-a039-126463a36bbe,SAMANTHA APPICCIUTOLI,1,,penoso non gratuita,7.0.164,2026-08-28T09:41:11,global,Google Play,0
4a4ddcde-1496-4daf-af15-3674af363b27,Patrícia Alexandra Silva,3,,deixei de poder imprimir pela APP só porque comprei tinteiros compatíveis,20.2.0.6076,2026-08-28T09:35:03,global,Google Play,0
3231e679-bf8c-4587-9f7f-2860410226d4,Khurram Shahid,1,,just one time used now giving errors,26.3.1.6772,2026-08-28T09:09:05,global,Google Play,0
c842f0c8-6129-4400-ab3b-ee2fb4dd7f62,Clair Verquin,5,,application top pour bien utiliser l'imprimante,26.3.1.6772,2026-08-28T08:02:33,global,Google Play,0
37eca757-336a-4b47-96cb-775614f00f09,Cas,1,,super buggata,26.3.1.6772,2026-08-28T06:02:14,global,Google Play,0
97574b46-b83e-49fa-8802-8d0fd4f780a1,Dane Diaz (Daner),1,,"This app genuinely makes me want to hang myself publicly. It is so frustrating, weird paper editing while trying to adjust size, takes ages to connect (good internet, good phone, decent printer) and it crashes every. single. time. I only had this app for about a couple hours before I was losing hair over it and decided to use other apps. please don't waste your time with this. Edit: I have used other apps before and they worked fine. I had no issues and had a good time because they worked.",,2026-08-28T05:13:17,global,Google Play,0
84780d5e-a3dc-437e-8c1d-0cc7a5683056,Marlene Quintanilla,5,,👍,,2026-08-28T04:57:14,global,Google Play,0
3ab84941-46b1-4f50-8472-adcffdccb49a,Juan Villa,5,,Genial... le doy un 10,26.2.0.6624,2026-08-28T04:32:27,global,Google Play,0
1ac679f2-6674-4079-a118-724ad972987b,yaz castillo,5,,"Fácil de usar y muy completa, para prevenir el reemplazo de tinta y el scaner desde el celular fantástico",26.2.0.6624,2026-08-28T01:48:38,global,Google Play,3
bfd09bfb-5614-4554-bbd0-74f10aa93494,CHRISTINA RAZO,1,,muchos problemas con la conexión,26.2.0.6624,2026-08-28T00:07:04,global,Google Play,0
937c2c96-daab-43db-94e0-87967ab52033,ian pinto,5,,qué bueno que todavía existan aplicaciones que sí de verdad sean buenas ya que algunas que son piratas y no sirven no como tú HP Gracias por existir te amo,26.2.0.6624,2026-08-27T23:58:42,global,Google Play,0
0619e2ed-8213-418a-a31a-102284f96662,Julio Rafael Peña Torres,5,,EXCELENTE,,2026-08-27T21:48:52,global,Google Play,0
aafd799f-34d7-47be-9d80-76c499ed40b8,H. Ganson,5,,Excellent easy to use.,26.2.0.6624,2026-08-27T21:31:34,global,Google Play,0
24c0af44-517a-48df-bff5-9b3cdc7c63c4,Elizabeth Hauswirth,1,,I hate this printer! I can't make decent copies ! I have to take a photo with my phone and send it to the printer. The copies suck!!!,26.2.0.6624,2026-08-27T21:07:43,global,Google Play,0
84862356-45e5-4958-b8ab-fc07aaedda59,F c,1,,"Aparece conectado la impresora con mi dispositivo y quiero imprimir fotos y videos y no me deja. Es una mrd esta app, arreglen los servidores Quiero imprimir desde las app de galería y notas y solo me aparece la opción de las hojas una SOLA, que encima NO USO LPM",26.2.0.6624,2026-08-27T21:01:40,global,Google Play,0
74185f1f-acbb-4201-8558-13526c38eb7f,Dr. Mustafizur,1,,HP ink tank Wireless 419 Not working now days,18.10.0.5530,2026-08-27T20:21:21,global,Google Play,0
19ed525a-4264-49ba-a69a-6e15b9f8bcd9,Marc Amiot,1,,très très compliqué de connecter l'imprimante,26.2.0.6624,2026-08-27T20:21:06,global,Google Play,0
4b452593-6412-47f5-a1a3-753f593c07ce,glenn oneill,5,,pdf scan is incredible,26.2.0.6624,2026-08-27T20:02:07,global,Google Play,0
9355fe72-f95a-45c1-93c5-8bae9e519cad,Byanka Souza,1,,"aplicativo horrível, demora muito para conectar a impressora e as vezes mesmo com ambos ligados a mesma rede ele insiste em dizer que a impressora está offline",26.2.0.6624,2026-08-27T19:40:56,global,Google Play,0
5cf5e134-ccc2-40f6-9930-b299a67d8ecf,Leela Starr,1,,"first they made us get the smart HP smart saying that we had to have a special app to be able to print then they change it back to the name HP, and with the last update there's absolutely nothing showing in the app now! and even Google is screwing up you can't even use the talk feature and have it continue to keep having to push the bloody button!!!!? what happened to Quality??????? it's definitely not HP or Google anymore!!!!! I honestly think it's this AI garbage!!!!!",26.3.1.6772,2026-08-27T19:33:07,global,Google Play,0
63a8d48d-36d5-4e11-a871-f1be1b7adbae,Michael George,1,,counter intuitive doesn't let you choose where to save images and glitches and forgets what you've already scanned,26.2.0.6624,2026-08-27T19:17:56,global,Google Play,0
ce674abc-e315-47a1-a5c2-7f8ce47f80f7,Alain,5,,super,26.2.0.6624,2026-08-27T18:20:05,global,Google Play,0
c4c51daf-5e55-43f9-b8fd-92a597e50fc2,judy pernick,5,,Great app and simple to use,26.3.1.6772,2026-08-27T17:47:31,global,Google Play,0
146b5b38-8fce-4693-87eb-5ba6626890f4,Turhan Ozen,1,,we have a multiple page copy tray but it does not work for scanning,,2026-08-27T17:21:14,global,Google Play,0
8130d9fd-28c2-4575-ba11-34b8bc24f6ea,Sebastian Jelinek,3,,"Ein großes Problem für mich ist, das die App nicht in den Dunkelen Modus umstellbar ist und ich so die Blaue Schrift auf weissen Hintergrund nicht lesen kann.",26.2.0.6624,2026-08-27T16:09:07,global,Google Play,0
f059157c-d73e-40bd-aec1-e7e1296d846b,Luz Perez,5,,la mejor,,2026-08-27T15:34:46,global,Google Play,0
25cb8bb6-280c-425b-b94f-6ff2d7595f16,Ricardo R Bernal,1,,muy compl ada además en inglés,,2026-08-27T14:40:16,global,Google Play,0
2bf98c48-dab5-4181-9fd3-045c5d2a13ac,Gab Raniel G Hermano,2,,Connectivity issues so common,26.1.4.6508,2026-08-27T13:14:11,global,Google Play,0
9360ec9a-dc25-4571-9017-b3e1982beac7,Marco,2,,Works well and shows ink levels but could be improved. Chat in WhatsApp good but should be in app...13/9/25 don't like the recent update to the app. Don't like how you have to log online again when in app to see print plan info pages etc should be in app - hence why I reduced star,26.3.1.6772,2026-08-27T11:57:06,global,Google Play,5
d70a8681-a8c2-4bb5-b086-536a91f23a6f,Stuart Leslie,5,,Great,26.3.1.6772,2026-08-27T11:36:37,global,Google Play,0
aecc3da5-fdc4-458a-a26b-f437ee952c4f,Andreas Hampel,5,,sehr gut weiter so,26.3.1.6772,2026-08-27T10:40:28,global,Google Play,0
608c239f-3f71-47a5-bfe3-6a038d0e7036,Ludovic Abc,1,,impossible de numériser depuis hier. l'imprimante n'est pas détectée alors qu'elle est bien connectée au réseau !,26.2.0.6624,2026-08-27T09:38:25,global,Google Play,0
0839d1ca-8e75-4228-a5b7-0a957ed6c346,Brian Guthmann,5,,Great app to compliment my HP 3-in-1 printer.,20.1.0.5822,2026-08-27T07:18:40,global,Google Play,0
e95cccd4-c6d0-47eb-9812-0302620b7d8a,Rodolfo moya,5,,Eccellente,26.3.1.6772,2026-08-27T06:37:45,global,Google Play,0
25971f3c-dd4a-4c46-85f9-5a921d3525ac,Jorge Eduardo Morales,5,,muy buena,26.2.0.6624,2026-08-27T04:45:17,global,Google Play,0
55606ff8-83f2-41fb-a36e-f9408e1eb96d,arnul goca,5,,execelente,26.3.1.6772,2026-08-27T04:10:18,global,Google Play,0
a5cabaea-5978-4725-9d10-d264e11f2637,Tess Leonard,5,,"this is the real as app for hp it's not worth paying anything from them to print or get 6 months ""free"" ink when buying a printer I'm not paying them to have any number if pages printed for a free ""trial"" and after that as anything from $3.99 -& 5 99 a week or more for a month or a year no matter what I'm not paying anything extra for my printing needs.",26.3.1.6772,2026-08-27T03:56:15,global,Google Play,0
68cc3482-f49e-46ac-ac1b-5ba82a354ac4,Alexandria Perez,1,,the app doesn't work properly,26.2.0.6624,2026-08-27T02:51:26,global,Google Play,0
cf0b4228-5447-42f0-9ae1-20de4ae57980,Lisa,2,,the app is unwilling to cooperate and you spend way more time trying to get the app to work than anything else...,26.3.1.6772,2026-08-26T23:34:38,global,Google Play,0
660175e2-2164-4654-9d3d-0841180320d8,Yesica Sulbaran,1,,Ha desmejorado demasiado la aplicación. Para hacer cualquier cosa en la impresora siempre dice que no está configurada pero nunca termina el proceso.,,2026-08-26T22:15:32,global,Google Play,0
354043a6-a448-45de-9fc8-e6893f3775dd,Martina Sablotzke Google,5,,bin zufrieden,26.2.0.6624,2026-08-26T21:40:52,global,Google Play,0
0f351610-290f-4cdb-a2cf-3c702b0da0be,Marine,1,,"Cette application est a l'image de la société HP, de la Haute Pourriture. Beaucoup de fonctionnalités ont disparues. Maintenant a part recueillir les données des utilisateurs cette application ne sert a rien je vais donc jetter mon imprimante dès que possible.",26.3.1.6772,2026-08-26T20:43:00,global,Google Play,0
f1bd3cd2-f5da-4a6d-b747-f931935f8134,Macc Calderon,1,,I have this app. I should not need to sign in EVERY TIME I used it al home. Anyone in my family should be able to use it without them need to create an account! I need to scan a document but I have to sign in?! In my own computer?! in my own house?! jeez!!!!!,,2026-08-26T19:44:44,global,Google Play,0
a2e167e8-00b0-41fa-b42e-0b310444a587,Rossana Molteni,1,,non posso scegliere le dimensioni di stampa,26.3.1.6772,2026-08-26T19:39:08,global,Google Play,0
c8332ab1-7fcd-43c5-8819-7da916e1f79c,Mike (Mike),1,,Funktioniert nie... Findet zwar den Drucker aber sagt immer er sei offline... WLAN an Drucker an... Geht nicht... HP ist echt bescheiden,26.3.1.6772,2026-08-26T18:50:52,global,Google Play,0
3d64024c-f31f-440e-80fc-c189b1439487,Bryce Mumford,1,,there's nothing good about helping setting up the WiFi on my new printer!,26.3.1.6772,2026-08-26T18:10:10,global,Google Play,0
82347cbb-f117-4c92-bd19-27c38b50bcd8,Radusaurio,1,,"No funciona, se queda la pantalla en blanco. No volveré a comprar productos de esta marca.",26.2.0.6624,2026-08-26T16:58:37,global,Google Play,1
5ee166a6-f505-4448-979a-2d30a4a6ed58,Enrique Miguel,1,,"la peor app que puede haber, en todo es malisima y para buscar facturas lo peor, t pide q vuelvas a abrir sesión...en fin... no la recomiendo nada",26.2.0.6624,2026-08-26T15:42:41,global,Google Play,1
bb039285-acec-49cb-9fe8-dc595b691ccf,Ains s,5,,this app is intuitive and has fun tools! always discoving more about my beloved printer fr <3,26.3.1.6772,2026-08-26T15:22:22,global,Google Play,0
ca33e967-dd92-4bb6-b14e-69fe9f72f1fb,Gw Wallace,1,,doesn't work after many tries,,2026-08-26T14:44:14,global,Google Play,0
3c4aaf0b-a837-4dce-8780-0fb3831d3a97,Rosineide maria Barbosa,5,,top,26.2.0.6624,2026-08-26T14:19:24,global,Google Play,0
ce7ff68c-6c20-4a01-bdba-0b296e3b3230,Willi Wonka,2,,"desde la nueva actualización ya no deja poner ahorro de tinta o toner en mi impresora, espero puedan resolverlo. de lo contrario cambiaré de marca e impresora.",26.3.1.6772,2026-08-26T14:10:12,global,Google Play,1
3c2c9165-8417-4a29-9106-0f3ec7314a90,Okè Kodjo Ibrahim ALAGBÉ IROKO,5,,Super cool dynamique magnifique et très sympathique.,18.5.1.5470,2026-08-26T13:57:14,global,Google Play,0
85a853bd-3f8b-4c0e-bbf1-4d8897344d2c,Diane Schuchert,1,,not user frienddly,26.2.0.6624,2026-08-26T13:47:21,global,Google Play,0
c1e51d2d-55f5-41b1-bc73-716003cebfcc,Cynthia Vanmaris,1,,kan niet installerën op tab,26.3.1.6772,2026-08-26T13:21:19,global,Google Play,0
5a7f093e-b344-40c0-94cd-86acd4fd7cc5,Jhak17,1,,"l'app fà veramente schifo , non tiene l'accesso e ogni volta devo accedere manualmente , sta 2 ore ad avviarsi ( provato su più dispositivi ) spesso mi dice stampante non connessa , e al terzo quarto tentativo la trova. onestamente sto valutando di cambiare marca e stampante 😡😡😡😡.",26.2.0.6624,2026-08-26T12:01:10,global,Google Play,0
f8710f97-4bd8-4616-ae2f-c60549ba8ff1,Noah Oligo,1,,it's so hard to use,26.2.0.6624,2026-08-26T11:19:45,global,Google Play,0
1696c562-8b23-4798-85de-32e761584338,car pools0815,1,,"unterirdischer kundenservice, ewige zeit telefoniert man mit einer schlechten ki die beim buchstabieren anfängt japanisch o.ä. zu sprechen und wenn man nach einem menschen verlangt frech wird. wenn man ein leben lang canon drucker hatte sollte man dabei bleiben, ich dachte ein wechsel könnte sich lohnen... falsch gedacht... permanente wlan probleme, sowas kannte mein mx925 nicht. hat damals 120euro gekostet",26.2.0.6624,2026-08-26T10:58:01,global,Google Play,0
6b5abb4d-b576-48cc-9fca-6c191496f231,Massimo Caligiuri,2,,"Non so se è problema dell'app oppure della stampante, per fare una stampa devo sprecare molti fogli",26.3.1.6772,2026-08-26T10:46:29,global,Google Play,0
f5d4ac80-4733-4c35-93a1-817645f3eb36,Kr0n1c,1,,"It’s incredibly hit and miss — apparently the system decides for itself when it actually feels like working. I’m constantly getting errors for low paper, printing failures, documents not printing in full, and ridiculous amounts of lag. And because that clearly isn’t enough, the exact same problems happen when using the web-based app too. Printing from my phone is even better — I get the lovely “Printing unsuccessful” message, only for the printer to suddenly decide, 20 minutes later to print.",26.3.1.6772,2026-08-26T10:38:58,global,Google Play,0
b20b29e0-f2cb-4438-9fc3-fb815e9e7d2b,Fulcrum Tracy,1,,fake 5 star bot reviews,26.3.1.6772,2026-08-26T10:34:25,global,Google Play,0
ee1ffd2a-80d5-4945-8f5c-27b7c1ab3d62,Daniel Grüß,5,,"Ich besitze einen HP Envy 6400. Ohne Touch-Display. Die Einrichtung fürs Wlan-Drucken ist eine Katastrophe! Hätte ich die Wahl, würde ich ihn in den Müll werfen und einen anderen Drucker kaufen. Wenn denn dann alles nach stundenlangem Ausprobieren und Einrichten funzt, dann ist alles schick. Diese App bietet alle grundlegenden Funktionen. Auch, wenn sie etwas langsam ist, so klappt doch alles reibungslos! Unterm Strich eine App, die ich mittlerweile gerne nutze!",26.2.0.6624,2026-08-26T10:31:39,global,Google Play,0
7d6b278b-1192-468a-aeaa-2a83f0fc580d,Shivalays Marketing,1,,not user friendly,26.3.1.6772,2026-08-26T07:56:17,global,Google Play,0
513d3166-6a43-4456-a0f8-911a556f2840,Frédérique Cordier,2,,"Cela pourrait être une bonne application si elle ne plantait pas tout le temps. Je dois reconfigurer l'application et parfois l'imprimante à chaque impression, c'est lassant et chronophage. Je précise également que si vous choisissez ""uniquement les données nécessaires"" dans la page de configuration de la confidentialité, la configuration, comme par hasard, plante et ne se fait pas. Seule option, choisir ""accepter toutes les données""... pas très friendly tout ça... méfiez vous donc de votre hp.",26.2.0.6624,2026-08-26T07:43:33,global,Google Play,0
9bb5b01d-f722-4977-917c-8710ccb94ff1,Hira Lina,1,,"diese App ist eine komplete katastrophe! Kurzfassung: Findet meinen Drucker mehrere male nicht, zeigt mir an das der Drucker inaktiv und Gesperrt sei obwohl er ganz normal Funktioniert, Ich weiß nicht ob das mit der App zutun hat (ich glaube aber schon) die App zeigt mir an, das ich noch genug Farbe im Drucker habe aber druckt mir das Blatt komplett ohne Farbe und manche Zeilen lässt er komplett aus, wenn ich allerdings am Drucker die Informationstate drücke, druckt es mir alles sauber aus.",,2026-08-26T06:25:22,global,Google Play,0
ae71fa08-8b6a-47ba-a0ae-e432dc813af2,Prakash Mandavkar,5,,easy to use,26.3.1.6772,2026-08-26T04:56:43,global,Google Play,0
9aee3d39-c3f6-426b-b95e-31028036f59b,Mike Caporusso,5,,Great!!!!!,26.3.1.6772,2026-08-26T03:48:35,global,Google Play,0
5ae78b6e-b62d-44e2-ae7e-8820886fe1fc,Alissa,1,,make me erase all apps to install and wouldn't even install thanks a lot I have limited data I hate HP,,2026-08-26T03:05:23,global,Google Play,0
75216fc4-bcfa-411a-9588-dfb7b6fe6bf7,rw were,2,,it does not complete setting up my printer.,20.1.0.5822,2026-08-26T02:07:12,global,Google Play,0
2660b483-9635-4231-a38f-3552f5c4dd0e,Luiz Brambilla,1,,"impressora HP feita pra enlouquecer o comprador , pensa num lixo horrível ,péssima , uma coisa simples que deixa o ser humano com sequelas ....",26.2.0.6624,2026-08-26T01:13:49,global,Google Play,0
6841045e-5e05-42e7-be9e-72ae2840a8dc,don gregory,1,,it won't work,26.3.1.6772,2026-08-26T00:12:01,global,Google Play,0
5bed00c1-17a0-44a8-8525-4a805f52a99f,Kristen Lund,5,,I've started using this app more often since I got a new printer through HP's All In Plan. It's even more amazing than I previously thought. I used the fax feature for the first time today. So user friendly!,,2026-08-26T00:01:38,global,Google Play,0
31581a9b-6dcb-495e-89e6-29853d04d68c,S'ther VP,3,,"Deseo instalar la app porque tengo una impresora que debo configurar,pero no puedo instalarla ya que me aparece lo siguiente:""Tu dispositivo no es compatible con esta versión""😢",,2026-08-25T22:41:58,global,Google Play,0
132ac307-0776-4a32-920e-c3db53c7654b,Kristian “Speedy” Riggins,5,,very good,26.2.0.6624,2026-08-25T22:07:22,global,Google Play,0
8feb7ca3-694a-4c29-a21b-eced0fb423ce,Eli G,1,,l'aggiornamento ha tolto la funzione di riorganizzazione delle immagini acquisite che invece era utilissima soprattutto per gestire il fronte retro manuale della mia stampante 👎👎,26.3.1.6772,2026-08-25T20:52:05,global,Google Play,0
0dc323b4-ca13-4491-b7a2-6816be8e5a26,Emanuel Vasquez,1,,"it doenst work correctly, sometimes work them it just got errors",26.2.0.6624,2026-08-25T20:43:09,global,Google Play,0
a29356bd-b7fd-4341-85b5-4657ae84b47f,Maria Aparecida Ferreira,5,,perfeito,26.3.1.6772,2026-08-25T20:31:49,global,Google Play,0
7918028f-f1f9-4dd5-b228-c4476d9b4e27,jose carlos junior,4,,"Não está funcionando no meu smartphone, até hoje.",26.3.1.6772,2026-08-25T20:21:21,global,Google Play,0
19b3d326-3c21-4b48-9b3e-f87a4201efa7,Claudio,1,,não funciona,,2026-08-25T20:16:38,global,Google Play,0
4f37290b-c98d-420a-b505-507009ef04f6,Yves PRETAT,3,,Beaucoup de problèmes de non reconnaissance de l'imprimante,26.2.0.6624,2026-08-25T20:03:17,global,Google Play,0
80c15371-03d2-4a6a-8f20-36477623b179,Alessandro Ricardo,2,,"Péssimo app, sempre da bug, na hora de imprimir não reconhece a impressora e diz que esta off-line, sendo que está tudo ok, aí temos que limpar cache e dados do app, acessar a conta aí volta a funcionar. HP não quero mais.",,2026-08-25T19:24:10,global,Google Play,0
62bf0c7b-42a3-4259-b2a3-4acba2c51aa7,gilles B,2,,compliqué,26.3.1.6772,2026-08-25T18:20:04,global,Google Play,0
149c65de-a786-4885-a3e0-25ff004cd793,Dominique Wenger,1,,j y comprendsc rien,26.2.0.6624,2026-08-25T18:03:20,global,Google Play,0
f777393a-ca38-4df1-9585-4733c43d851d,david arnal,1,,"charge en permanence, renvoie à des pages internet, ne reconnaît jamais l'imprimante, impossible de connaître sa conso... de la ....",26.3.1.6772,2026-08-25T17:20:42,global,Google Play,0
3707edba-8976-4a56-8752-908ba9694aa3,Aparecido Carvalho,5,,"APP excelente consigo fazer tudo que preciso através dele ,como sempre a HP dando um show de qualidade",26.3.1.6772,2026-08-25T15:42:01,global,Google Play,0
21b4d6c8-10f0-44aa-a340-e1678f900bb3,Alan Kaifu Lu,1,,bad compatibility.,10.0.1.3888,2026-08-25T15:41:33,global,Google Play,0
e241a9c2-d4fe-4c36-b980-e8039dce9aca,Samuel Kenney,1,,scam,20.1.2.5988,2026-08-25T15:35:25,global,Google Play,0
520a3a21-0829-40a5-a59b-b7e2cb372d16,Enoc Carrillo,1,,no me deja instalarla llega solo al 99%,,2026-08-25T15:14:17,global,Google Play,1
03c776fe-4194-4445-8610-5deb78f7fb00,Ale Carletti,1,,nn riesco a ricollegare la stampante,26.3.1.6772,2026-08-25T14:43:13,global,Google Play,0
134f9807-9b7c-4fd2-93d9-49ca476ccb65,Gregory ritz (“kallg”),1,,imprimante trop souvent introuvable sans réel raison alors que je peux imprimer sans utiliser l'application !,26.3.1.6772,2026-08-25T11:10:48,global,Google Play,0
673c3653-fd63-4f4c-b702-d07b36eb3d33,Theleepan Kirupalasingam,4,,not connecting properly,26.2.0.6624,2026-08-25T11:10:24,global,Google Play,0
d534e37f-f008-4482-ab15-9121fe357ba2,Butterfly Mirage,1,,"very worst app very difficult to connect wifi I tried 4printer and phone but no use I purchased 4 Laserjet m233dw to print online job card from mobile no use,. in printer giving qr scanner to purchase cartridges but not for wifi connect kindly do not buy hp printers no use app",26.2.0.6624,2026-08-25T10:24:08,global,Google Play,0
40533d24-4525-4b8c-9739-8fbe2f6d9b1e,Yann Pasquiou,1,,"je dois tjs batailler pour imprimer, à chaque c'est imprimante non connectée",26.2.0.6624,2026-08-25T09:41:45,global,Google Play,0
92938091-a77a-46c8-a08a-6eb48f4e1dd1,Nina Henkel,1,,"Drucker wird von der App nicht erkannt, obwohl Smartphone und Drucker im selben WLAN sind. Ich kann meinen Drucker nicht mehr nutzen.",26.2.0.6624,2026-08-25T05:51:57,global,Google Play,0
42d1a7e4-af04-4dc2-a602-6891dc3c962a,Peppe Buggea,5,,ottima e soprattutto facile da usare,26.3.1.6772,2026-08-25T05:21:16,global,Google Play,0
8f55f1cf-ef65-45f5-ae80-92bbaa64a4b8,Christoph Seidl,1,,Drucker neu. Hat nach Unstellung von instant ink und Patronenwechsel einfach nicht mehr gedeuckt. ich habe stundenlang alles probiert. den drucker musste ich entsorgen...,26.3.1.6772,2026-08-25T04:57:22,global,Google Play,0
430b1d0a-dc68-4179-bbd2-52fb03c33056,Berenice Ortiz,1,,"No es facil de utilizar, tampoco deja editar las fotos o imagenes solo deja recortar.",26.3.1.6772,2026-08-25T04:02:04,global,Google Play,1
ecc42849-fa1a-4a42-a345-f98edc5ba0c3,Tonatiuh Ángeles,5,,estoy muy contento con mi hp,26.2.0.6624,2026-08-25T01:58:08,global,Google Play,0
558ac1bc-1c06-46c2-b624-3c51fc0ab65e,Tayla,5,,"o app é maravilhoso! dá pra escolher os tipos de papel e os formatos, acho que foi o melhor para controlar e aprender sobre minha impressora, também amei o canal no YouTube da HP super explicativo e conteúdo maravilhoso, obrigado por ajudarem a lidar com nossas impressoras, esse app é necessário.",26.2.0.6624,2026-08-25T01:01:51,global,Google Play,0
02d06711-0e3f-4fb4-8b8d-873d3b897c8f,Leticia Rosas Cruz,3,,Software muy malo Impresora a csds rato esta en error Hay que reiniciar Mi Epson viejita trsbaja mucho mejor,,2026-08-25T00:21:05,global,Google Play,1
3ce48ec0-110c-4066-968c-6985f7d6f82f,Adam Groshong,1,,"envy6100 can't make more than three photographs with your first ink cartridge, because they spend all their time sending you things to buy more ink! they continually push the program to buy ink and paper through them on subscription services but they do not spend enough time on the individual copies and things like that that you would normally use. you can also only make copies or faxes or etcetera etcetera etcetera if you're on the same Wi-Fi buy if you want to spend more money",26.3.1.6772,2026-08-24T23:20:31,global,Google Play,0
2b3fb1b3-3ea6-4b0e-9fee-7b9af235cc6a,Paco Og,1,,man my printer just stopped connecting to my wifi and won't let me connect to my wifi or print from my phone. Did the update and now these problems. Come on HP fix this bs issue...,26.2.0.6624,2026-08-24T22:20:04,global,Google Play,0
f739346f-a1fc-4175-b41d-38985c5534c0,Eric Avery,4,,Problem has been fixed. Thank you HP!,26.2.0.6624,2026-08-24T20:25:00,global,Google Play,11
37af50ed-87ab-474c-b2b5-94b247c9b73f,Geneva Semanek,1,,it does not install can use as you want have to reinstall each time,26.3.1.6772,2026-08-24T20:22:04,global,Google Play,0
d8306b79-ea08-411f-bb36-bada83600768,John Krupey,5,,HP is a great company.,18.10.0.5530,2026-08-24T20:21:36,global,Google Play,0
0e399632-4721-469d-98f4-d82b055a1a42,Adolf Lanzinger,5,,einfach gut.,26.2.0.6624,2026-08-24T19:26:02,global,Google Play,0
489391b7-528c-4482-8755-06b776ec7a77,marco castro,5,,excelente,,2026-08-24T19:17:47,global,Google Play,0
949ee2dd-740e-4051-acf9-a5a4d019104b,Sergio P,1,,"A volte l'app e anche il sito si bloccano e non permettono l'accesso. Le poche volte che funzionano sarebbe utile avere subito in evidenza le pagine stampate e quelle rimaste, così da permettere al pagante di controllare velocemente la spesa, al momento abbastanza nascosta. È molto visibile la parte commerciale di HP mentre per reperire la suddetta informazione, basilare per l'abbonato, bisogna armarsi di pazienza e, sperando che tutto funzioni, cercare nelle varie sezioni dell'account.",26.3.1.6772,2026-08-24T19:15:19,global,Google Play,0
b81a2f92-15ba-4aef-9d7e-960cfa08ff5f,Vasile,1,,Useless Never works when you needed,26.3.1.6772,2026-08-24T18:46:17,global,Google Play,0
1cb62560-c5d1-4a22-894a-5a975915a43e,I Tag,1,,frustrating and not effective,26.2.0.6624,2026-08-24T18:43:10,global,Google Play,0
22ddfb75-3496-4eef-9457-dff830a3f59e,J P,5,,"Excellent app I don't understand why it has bad reviews. It works great, it's super convenient and practical, I can control my printer, they keep me with enough ink at a very good price, and in this app I have Ability to edit and sign documents. If I could, I would give it 10 stars.",26.2.0.6624,2026-08-24T18:14:12,global,Google Play,0
8d2b2905-3778-4e66-b27e-f0b6da9f3c14,MARCOS ESTELLER CABRERA,5,,Muy fácil de manejar y muy eficiente,26.2.0.6624,2026-08-24T17:57:55,global,Google Play,0
6f35761d-d3e0-4871-b46b-e8c384bdd714,sait carrillo,5,,muy buena app,26.2.0.6624,2026-08-24T16:42:16,global,Google Play,0
70cce8e0-9dca-47fb-b7ed-c83cdfe2bfb9,Christine VIADERE,5,,très pratique. et facile d'utilisation.,26.3.1.6772,2026-08-24T16:33:28,global,Google Play,0
3d8de964-2ef9-43e6-8810-725e07c873dc,Pako Arte,1,,non legge la stampante,26.2.0.6624,2026-08-24T16:16:14,global,Google Play,0
f7dcd8aa-5b56-46e8-bd74-f73cfd2c89d0,Yosmar D. Cruz Colon,1,,to complicated to configurate,26.3.1.6772,2026-08-24T16:15:34,global,Google Play,0
23fd5ca0-8a31-435a-ad8d-d16496e688df,Atomic Broes,1,,"The most useless peice of scamware ive seen in my life, if I could give a negative rating I would",,2026-08-24T15:14:26,global,Google Play,0
e9b9ed2c-f299-4898-94c8-1dcb0471f618,Adam Summers,1,,trash app,26.2.0.6624,2026-08-24T15:08:46,global,Google Play,0
aa64ef2c-d27c-4d6b-8e56-0a519b49b6ed,Brazilian in Harley Davidson BR IN HD (Taco Tambasco),1,,"app is ok, but, if you're planning to use HP ink delivery service, think twice. the app will show you how to buy and how to pay. but that's it. no managing option so, if you move to another address as I did, they will keep charging every month for the service, and they will not allow you to change the address for delivery so they are literally taking your money and not providing any service. I had to go to my financial institution to block HP from taking money from my bank account.",16.10.0.4315,2026-08-24T15:04:55,global,Google Play,0
23be007a-26a2-420f-b240-6ac23a3393a2,Jas,5,,gut,26.3.1.6772,2026-08-24T14:06:32,global,Google Play,0
00288a90-72a3-42d2-8894-476d76f8c15b,Rick Creed,1,,shut my printer down because I didn't pay for their service,,2026-08-24T09:31:18,global,Google Play,0
718d0063-0004-4d9d-a51c-47d02dedcbb2,Nawfal Dahir,5,,very good apps,26.2.0.6624,2026-08-24T09:13:21,global,Google Play,0
43f193ac-ab76-4ce8-a325-c70609d5b47b,Joshua Crowell,1,,"This app works about as well as an unsupported app that was last updated for a version of Android that came out in 2009. When trying to print, it's a tossup if the printer will even show up online even though it is always on and connected. When trying to load the document scanning interface, it never connects unless the phone, the printer, and the router are all restarted. DON'T BUY HP!!!",26.3.1.6772,2026-08-24T07:26:11,global,Google Play,0
27470adf-cef8-43f3-95b5-c10d455d69f5,Emliy,4,,Working well.,26.2.0.6624,2026-08-24T07:06:12,global,Google Play,0
faa2278a-f628-404e-874c-e124736e54bc,Inder Singh,5,,"so far, user friendly",26.2.0.6624,2026-08-24T06:44:08,global,Google Play,0
dd2b6d1e-267d-410b-ab67-95e37723a552,Gioia Dong,1,,Non funziona correttamente l'applicazione,26.2.0.6624,2026-08-24T06:12:12,global,Google Play,0
a30b85f3-7194-4a99-afa0-186007e67321,Track21 _GD,1,,"Estaba escaneando algo página por página, estuve como 1 hora. Y de la nada la app se reinicia y borra todo lo que tenía escaneado....PERDÓN??!!! QUE CLASE DE APLICACIÓN HACE QUE SE TE REINICIE TODO CUANDO ESTÁ HECHA ESPECÍFICAMENTE PARA QUE ESCANEES??? AL MENOS PODRÍA HABER UN GUARDADO DE PROGRESO CUANDO ESTÁS ESCANEANDO, NO?!!!! Esta es probablemente LA PEOR experiencia que he tenido con una app, es que NO TIENE SENTIDO",26.2.0.6624,2026-08-24T05:25:41,global,Google Play,1
4371e9dd-664e-4c37-b8f8-96267e0d5513,Arturo Pulecio,1,,this app takes so long to do anything you keep thinking it crashed.,26.3.1.6772,2026-08-24T02:03:14,global,Google Play,0
ee0b4c8a-a3b2-402c-80ef-86bc6ae66d51,Chris Stanley,1,,"Shows my printer, then under Printers shows zero printers.",26.2.0.6624,2026-08-24T02:00:45,global,Google Play,0
9b33d1d5-125a-4ee6-bb60-7565ebd43e45,Diana Lowe,1,,my printer does not print full words only half,26.3.1.6772,2026-08-23T23:35:03,global,Google Play,0
261bbb29-75ba-4a89-9ccc-bb22a2f27eff,Dolores Eduardo Flores gallego,5,,buena experiencia,26.2.0.6624,2026-08-23T23:23:40,global,Google Play,0
bc1926e7-42c1-4fb1-8796-1a40c6daaeb9,ariana rodrigues,5,,excelente,26.3.1.6772,2026-08-23T22:52:14,global,Google Play,0
b54b8cf6-a7f0-458a-8cab-b64da3d643cb,Corey Kenyon,1,,your printer and app suck,26.2.0.6624,2026-08-23T22:16:52,global,Google Play,0
38c9143a-6fbd-4fda-b7f0-32f1b9e14ee7,Vania Luiza Cirilo,1,,"É horrendo. Nem no celuular nem no computador consigo usar. Toda hora é um ""erro"" que o software não me dizer qual é!! Nunca mais compro impressora da hp! Sinto que joguei meu dinheiro no lixo porque sempre que preciso usar, me falha.",26.1.4.6508,2026-08-23T21:27:06,global,Google Play,0
63c04d3c-8bd7-4acd-a2f6-f791e326be3a,Sabine Iakovidis,1,,"The app tells me that my printer is not connected to the network when it literally is. I can't find past print jobs or the ones I save. Prints with borders and cuts off the things I want to print even though the pictures are in the right size. The printer itself is very confusing too. Printer is also overall not good. Ink is way too expensive for this bad quality it's very confusing especially with the app just the worst, can not recommend",26.2.0.6624,2026-08-23T21:22:08,global,Google Play,0
97697dc1-f0dc-40f9-aec4-aca5feacc309,Calinda Winters,1,,HP is the worst people to deal with even when they rake you through the coals financially especially when your trying as a individual on disability and the only way to financially stay above water HP will throw you back in with the sharks with no life jacket and not think twice and walk away come back to make sure your done,26.3.1.6772,2026-08-23T19:36:28,global,Google Play,0
0eea781b-9ebe-41fb-b7e1-244354079c4c,Julián Meave,1,,"es un problema constante el querer imprimir desde el smartphone, al principio era fácil, después en la app simplemente dejó de querer hacerlo, a pesar de estar en la misma red y que la aplicación dice que se mandó a imprimir, la impresora simplemente no lo hace, además no se encuentra la opción para escanear los documentos en tamaño normal y no es muy intuitiva en los modos de impresión.",18.10.0.5530,2026-08-23T19:09:43,global,Google Play,1
2ded77c8-df13-4dad-9900-c600ccaebbea,Montel Paige,5,,Easy to Use and convenient!,26.2.0.6624,2026-08-23T18:39:47,global,Google Play,0
3fdb02a1-39c1-4b6a-9e0e-6e57310ad47f,Jose Garcia,1,,Es terrible la conectividad. Es muy bonita la app y todo eso pero de que me sirve si funciona de pena? Lamentable viniendo de HP,26.3.1.6772,2026-08-23T18:38:08,global,Google Play,1
db9d7ca8-aed0-43eb-a730-56298852e8bb,Raja Durmishi,5,,🥰,26.2.0.6624,2026-08-23T17:45:55,global,Google Play,0
a474d27c-f0bc-4327-b37e-0f5bb6212234,Rodney Haynes,1,,"This app is built for saving HP money and not to help the customer. The app is totally AI customer service that will give you instructions that will destroy the printer. Start up documention is out dated that will give you grief also. Beware of their bait and switch tactics, too. It's a pretty package, but consumers beware of what's inside.",26.3.1.6772,2026-08-23T14:59:59,global,Google Play,0
c24e60a8-d7f3-4fbd-9a34-0ec09af53740,Larissa Lourenço,1,,fica dando mensagem estamos com um problema tecnico na sua sessão,26.2.0.6624,2026-08-23T13:24:31,global,Google Play,0
7d82c714-407e-43ad-91de-5e0c5bb3e200,Razi Latif,2,,this pronter quick good.. but most user probleme with android 15 above. limited access when using wifi direct.. interment on wifi direct. cant add printer cant print... using usb and wifi hospot/router only..,26.2.0.6624,2026-08-23T13:14:31,global,Google Play,0
c35c1520-6279-4fc6-a63f-ce5ba2a04d4c,Elaiza Aycardo,1,,Error in terms of connecting with my phone.,,2026-08-23T12:45:12,global,Google Play,0
66f468d4-71e5-4c43-9a4d-c68a6a1b112e,Jignesh_ Singh_,1,,not connected,26.2.0.6624,2026-08-23T12:23:33,global,Google Play,0
d9e06e34-d933-4d37-b1b2-2c302ae40a1a,Tom K.,1,,So etwas schlechtes habe ich noch nie benutzt,26.3.1.6772,2026-08-23T11:45:02,global,Google Play,0
91f5da75-2524-490f-a1b8-7048e94d8820,Eliane Laura,5,,as vezes demora pra imprimir e de fazer imprimir rápido. sair boa e legível as letras .,26.2.0.6624,2026-08-23T11:24:21,global,Google Play,0
62978172-aa38-4b08-b9a7-c38de696c258,Florian Trippel,1,,"Slow, lots of loading indicators, redirects to pages with a different layout / no consistent styling. That my printer is ""asleep"" as the MacOS app correctly displays is not recognized, it is displayed as ""disconnected"". Not representative for a billion dollar company.",26.2.0.6624,2026-08-23T10:09:07,global,Google Play,0
d110afeb-9911-4585-b9da-8028e3d90ed5,Alex Dinu,5,,legendary app,26.2.0.6624,2026-08-23T09:57:30,global,Google Play,0
a2e1ab18-e681-4a93-9a1c-34576dcaade3,detlef „Det“ beschorner,5,,gut,,2026-08-23T07:48:33,global,Google Play,0
0c6f2af8-52c3-45f2-afa0-a73b51fa5241,"Lenny Bruce White, Sr.",3,,"Sucks. Won't Open, can't send faxes",26.3.1.6772,2026-08-23T06:40:19,global,Google Play,0
0b7c5456-c83c-4f3f-85cc-a2679b4b47f8,Aileen Delgado,1,,"I downloaded this alongside the HP printing setup app hoping I could adjust my photos before printing, and for the life of me, I couldn't get it to work. I couldn't adjust the size or even click the scaling button without my image turning greyscale, and I couldn't find a fix online. Printing the image without edits resulted in the colors looking off and sploshy, despite printing normally a few tests before the app. Deleted this & used something else, and my photos actually look good now.",,2026-08-23T01:41:35,global,Google Play,0
5c7c10e4-cd8d-4672-8362-48da7cbba7c9,Keyko Marlube Ramos Z,1,,no me sirve no conecta con la impresora no tienes configuraciones o tipos de hoja o tamaño no carga las plantillas que dice tener la app,,2026-08-23T01:04:57,global,Google Play,1
6a311d08-1d41-4175-af87-322bbbe68d8a,isaias alfonso oliveros franco,5,,Excelente,26.2.0.6624,2026-08-23T00:56:09,global,Google Play,0
503fbf07-5fd1-4348-90ca-37fafa1be558,Fernando Cuin Pamatz,5,,😀😀,26.2.0.6624,2026-08-23T00:49:22,global,Google Play,0
47dd8594-71cd-4a0f-8a16-7dbd49f5f0cc,Mr Panda Tokyo,3,,it's hard to use,26.2.0.6624,2026-08-22T21:49:52,global,Google Play,0
72f5091b-eb69-4c21-9f07-3216512a05e9,Brigette Mitchell,1,,"logged on to my account that has my devices it's been working fine but today for some odd reason even though I'm using my same account that i have been using it wants to set it up as a brand new account and now all of my stuff is gone. HP what is wrong, what is the issue, why can't anything work properly. This is really a bad look for the company. Hopefully something gets done and taken care of.",26.2.0.6624,2026-08-22T20:31:21,global,Google Play,1
0eb0a6a3-cb42-4d29-b4a3-1305d010a99a,Jose Maria Ceballos,5,,Excelente herramienta.,8.0.295,2026-08-22T19:39:32,global,Google Play,0
be0e3bd6-efa4-4168-9634-1543c48f6283,david felipe,1,,lixo.,26.2.0.6624,2026-08-22T19:34:47,global,Google Play,0
8750bd28-ff16-41fa-8324-fe31102317b1,邱奕陽,1,,always show file not supported can't even print a page,26.2.0.6624,2026-08-22T19:32:17,global,Google Play,1
616d469d-67f4-4c52-949a-bba77af0500a,Gilberto Oliveira,2,,"antes da atualização funcionava muito bem, mas depois dessa atualização tá bem complicado o uso, pois ela fica desconectado e da um baita trabalho pra reconectar!😵‍💫😵",26.2.0.6624,2026-08-22T18:52:37,global,Google Play,0
b05afeff-ec77-4105-9f88-38ec764b93a8,Claudio Gigante,4,,ottimo,26.3.1.6772,2026-08-22T18:00:56,global,Google Play,0
e0f88134-9910-4fd0-bf92-1721f70421bd,Louis Marcelo Illenseer,1,,não abre,26.2.0.6624,2026-08-22T17:18:04,global,Google Play,0
0b682322-afd8-4212-b74d-5ee8fcc315cd,Brie 2,1,,"Drucker wird nicht gefunden. Bitte tun Sie was dagegen, ich bezahle mein Abo nicht umsonst!",26.3.1.6772,2026-08-22T17:04:20,global,Google Play,0
3aa811aa-3720-4a1d-b235-60376802dd87,Jeanpierre,5,,très bien super application,26.3.1.6772,2026-08-22T16:29:04,global,Google Play,0
686cfe6e-baf7-4f95-ae83-35afe6c4f6e1,maria casagrande,4,,"Ho un nuovo telefono ma la stampante HP ENVY 5032 non è più in elenco, la rete WiFi uguale ed ho parecchi documenti da stampare.",,2026-08-22T16:23:03,global,Google Play,0
3fb3c094-195b-495b-a91e-1d2eb076379b,Romain Schwab,3,,svårt med att ansluta sig trådlös till min skrivare via hp appen som först hittade inte min skrivare trots att man använt appen tidigare...,26.2.0.6624,2026-08-22T15:51:48,global,Google Play,0
be82e392-7a3d-4454-8dc9-8f32ca98228a,Debora Sant' Ana,1,,"TODOS OS DIAS é um estresse para imprimir uma mísera folha. Antes estava apresentando problemas no tipo de papel e foi corrigido, mas agora, de tempos em tempos, tenho que reinstalar o app porque a impressora fica como se estivesse desconectada, mesmo sem nenhum problema de rede. Um desgaste emocional sem fim. Apresentando muitos problemas e não consigo mais informar o tipo de papel que pretendo utilizar. Se é comum, fotográfico, glossy, etc. Corrijam logo, pois ele era um app excelente",26.2.0.6624,2026-08-22T14:50:54,global,Google Play,14
2d158d6c-8da8-43bc-95c8-949cfde79de0,Peter Allen,1,,"Dont buy/; mine only lasted 10 Months, all I get is get a new set of inks, I put all exspesed to 1 side, now I got need new inks, yea cheaper to buy a better one.",26.0.0.6234,2026-08-22T14:49:25,global,Google Play,1
2eb90213-3b4a-4b47-b9fe-99b59f85a7df,Claudio Sergio Nascimento,5,,Excelente app. Simples e muito eficiente.,26.3.1.6772,2026-08-22T13:50:13,global,Google Play,0
f9d1ce99-6454-4d3c-b1b0-7dda47b541e5,Damien Hallsworth,1,,"Woeful experience trying to add my hp Envy 5030 which was previously working fine with HP Smart. The app update logged me out and removed the printer. The app then failed to locate the printer by proximity despite all permissions granted and even typing in the model name did nothing. Typing in the serial located the printer eventually but I still had to ""Add"" it despite it looking like it was already added. Making an already bad app worse to this extent is a weirdly impressive achievement tbh.",20.2.0.6076,2026-08-22T12:43:15,global,Google Play,1
f330445f-8bad-4e61-b412-1a5ebe949abf,Mohammad Najjar,1,,اسوء تطبيق بالعالم,26.2.0.6624,2026-08-22T11:31:05,global,Google Play,0
e84fb1e6-ae85-4aa6-b4e5-d6cc0351360f,Bepo's Channel,1,,Schrott Drucker. Schrott App,,2026-08-22T11:27:38,global,Google Play,0
7142696a-05b6-49e3-b01d-c3d88379cc5f,Julian Mittmann,1,,der App Befehl 'Drückköpfe reinigen' wird nicht ausgeführt. nachdem neue originale patronen eingelegt wurden druckt der plastikhaufen alles schwarze nicht mehr vernünftig,26.3.1.6772,2026-08-22T11:09:40,global,Google Play,1
d446cef6-6732-4970-ad72-7176e2088eed,Ines Cassanello,1,,"App ma anche stampante (Hp Envy 6030e) veramente scarsi, di infima qualità",26.3.1.6772,2026-08-22T10:55:38,global,Google Play,0
ed093e1f-d2b0-4588-b9a0-b22c47934fcc,Isabelle Faure Biancamaria,5,,facile d'utilisation,26.3.1.6772,2026-08-22T10:16:38,global,Google Play,0
a50a63a9-b0c4-46a7-8f0c-0487bc451732,Ricardo Nuno,1,,"horrible app, horrible printer, always needs updates on app and drivers. do not recommend",26.3.1.6772,2026-08-22T04:24:20,global,Google Play,0
e472951b-ba78-4aa2-a065-a9b96ca9ad2f,Christina LiVolsi,1,,"New app causes failed printer setup or printer setup incomplete message. After working over 12 hours with HP Support via FB Messenger (since my warranty expired), HP still can't get my HP Officejet Pro 8020e to print from either of my PC laptops nor from my Android Samsung Galaxy cellphone. Time for a different brand of printers after sticking with the same brand since almost 40 years.",26.2.0.6624,2026-08-22T02:12:43,global,Google Play,1
2b9cea2b-fb2f-4630-b4c4-96bf1af3edab,Soline Rios,1,,"waay to slow, also the scanner never connects to the app. only wants me to use my phone camera to scan , which if that was sufficient I wouldn't have purchased a scanning printer",26.2.0.6624,2026-08-22T01:22:06,global,Google Play,1
b0e11879-ac6a-4850-be76-570f75fc2b9f,Nenie F,2,,not able to connect to wifi i am not purchasing any product. no option to bypass the monthly or yearly charges. taking printer back. to complicated just to printer not able to complete setup,26.2.0.6624,2026-08-22T01:01:17,global,Google Play,0
3b85442e-30b4-49c1-97af-49e27c425b03,David Ruelke,5,,going back and forth became boring,26.2.0.6624,2026-08-21T23:55:02,global,Google Play,0
9b741591-1290-4ac9-85c3-45389bc68014,ZK S.,4,,convenient.,26.3.1.6772,2026-08-21T23:08:50,global,Google Play,0
0ed567dd-7be5-4974-a23d-86067d4ea77d,Oz Suguitan,2,,Honestly the worst experience ever. If I didn't already have so many of thier printers I'd move to a different brand.,26.2.0.6624,2026-08-21T23:05:53,global,Google Play,0
2141c07c-9bb6-4e50-82b3-8e679977c803,Yamila Machado,1,,no sé puede iniciar sesión por ende no puedo imprimir,26.3.1.6772,2026-08-21T22:41:31,global,Google Play,0
fcdb0329-902f-4ccd-a744-d1572d890b98,RSB,2,,Atualizou o app. E não imprime mais. Não consegue localizar a impressora. No PC funciona normal. Bem horrível isso. HP smart tank 589.,26.3.1.6772,2026-08-21T21:56:47,global,Google Play,1
30b54026-4d77-4939-ad93-b77329048c10,Renarld Gardner,1,,I can never use my printer when I need it and IT is no help at all!!!,26.3.1.6772,2026-08-21T19:43:50,global,Google Play,1
5f008e89-7352-4962-9e16-151df57371f5,Bishale Lu Lu,1,,MALISIMA OPCION,,2026-08-21T18:48:30,global,Google Play,0
d9c1c9de-c8b1-4f77-b167-1e0c50891ef8,Perminder Singh,1,,After sale service is pathetic atleast in Guwahati so kindly refrain yourself from buying hp products,26.2.0.6624,2026-08-21T18:13:36,global,Google Play,1
4eb3c1d3-27e9-490b-b4c6-4617de05e62e,Ronan Lavorato,1,,"increíble, estamos en el 2026 y no pueden hacer que un producto se vincule bien a los dispositivos mobiles. impresentables, deja mucho que desear HP smart tank 580",26.2.0.6624,2026-08-21T18:09:13,global,Google Play,0
1e01e3c2-ce3c-469c-9a17-16dcfcb4b720,Pino Cacciapuoti,2,,"Ho notato che la funzionalità di scansione è stata nuovamente implementata nella schermata principale. Tuttavia l'applicazione molto spesso non rileva la stampante connessa, indicandola come offline, nonostante sia correttamente collegata alla rete domestica. Cortesemente risolvete tale anomalia. Grazie",26.2.0.6624,2026-08-21T17:38:47,global,Google Play,5
1f9b4f28-a152-4e67-a1af-f4f70f8716bf,Ricardo Suira,5,,Muy buena,26.2.0.6624,2026-08-21T17:27:12,global,Google Play,0
03e8c452-50e2-4aec-ae02-4d3c2e01d363,Mari Maximo Moreno,1,,me rechasa todo,26.2.0.6624,2026-08-21T16:34:49,global,Google Play,0
1a99253a-31be-42d9-a4c5-1d1e0f100ca3,Geremia Hlede,1,,"Dopo l'aggiornamento l'app non funziona più. Non riesco più ad accedere al mio piano. Si incanta ed non accede al server HP. Oltretutto la traduzione del testo non solo pessima, ma utilizza termini senza senso. Insomma fa schifo.",26.3.1.6772,2026-08-21T16:30:27,global,Google Play,0
df55a837-1b89-448a-ae78-8de3177481c2,Emilly Queiroz Simoes,5,,Muito fácil e rápido de mexer.,26.2.0.6624,2026-08-21T15:38:46,global,Google Play,0
742692bd-618b-4dca-8156-9ae772b3b242,Ruvarashe Wendell Mudondo,1,,since the update it has been a disaster. i have to go through all stages of grief to get it working and its been a while HP doesn't bother with an update,26.2.0.6624,2026-08-21T15:29:58,global,Google Play,0
50ddaf4a-4507-4d74-b329-22e45ec51599,THEONE WHOKNOCKS,5,,good app,26.2.0.6624,2026-08-21T15:18:03,global,Google Play,0
40df2a7a-a122-43ce-973e-7c72ca0a0895,Claire De Graeve,1,,"Il semblerait que la connexion à l'imprimante soit devenue particulièrement difficile ces derniers temps, ce qui rend l'impression très compliquée et occasionne une perte de temps considérable. Une mise à jour visant à corriger ces dysfonctionnements serait grandement appréciée.",26.2.0.6624,2026-08-21T15:11:17,global,Google Play,0
92c023f9-6108-47ce-b4da-e8a6ab1deb1e,Oliver Wiśniewski,1,,nie znajduje drukarki,,2026-08-21T14:53:27,global,Google Play,0
abe998bf-730b-4f25-b4d9-aa2a70629959,Andrea B,1,,"It does not scan, I ha e tons of trouble with this app",17.25.0.4906,2026-08-21T14:36:49,global,Google Play,0
e1704c5b-3765-4154-9dfe-e0515bdb8766,David Torres,2,,"a cada rato se traba la aplicación y no deja imprimir, muchas pérdida de tiempo y dinero",26.2.0.6624,2026-08-21T14:17:11,global,Google Play,0
a02b15a7-e038-4490-9ca7-be5ec294784e,Wolf Seeger,5,,super guter service,26.2.0.6624,2026-08-21T14:03:19,global,Google Play,0
c71823ff-bc3b-44ec-a0c2-ff0de4a28e22,Dakota Hays,1,,terrible,26.2.0.6624,2026-08-21T13:51:41,global,Google Play,0
8b05080f-ced7-4af0-a71a-86068aa8d128,Buzzy Cnayl,1,,All this app seems to do is try and sell you an ink subscription! I can't find any way to access printer settings which is why I installed it,26.2.0.6624,2026-08-21T13:48:34,global,Google Play,0
ca4af212-c2b5-4d23-9cd8-8bdecfdb784c,Priyanka Patil,2,,"Usb printer connection option is not available, kindly help in fixing the app to include hp smarttank 525 etc connectivity",26.3.1.6772,2026-08-21T12:15:42,global,Google Play,0
cd77a0bd-cb78-4674-8e82-be68f0b00d1f,Ko,5,,met de HP app prima wifi verbinding voor het printen en scannen,26.2.0.6624,2026-08-21T12:09:30,global,Google Play,1
19c009d8-c140-4fd7-924c-234cda85f809,Kállyta De Sousa,1,,não consigo conectar minha impressora,26.2.0.6624,2026-08-21T11:55:09,global,Google Play,0
296893f6-140f-4b05-a11d-5a2e0bc0cf9b,"Disculpe, Señoría",1,,"Menos una estrella. La última actualización es, sencillamente, incapaz de encontrar mi impresora. 💩",26.2.0.6624,2026-08-21T11:38:40,global,Google Play,0
5ca77c32-66f3-4af6-b320-8c1aa9969848,Robyne Marie Martinez (Robyne Marie),1,,I can never print!.I call them all the time.,26.2.0.6624,2026-08-21T11:00:40,global,Google Play,0
977dec1f-1a53-4308-9f79-848b9c839e4e,Mohammad Saad,5,,amazing app I have just ordered a new printer from Amazon and this is suitable for that we can print from wherever from our house,26.2.0.6624,2026-08-21T10:46:31,global,Google Play,0
35f9e350-fcd0-4005-bb6e-6476657c0b19,Marija Tokhi,3,,"Ist in Ordnung, wenn man an einen Drucker keine Ansprüche hat. Ich muss oft was drucken, wo die Skalierung 100% ist. Das kann er nicht, egal wie ich es einstelle. Das Kontrollquadrat ist immer einige Millimeter bis 0,5mm zu klein. Ansonsten will ich gerne Dokumente drucken, dass 2 Seiten auf einer gedruckt werden. Am Computer kein Problem. Am Handy unmöglich. Zudem kommuniziert die App mit dem Drucker nicht. Ich sitze vor dem eingeschalteten Drucker. Die App sagt er sei inaktiv.",26.2.0.6624,2026-08-21T08:06:18,global,Google Play,1
e2692618-d3bc-4531-b40a-17111b83ee51,Kristína Nováková,1,,"Hate this stupid app! Before they changed it from the hp smart, it worked flawlessly. Now, this hp app, won't find my printer or when it does, it's not connected, even if it is! I have to add my printer, like it's new a printer, almost everytime I want to print something. It drives me insane. 1 document takes me at least half an hour to print ! Change it back or I'll trow the whole printer away and never buy an hp one.",26.2.0.6624,2026-08-21T06:24:22,global,Google Play,0
6d0ddd33-4e9e-45b5-b043-70b9761293d2,Nisar Khan,5,,very good,17.15.0.4720,2026-08-21T06:00:30,global,Google Play,0
0ffebf26-7651-43b9-938c-e8ab2bebe154,Alexis Villanueva,1,,la peor aplicación de todas no ayuda con nada y se traba horrible aparte de que no permite usar ninguna impresora 😕😕,26.2.0.6624,2026-08-21T05:00:19,global,Google Play,0
063342ab-ebde-4a27-87fa-99494a128fbb,Rebeca Rapimán pehuenche,1,,PÉSIMA APLICACIÓN,26.2.0.6624,2026-08-21T02:10:27,global,Google Play,0
e40b5fce-38d4-4f81-91f3-3c4eb48cd80c,Ahmed,1,,Hp issues with linking my printer not fast enough,,2026-08-21T01:37:17,global,Google Play,0
1308a238-4f2d-46d7-b187-b8e4d4290ec1,Dianna McCarty,1,,"No wifi, No print! why do I need wifi to print from my phone when the phone and printer are connected via Bluetooth? Why don't printers just work! I only need to print documents, emails, not some cutesie event banners with sparkles and flair. HP, this is disappointing. Do Better.",26.2.0.6624,2026-08-21T00:11:18,global,Google Play,0
50c07f18-894e-45fd-96b1-39485d3952ae,Jime Díaz,1,,"es la más horrible app para impresión. Sólo se conectó un par de veces al principio y después nunca más pude imprimir desde la app, solo enviando directamente desde el documento o imágen. Horrible",26.3.1.6772,2026-08-20T21:44:23,global,Google Play,0
95ff33cd-1da2-494a-af13-b1bab3558b6b,Eduar Montes,5,,excelente,,2026-08-20T21:22:06,global,Google Play,0
164d45b7-6d2f-431c-a664-4eedd27c90bf,Printemps Nkot,1,,Nullissime je paie tous les mois et je n'arrive pas à imprimer depuis 1 an. Presque Impossible de connecter cette imprimante à mon wifi. Elle imprime 1 fois sur 10 après de multiples tentatives. Si je pouvais mettre 0 étoile,26.3.1.6772,2026-08-20T20:32:23,global,Google Play,0
eaf5ffb0-8c27-4bca-b554-310d7c6cc46a,Patrice Borrell,1,,"Parfois il faut éviter de faire des maj. Là c'est le cas, depuis impossible d'imprimer alors que c'est le même réseau puisque c'est chez moi",26.2.0.6624,2026-08-20T20:20:06,global,Google Play,0
bdbd709c-985d-49c1-9911-62939330fb51,Kait,1,,"app crashes and freezes repeatedly. Crashes every time I try to scan a document. I've tried over 100 times to scan but it wont work. Phone says"" the app has a bug"" when it crashes.",26.2.0.6624,2026-08-20T20:09:28,global,Google Play,0
1850e089-b7b6-4179-8a63-9005adbde219,Kyle Hoover,1,,it's too complicated!,26.3.1.6772,2026-08-20T20:08:09,global,Google Play,0
dca63ae1-5597-4461-8b2c-f0a2a471da0e,Steffen Orzolik,1,,"alle haben das selbe Problem, wieso wird hier nicht reagiert. Traurig für HP.",26.2.0.6624,2026-08-20T19:27:18,global,Google Play,1
f8fc704e-d082-4bc6-84e2-0f5965c31a48,Klaus Möhring,5,,"Macht was ich möchte ob Drucken, Scannern",26.2.0.6624,2026-08-20T19:15:33,global,Google Play,0
0af6a6b9-4fe9-4bde-9bef-158984349768,Andrea DC,1,,"Die App funktioniert nicht mehr vernünftig, kein Zugriff mehr auf Instant Ink. Konnte das Abo erst im Chat stornieren. Das hat Zeit und Geduld gebraucht. Mein neuer Drucker wird kein HP mehr, habe die Bestellung widerrufen und eine andere Marke bestellt. Der Drucker an sich hat 4 Jahre gut funktioniert, aber ich habe keine Lust mehr auf diese schreckliche App.",26.2.0.6624,2026-08-20T19:15:19,global,Google Play,2
495b5f28-84ea-47f3-9717-7a07aae26357,Robin Schanbacher,2,,app crashes or fails to open,26.2.0.6624,2026-08-20T18:56:09,global,Google Play,0
dac64ffe-ab16-4d60-894e-0d6318e53592,Tiziana M,1,,"pessima app, non ha mai funzionato bene. Non si riesce a stampare documenti",26.2.0.6624,2026-08-20T18:14:11,global,Google Play,0
0ad59401-4948-4a90-9e8d-f8d064425163,Hunter x hunter,1,,👎👎👎👎👎👎👎👎👎👎👎👎👎👎👎👎👎👎👎👎👎👎👎👎👎👎👎👎👎👎👍👍👍👍👍👍👍👍👍👍👍👍👍👍👍👍👍👍👍👍👍👍👍👍,26.2.0.6624,2026-08-20T17:55:55,global,Google Play,0
ce0c9e5b-5e16-4fa9-945e-95c4f5b079a0,Michele Mamula,5,,so far this has been a great experience with my HP printer and the app,26.3.1.6772,2026-08-20T17:55:07,global,Google Play,0
b8487ff8-33af-4af0-964b-12319a1b64f1,Alain MARTINO,1,,"Dans HP Smart, l'affichage de certaines fenêtres est décalé vers la droite, ce qui rend invisibles et donc inaccessibles certaines actions comme la croix pour Fermer après ""Enregistrement des documents numérisés"", et pour obtenir une assistance... il faut payer !",26.2.0.6624,2026-08-20T17:48:13,global,Google Play,0
7816ed6c-0cdf-46d7-939d-19bb4579e950,Real Business,5,,AWESOME 👌 👏 👍 😍 💖 🆒️ THANK YOU,26.2.0.6624,2026-08-20T17:34:48,global,Google Play,0
54c113fc-dc74-4a48-b739-adbc254e92cb,Ersilia Rodriguez Diaz,1,,la impresora se desconecto del internet y no me deja conectar de nuevo,26.2.0.6624,2026-08-20T17:06:18,global,Google Play,0
d3e4758a-31f1-4a03-8c6f-0beea634ea16,Barbara Cantor,2,,"As of 8/20/26, since the update/change, the app dies bot work on cell or laptop. The 'think' circle just keeps spinning. FIX THIS!!",26.2.0.6624,2026-08-20T15:59:27,global,Google Play,0
d724690d-1994-4d3a-94cf-091e69985e4a,Andrea Pastorello,5,,non si istalla sul Cell,26.2.0.6624,2026-08-20T15:20:37,global,Google Play,0
1099ce7b-e2f8-4897-a920-87188e52ca33,Just Wait,1,,can't even load the instant ink page????,26.2.0.6624,2026-08-20T15:11:41,global,Google Play,0
8f91b51d-3fb6-4458-9282-9a176206aa27,Fagner Barroso,3,,Imprimo pelo smartphone mas não consigo imprimir no notebook. Impressionante!,26.2.0.6624,2026-08-20T14:31:55,global,Google Play,0
a28d59ec-6322-44fa-b365-8b5d7d879c0a,Projeto Gestalt,1,,Tem que fazer login para digitalizar um documento... Patético.,26.2.0.6624,2026-08-20T14:31:10,global,Google Play,0
7c1a00e8-95b7-439f-b131-64a484338672,Ame Huang,1,,it now gives me an error saying no internet connection when trying to use the facing service but the rest of the app connects to internet fine???,26.2.0.6624,2026-08-20T14:20:41,global,Google Play,0
7f2ba57f-2bc4-4761-9a9f-ab03af174ad6,Alessandra Pasquato,1,,"quest'app è un incubo, va 1 volta ogni 10 e la schermata per mandare un banale PDF in stampa rimane sempre in caricamento in loop...",26.3.1.6772,2026-08-20T14:07:21,global,Google Play,0
71a791be-034b-4eda-971f-2a4296225af9,Miyazawa11,3,,in the last two days i had to keep uninstalling this app. the app will not open to my printer. please fix the bug immediately,26.2.0.6624,2026-08-20T13:29:36,global,Google Play,0
c7be4e78-1ae9-4e80-8075-07a32a41cd91,N Reed,1,,"Rubbish. Bought 4300 series printer. Nothing connects to it, nothing prints when it does connect, and the app just white screens upon opeming. Technology is so cool I can complain to no one online in a review - my life is so much easier...",26.2.0.6624,2026-08-20T13:21:18,global,Google Play,0
23f0dc2d-52f2-4921-972d-8cd99ab82fea,Alessandro Riva,1,,"Un caso da manuale di over-engineering: animazioni, transizioni e una UI pesante costruite sopra funzioni che dovrebbero essere banali come stampa, scansiona, controlla i livelli d'inchiostro. Il risultato è un'app lenta ad avviarsi e che consuma risorse. Oltretutto l'azienda impone di fatto un account, per un'operazione che avviene interamente sulla rete locale, l'hardware che hai comprato resta bloccato finché non accetti di essere profilato, tipico delle grandi aziende ma resta scorretto.",26.2.0.6624,2026-08-20T12:50:21,global,Google Play,0
87945f5b-04f8-4097-8c62-0be9d3ba3fa7,Xavier Barnes,5,,Better than adobe,20.2.0.6076,2026-08-20T12:46:43,global,Google Play,0
e7aed428-eabd-4080-96c7-4dcb95ff4576,Kumar Ravinder,5,,very nice 👍 I'm very happy to have this printer,26.2.0.6624,2026-08-20T12:42:54,global,Google Play,0
c4a164a3-7646-4495-8b4e-d4e4d50a8019,Martin Sagner,1,,"völlig verbuggdt seitdem update. Samsung s25 ultra. app neu installiert, Cache geleert... immer nur weißer Bildschirm, ladebildschirm aber nix passiert. Davor war die app auch schon anfällig. warum entwickelt man so einen müll? wirklich kein Verständnis dafür!",26.2.0.6624,2026-08-20T12:41:01,global,Google Play,0
4df1cab8-d8a8-4844-8be1-1346cae1b9d3,Natalia Catota,5,,"excelente aplicación, funciona muy bien",26.2.0.6624,2026-08-20T11:28:51,global,Google Play,0
b6eb6d80-743e-4da0-b2ed-df3b5f8acc38,Odukoya Blessing,3,,Good app... But can't scan below 30. I don't like that,26.2.0.6624,2026-08-20T09:13:32,global,Google Play,0
17ddca87-fb61-4ac4-8fa4-72245a6d39ae,Sam Olgers,1,,"printer werkt niet ook niet met setupcardridge. printer wil niet verbinden aan wifi, zit ook geen foutmelding in de app dus ik weet niet waarom hij niet verbind. wat een verschrikkelijke manier van een printer verkopen",26.3.1.6772,2026-08-20T07:10:34,global,Google Play,0
784aaf01-140c-4747-afc5-3dabf222fa39,Glevis Monterroza,5,,excelente 🥰🥰,26.2.0.6624,2026-08-20T05:18:47,global,Google Play,0
85809245-1f32-4c81-8710-dcadc4ad0847,Yolonda Pearman,1,,"Horrible Update!! This was a great app before they decided to fix what wasn't broken, WHY!!! I can't access printer tools anymore, no options are where they should be. This app makes me hate a printer that I used to love because now I have to either stand over the printer to make adjustments or print from other apps. Update is absolute garbage.",26.2.0.6624,2026-08-19T23:25:58,global,Google Play,0
b96fa726-e7d4-4f1a-a42a-e2caf29f0856,Ricardo Sanchez,1,,Garbage!,26.3.1.6772,2026-08-19T23:04:29,global,Google Play,0
def76b21-02c5-4f14-89dc-b9fffe610267,Christopher Stephens,1,,"It just doesn't work. The idea of being able to check all of this stuff in the printer through the phone is cool, but being forced into it to even be able to print is asinine to begin with. The fact that you have to fight with connection issues EVERY time you want to print is completely insane. It leaves you with a choice. You can waste your life with this or you can run Linux on a computer and get your two clicks and actually print back without even touching this garbage.",26.2.0.6624,2026-08-19T20:10:13,global,Google Play,0
8fe116aa-1fc2-4ca6-be52-40e117683da9,Yenibeth Agreda Monrroy,3,,no la he utilizado tio pero espero que sea buena,26.3.1.6772,2026-08-19T19:04:44,global,Google Play,0
