id,author,rating,title,content,version,date,country,platform,vote_count
a14fc892-4916-4c0a-bf9e-b878508da44d,Tanya Smith,5,,HP rocks!!,26.3.1.6772,2026-09-17T18:39:55,us,Google Play,0
83edcd35-0940-4c3a-95bc-99e2cade121e,Jared Miller,4,,"great app, however, 1) it would be great if you could add your shortcuts to the top of the page for quick access, 2) a shortcuts android widget for even quicker access. 3) please also enable remote scanning.",26.3.1.6772,2026-09-17T17:53:29,us,Google Play,0
5d83c54b-9d21-433a-b6e8-915fd7d246ff,Rafik Reseize,1,,I swear i hate this apps... Rubbish.. White loading screen forever,26.3.1.6772,2026-09-17T15:17:47,us,Google Play,2
75ed31fd-e309-4031-9edc-fec814d05977,Mithu Das,4,,Good,26.3.1.6772,2026-09-17T15:11:52,us,Google Play,0
7f50aaa7-6940-41a2-aed0-18b36697ed31,Ramadan Yusof,1,,always hang and stuck at the white screen,26.3.1.6772,2026-09-17T12:59:20,us,Google Play,0
9f087e6b-3dcc-4a75-93c0-ee49a3fd56ab,Angad Kumar (Sharma),1,,application not canecting,26.3.1.6772,2026-09-17T12:48:01,us,Google Play,0
e391908a-dbc0-4c23-92ed-0fd10337d73b,John Holland,5,,the printer acts like it is printing but nothing comes out,26.3.1.6772,2026-09-17T12:31:00,us,Google Play,0
6841276c-195a-442f-a172-95bc137cc2e3,S D,1,,"Buggy app, slow, and unpredictable, esp desktop",26.3.1.6772,2026-09-17T12:30:20,us,Google Play,0
ac4f2592-9d46-4ec5-a594-f2b5c90ebaf8,RH Sabado,1,,"It's a big hassle to print photos and documents on a Long Size Paper (8.5"" x 13""). The app doesn't let you customize the paper size and the only way to print on this paper size correctly is by using a computer.",26.3.1.6772,2026-09-17T12:26:49,us,Google Play,0
c50f4e0f-ca2d-48fb-9511-232a899921d9,Joan Beauchamp,1,,constant blank white screen when trying to open app,,2026-09-17T12:07:06,us,Google Play,0
40b347af-0f3b-4ad6-be69-0ae9f88bcf09,Venkata Rajashekar Pillarisetty,5,,"Nice, worth buying HP Printers !",26.3.1.6772,2026-09-17T10:19:37,us,Google Play,0
c2567bb2-26e9-4181-bb9f-05b58ece2299,Anthony Stephenson,5,,fantastic,26.3.1.6772,2026-09-17T07:42:34,us,Google Play,0
745f9f27-1998-4c31-82f0-63dd2bdeda91,joseph dias,5,,"Excellent performance by the HP Smart, especially using mobile. It's gives a big relief. Print and scanning is way beyond my expectations. Thank you team HP",,2026-09-17T04:31:21,us,Google Play,0
f9e258af-6182-405e-a7d6-31db16686b6b,Ood Proton,1,,Don't support 2700 series,17.20.0.4770,2026-09-17T03:54:22,us,Google Play,0
3bea1d1d-d98d-4d17-bd3c-2c6ab4905dc4,Edward Jr. Kelley,1,,"HP sucks more than ever. Updates only break functionality, they never fix or improve anything! No more 2-Sided scans from feeder, so that must be done in their garbage App. Now the App doesn't allow page reordering!!! Their updates either NEVER get tested, or HP developers are idiots, or they intentionally break functionality & remove features. Perhaps all of the above. FIX THE SCAN PAGE REORDERING!!!!!!!!!!!!!!!! AND STOP BREAKING/REMOVING FEATURES!!!! BTW, I HATE HP MORE THAN EVER!!!!",26.3.1.6772,2026-09-17T00:09:46,us,Google Play,0
ef812fae-5bc0-4cb8-ab2c-c0f6daa34b8d,Anita Hansen,5,,Very good app.,26.3.1.6772,2026-09-16T22:46:07,us,Google Play,0
0f3bdf69-087b-44bb-a5f9-9a74b8bae54a,Keith,1,,"HP software is always breaking printer discovery. I disabled the app, assigned a local IP address to the printer, and used the default printer service on all devices to just connect to the assigned IP address. It was easy and works flawlessly without having to scroll through endless marketing and subscription scams. Google Gemini correctly trashed HP network connectivity as complete garbage.",20.2.0.6076,2026-09-16T22:15:04,us,Google Play,0
246604f6-6451-4dd9-93a9-22387c08a423,Linda Y Sapp,5,,great printer,26.3.1.6772,2026-09-16T21:49:44,us,Google Play,0
607af237-98a6-464c-b671-1607a3098b06,Mary Mauritz,5,,This ROCKS,26.3.1.6772,2026-09-16T17:13:23,us,Google Play,0
0e269545-da58-4548-af6b-b9b6eb789244,Rusty Jones,5,,easy to use,26.3.1.6772,2026-09-16T16:35:09,us,Google Play,0
063d8378-53eb-4e1f-bbb9-bbc8c9d32571,Linda Bainbridge,1,,App never loads!! WORTHLESS!,26.3.1.6772,2026-09-16T15:46:06,us,Google Play,0
a3c600b5-6282-4220-b0bc-332e1700edd8,suezette Phidd,2,,i cannot use this app on my chromebook plus to print can you say why,,2026-09-16T15:24:19,us,Google Play,0
71a148e7-e52a-4f91-8b9e-104b89c806c2,Milan Nikolic,1,,"Pity and shame. From Windows 2000 I didn't have so much problem with printer untill now. For the years i use everything HP or Dell. This printer,will be in use till is ink in my Hp laser print, than I have to buy new one. For shure not HP.",26.3.1.6772,2026-09-16T09:41:52,us,Google Play,1
bdbe50a2-f9d7-4d4b-8faa-b9e1f6266726,Abul klm,3,,"It does not work with direct wifi, please fix this problem and improve the offline usage experience and make the application smooth and fast, whatever we do it keeps going round and round. Or update the application in such a way that you can use the app or take prints even while using phone data. then I'll give you 10 out of 5 star",26.3.1.6772,2026-09-16T08:29:05,us,Google Play,0
35bf8823-7db6-4164-bbb9-791084f7e17d,EBELU ISAAC,3,,very good,26.3.1.6772,2026-09-16T08:26:15,us,Google Play,0
bed3cfe9-de7f-4ea3-9d89-beaf72c537de,Gonzalo Cazares,5,,"Finally, I am caught up with the times!",26.3.1.6772,2026-09-16T04:15:32,us,Google Play,0
21162a5a-753c-411d-8ed9-2b6b6c73dbd6,AVINASH KUMAR,5,,good,26.3.1.6772,2026-09-16T02:41:06,us,Google Play,0
75eb7f71-da02-49cb-96f5-832b989fc36d,Honest Review,1,,You want to use our app? Download this app we have! Want to use this one then you need to download our other app!,,2026-09-15T23:49:21,us,Google Play,0
71c8bbe8-9df3-4dc5-b2e3-0f43d490ef88,Kathryn,1,,This app used to work but now it won't connect with my phone,,2026-09-15T23:11:51,us,Google Play,0
8d5d7834-d0a3-4746-acfc-1f3e47cd73f3,Chioma Okoro,5,,hp is the best,26.3.1.6772,2026-09-15T20:45:44,us,Google Play,0
966ce8ba-5215-40a3-856a-617fec7e189f,Zaid K,5,,I love my scanner printer.,18.10.0.5530,2026-09-15T18:36:05,us,Google Play,0
06e9a64b-2147-4518-9fa5-c931d1ccfca2,Jane Borofka,1,,"Instead of helping me set up my printer and keeping it that way, this app is a complete setup to force you to buy!",,2026-09-15T16:27:44,us,Google Play,0
6d120095-1565-4a17-b518-a4520dced1c2,Fahim Abbas Reza Mirza,5,,excellent app,26.3.1.6772,2026-09-15T16:24:33,us,Google Play,0
436e4e9b-456b-445b-ba10-fb527427fffc,Jose Bendezu,5,,Its Great,26.3.1.6772,2026-09-15T15:18:31,us,Google Play,0
e12c2d35-00e8-41b2-a3ef-4a8a42955cd8,Victor Gogolev,5,,extremely helpful,26.3.1.6772,2026-09-15T15:18:29,us,Google Play,0
b1a49783-6b6e-4c72-959e-062deca476eb,pawan bandara,2,,bad,,2026-09-15T15:17:29,us,Google Play,0
3b4adc9b-6bfb-4360-8308-13ad900775e1,mapxme mapx,1,,i can't find the information of my printer. the latest version is useless for old printer. Disappointed.,26.3.1.6772,2026-09-15T14:00:46,us,Google Play,0
5ea9905f-fa19-4818-add4-e3ea952358a7,Neal Davis,4,,"inconsistently on-line, can be difficult to use thereby",26.3.1.6772,2026-09-15T12:52:32,us,Google Play,0
6d0cfe22-0394-4503-b50c-f0096bd4d3c7,Makaila Gutierrez,1,,not compatible,,2026-09-15T09:11:20,us,Google Play,0
feb0e58f-4edb-4554-9654-2ef97bd98f25,Imani Sataua (Mani),1,,Mobile fax isn't working. Keeps saying Internet connection issues..,26.3.1.6772,2026-09-15T08:37:28,us,Google Play,0
601fd34e-1c30-4304-b763-82f19196ad3a,Michael Naumann,1,,"Recent version throws ""scan unsuccessful"" error with my HP OfficeJet 3830. App is working fine on iOS and macOS. What has improved: - selected export format is retained - selected size for scanner glas scans is retained. - can be used without being forced to register with HP Still bad: - Start page is full of spam while in older versions you could have a single task, e. g. ""Scan"".",26.3.1.6772,2026-09-15T05:16:00,us,Google Play,18
3a55fd53-67ce-4c26-9d98-c7f4fdf356bc,GREENHOUSE LANDSCAPE LLC,1,,The app doesn't work with my HP laser jet M120w,26.3.1.6772,2026-09-15T03:00:39,us,Google Play,0
996985cc-a439-40a0-ac32-f0363f59f8ef,Ramona King,4,,not always has troubles but sometimes,26.3.1.6772,2026-09-15T02:10:57,us,Google Play,0
45e79769-5205-45bd-97c4-a723aec68643,LaShonda Steward,1,,app will not run. I have tried numerous of times and still won't work.,26.3.1.6772,2026-09-14T23:14:20,us,Google Play,0
07b8b5b7-046d-48d1-bc6e-48caba7e1e2d,Flora Nogrady,2,,"doesn't let me select multiple photos at once to print, and when I manually told it to print a photo, went back, told it to print another, it forgot everything between the one it was in the middle of printing and the last one I asked while it was doing so-- meaning there's no queue, either. AND now, literally as I'm typing, it gave up and spit out a page half printed bc the app closed while typing this. I can't even close the app once I've sent the job to the printer!?!?",26.3.1.6772,2026-09-14T22:27:37,us,Google Play,0
02cfed1f-ee17-4149-8281-02bded748e1c,Omni Haynes,5,,Convenient to own,26.3.1.6772,2026-09-14T20:55:34,us,Google Play,0
0d96d606-4f00-40cd-b4b0-7bc2944f5ad4,Simon Ses,1,,have hp 2700 and both the printer and app are abysmall working when they find it fit. never again hp. update it s even worse unable to remove the printer from my account and calling support doesnt work as it tells me to login again before the call despite being logged in. The whole company is a scam,26.3.1.6772,2026-09-14T20:43:03,us,Google Play,0
695456f7-3873-4909-8629-18c3d9639667,Sarah Burlingame,1,,Need to install another app to have it do anything. Apps for days just to try to print a page.,26.3.1.6772,2026-09-14T19:33:46,us,Google Play,0
42b1af6e-347f-4521-ae0d-716145aff3c5,Healthy Lucy,1,,very unintuitive! I've wasted lots of ink and paper so far!,26.2.0.6624,2026-09-14T18:20:39,us,Google Play,0
0659e221-69bc-41ac-899e-384f8c01cf94,Ryan O,1,,Not a user friendly app nor is the wifi printers user friendly to get set up to work with this app.,,2026-09-14T17:16:31,us,Google Play,0
7959c39b-4b04-4535-87fa-c57fe7e4eea0,Robert Hall,1,,sucks using with android,26.3.1.6772,2026-09-14T15:12:52,us,Google Play,0
e9b0ef3f-746c-47e9-9828-6a929228af0a,cat,1,,it doesn't work it doesn't allow me to connect my printer this is one app that I hate but I love the product but the app is trash!!!!! to the developer it doesn't even allow me to connect my new printer this app has been trashed for a long time and it's still trash,26.3.1.6772,2026-09-14T14:40:13,us,Google Play,0
68b9a191-10fb-4a1a-a8fc-61cdf7b5878b,Jesica Campbell,1,,"app never works! Its just a blank white screen. I've used hp for years with no issues, but recently there's been nothing but issues; with the app and their printers! Going downhill fast!",26.3.1.6772,2026-09-14T13:59:58,us,Google Play,0
17358c79-888a-4345-8a58-bf25742dc376,Marcelo Bonafina,1,,"no sirve, hay dias que funciona y hay dias que no.",18.10.0.5530,2026-09-14T11:29:15,us,Google Play,0
8f6ca4f7-ea5e-4b23-87d0-7c659d2df4f9,Samir Tembhurne,5,,nice,26.3.1.6772,2026-09-14T08:07:10,us,Google Play,0
3d9b7725-3cb7-4dff-be8f-a29d5bd4f04e,Anil Chauhan,5,,good quality,26.3.1.6772,2026-09-14T04:00:37,us,Google Play,0
784c9a5a-1fb7-448b-99a8-4880052ae902,Cerebral Debris,1,,Annoying,26.3.1.6772,2026-09-14T03:44:06,us,Google Play,0
636b0987-406a-4c03-931e-255e562cbb84,M S,1,,There is no option for scan ID both sides on a one page,26.2.0.6624,2026-09-14T03:40:23,us,Google Play,0
fdba5b26-fdf3-4bd1-9e56-9662f1abc0c5,Thor Labos,5,,Faster than I expected.,20.2.0.6076,2026-09-14T02:04:02,us,Google Play,0
901f54d8-29b6-4a35-8900-2f0671b6b408,George M. Jeffers,2,,"Bad app, Good products...",26.3.1.6772,2026-09-14T01:32:04,us,Google Play,0
a3622cf9-834b-4479-afbc-3d05e0279950,Paul d'Poulpe,1,,"I bought an HP 580 printer hoping the American app would be better than Epson/Canon, but totally disappointed. The UI is poor, confusing to use and difficult to read the button texts, especially the print preview configuration. Can't save print settings so we have to repeat each time we print new documents or photos. Don't buy HP printers.",26.3.1.6772,2026-09-14T01:20:02,us,Google Play,0
5080d69c-9eaa-4b96-9403-a498e97f2f4f,ZZ Awning Services LLC.,1,,app doesn't work anymore. truly frustrating that I have to delete the app and re-download it to print. looking at reviews and everyone else is having same issue. Why isn't HP addressing the app issue already?,26.3.1.6772,2026-09-14T01:17:05,us,Google Play,0
9d8d298c-9a5b-4b73-9886-52389ce9b836,Tim Stephens,1,,the printer is a big headache to use,26.3.1.6772,2026-09-14T00:40:11,us,Google Play,0
661f60cc-a6d2-41c4-854a-b9a60a8a6ca6,It'sme,1,,this has not worked,26.3.1.6772,2026-09-13T20:31:14,us,Google Play,0
dde80eae-66fa-46c4-b6c7-e0613dccac62,Kenneth Bacon,1,,"this printer sucks!,it is slow, jams and is the 2nd HP printer I have had like this. I'm going with Epson",26.3.1.6772,2026-09-13T18:02:12,us,Google Play,0
52eaeb17-1b9e-4073-9f57-0f3bb4aa36d0,Divyanshu Singh,1,,hp developers are absolutely stupid,,2026-09-13T17:46:02,us,Google Play,0
7180315d-2a43-4a48-9775-7dd1a3225b52,Chloe Hoerter,2,,It's constantly telling me that my printer isn't connected to the internet and won't print but every time I push the button for an information report it says it's connected with excellent strength.,26.3.1.6772,2026-09-13T17:28:21,us,Google Play,0
c5ca1139-e966-485b-a99b-c2c6d6df1516,Mustang Vst,2,,On older version I could crop rotate and resize. Now there is no resize so every small print document Comes as a full large A4 print.,26.3.1.6772,2026-09-13T14:46:49,us,Google Play,0
0932341c-8dac-485c-b48a-430ad9067578,Martir Demiri,5,,perfect,26.3.1.6772,2026-09-13T12:01:12,us,Google Play,0
2df0b9a5-4638-42ad-9586-e7a08331d984,shivi tyagi,1,,very very very very. badb very very very very very very very poor,26.3.1.6772,2026-09-13T08:57:27,us,Google Play,0
33277c86-7d63-4a30-8b33-fce8d84296f8,SAAGAR JHA,1,,"earlier version of HP app had option for OCR in PDF during saving of file after scanning. However, this option is NOT available in this app. Please make this option also available.",26.3.1.6772,2026-09-13T06:12:09,us,Google Play,0
51d1a5bd-88d4-4fcc-9371-95d1173d5699,Pankaj Arora,1,,duplex option missing hp 202dw printer,26.3.1.6772,2026-09-13T05:56:29,us,Google Play,0
42d4363f-b167-464f-86df-434a78289e8f,Donna DiTuri,1,,"App does not open, just see a white page. I used to see my printer and could scan from my phone, save it and email. Now nothing.",26.3.1.6772,2026-09-13T02:23:18,us,Google Play,0
507d16e9-6e8a-4613-ad84-b902002899f4,Sportsquid,1,,HP is an evil company that will nickel and dime you on ink plus spy on your network with their always on printers. Crazy I need a separate app to print when other brands just work directly with android.,26.3.1.6772,2026-09-13T01:23:40,us,Google Play,0
efc81fd8-7fae-482c-8de6-f174432a8c43,Andrew stice,1,,it's not working for me and it's making it hard for me to use it and I am not going to pay for it to have a app that is not working for me,26.3.1.6772,2026-09-13T01:09:03,us,Google Play,0
8e7aeee8-26c1-4d31-9ccb-b3e4365f8d2a,Conner Gordon,2,,"if this worked, it would be incredibly adequate.",26.3.1.6772,2026-09-12T23:25:17,us,Google Play,0
fb9619ee-f0c7-414c-8054-880f8f4460f6,Jesse,1,,it's difficult to use and there are limited settings compared to the desktop version,16.10.0.4315,2026-09-12T23:15:29,us,Google Play,0
477dfff5-7ae9-4484-84ad-8b4320261405,Joshua Cruz,1,,"Garbage App. Garbage printer. Garbage company. It's all garbage. Connected once by phone, printed out a blank piece of paper, kicked me off and blocked access. Why? Why are printers always like this when you need to print a simple shipping label in a pinch?",26.3.1.6772,2026-09-12T21:48:11,us,Google Play,0
38416bad-25ff-4c6b-b094-51bec365e2ea,Elias D,5,,good,26.3.1.6772,2026-09-12T20:28:58,us,Google Play,0
9b7a89e1-4f55-4126-95d7-5145967f5e18,Bernie Strebel,1,,did not work at all,,2026-09-12T19:55:40,us,Google Play,0
af9ff579-67b9-4697-b1b5-9594d47f04d4,Betty Keys,5,,love hp electronics,26.3.1.6772,2026-09-12T19:01:59,us,Google Play,0
02dc7cc1-4582-4871-9c23-08f1118c28d7,Twyla Friend,2,,app doesnt open..its garbage,,2026-09-12T18:11:18,us,Google Play,0
d793d4af-5a46-4a6e-93af-c0516258237c,Aleigha Desiree (Lea),1,,"ever since HP, my printer has become useless. I cannot reach hp support, they sent me an unnecessary new printer when I've already got my own printer, all I wanted was to print missing cat flyers for my children, i never ran out of ink or paper, but hp still locked down my account, making my printer useless. CONSIDER THIS A WARNING TO NOT EVER CONNECT YOUR PRINTER TO HP. USELESS.",26.3.1.6772,2026-09-12T17:10:32,us,Google Play,0
ba435c94-9d43-4347-8135-e7f3d0037265,Trevor Christensen,1,,"I recently bought my first printer, I was told HP was good. Now, I can't even connect to my WiFi and it takes several tries to print one image from my phone. I'm very disappointed in this app and this printer. I will likely never buy HP again, and I hope others don't either.",26.3.1.6772,2026-09-12T16:21:04,us,Google Play,0
c42f6012-a03c-4f5f-bfeb-fc4ebba4e327,Kaiyi goh,4,,after updates... App will sometime hang when scanning,26.3.1.6772,2026-09-12T15:39:04,us,Google Play,0
14d2e68a-634e-4659-8ab7-2ce6669cd250,Robert Bright (Robbie),1,,app broken . opens to blank screen,26.3.1.6772,2026-09-12T15:11:40,us,Google Play,0
deb993af-fdec-43cb-8156-48ac5cfe559a,Moin Khan,1,,good service,12.0.1.4041,2026-09-12T15:10:48,us,Google Play,0
07f3cf9e-8231-404e-b7a4-ee5e5b57e457,Helen Richards,1,,"Useless, just like the printer.",26.3.1.6772,2026-09-12T14:43:04,us,Google Play,0
ed97ae31-2f2c-4b8f-954b-4a2cc2243ab4,Stilijan Kolev,1,,App gets stuck a lot. UX is also quite bad.,26.3.1.6772,2026-09-12T14:16:28,us,Google Play,0
1d84ada6-233f-4477-920d-c46ec5f1e86a,Chander Bhan,5,,Excellent App,26.3.1.6772,2026-09-12T13:50:15,us,Google Play,0
2b5a014e-7f0e-42d3-b3da-83a3f0a3c473,Bhavya Gupta,2,,the printing was not working at al all was coming blank i had to download it again,26.3.1.6772,2026-09-12T13:19:16,us,Google Play,0
a4bed8fc-3778-421a-9c0a-cd2b7862878e,del french,1,,app is next to useless keeps crashing,26.3.1.6772,2026-09-12T12:41:45,us,Google Play,0
fdad7f85-ce7e-4206-9460-fbb34194633a,Gregory Benjamin,4,,UI has lapses. Emailing scan to self should be easier. Scan settings not in obvious location. Built in ads annoying. App got confused about WiFi connection status. Auto cropping on scan is overzealous. Overall good scan quality at 300 DPI.,26.3.1.6772,2026-09-12T11:21:14,us,Google Play,0
94e19226-ab60-4e9d-ab38-51b73ab1865b,Shinchon Doraemon,2,,"previous version is excellent like Hp smart app ,this version make lot facing wifi connection issues..",,2026-09-12T10:28:19,us,Google Play,0
b524f703-6f9c-4882-a18c-ccb56ece6649,Becky,5,,helpfully ease of use,26.3.1.6772,2026-09-12T09:11:35,us,Google Play,0
c0dd8d04-df41-4da3-9693-96ff62163f97,Rameez Fathima,5,,best app for printing,26.3.1.6772,2026-09-12T06:47:22,us,Google Play,0
e84d1304-41dc-40f5-a2cf-54302946a558,Phil Browning,1,,"Worst app ever. Just doesn't work. Won't connect, won't redirect. 100% disappointed. HP don't care and won't respond.",20.0.1.5732,2026-09-12T03:46:37,us,Google Play,0
f1282ff3-954d-471b-b4e1-a8ebcab93bfe,Elizabeth Smith,5,,"This works great on phone and tablet. I cannot print off my hp laptop.no ads, yes, yes.",20.1.2.5988,2026-09-11T19:31:14,us,Google Play,0
2446bc41-f712-42e0-b52f-916f8826e604,Matt Layton,1,,"HP is hot garbage. Their software is buggy as hell and they stop ""supporting"" old printers.",16.10.0.4315,2026-09-11T18:55:23,us,Google Play,0
88b9511c-1b75-4588-9c8e-623e2a23a1d9,steve palek,1,,The app used to work great with my HP 5101. I could print stuff easily and quickly. I don't know what they did but printing is now a nightmare. It's hard to get the app to connect to the printer. It's been taking me about a half hour of messing around with the app to print anything lately. It sucks. Thanks HP for ruining a good thing with your garbage update .,26.3.1.6772,2026-09-11T14:45:18,us,Google Play,0
c0c425f5-2799-499a-aeae-b85afba5122f,Sujit Viswanathan,1,,very poor. slow loading. does not communicate properly with printer,26.1.4.6508,2026-09-11T13:51:57,us,Google Play,0
3ead65ca-4ed1-4fea-bd27-aaca461f2a03,Orlaith Dowling,1,,never connects to the printer. very frustrating. Cannot use the printer more often than I can. Would not recommend,26.3.1.6772,2026-09-11T13:31:08,us,Google Play,0
6fdeea8d-6ee3-4685-b25a-8effcf2ff1d8,racquelle short,1,,part few days the app wont even load...,26.3.1.6772,2026-09-11T12:00:21,us,Google Play,0
b23ff628-7078-4764-90a2-42ab9ad3dbb7,Racheal,1,,TERRIBLE EXTREMELY SLOW TIMES OUT WHILE APP OPENS WELL TRIES TO,,2026-09-11T08:28:06,us,Google Play,0
c27ff217-c0f6-480c-a5be-58b677a79fe7,Joshua Hulo,5,,Very useful. So convenientand user friendly.,,2026-09-11T08:20:59,us,Google Play,0
0fe0ec28-ec2f-43b0-87e9-d29e19c5c908,Sim Kim Foo,5,,Easy to use,26.3.1.6772,2026-09-11T02:46:38,us,Google Play,0
5c9c89fb-0bfa-4ebf-abe0-37de1838bbaf,Johnny Doueihi,1,,if I can give this POS app a negative 100 I would,26.3.1.6772,2026-09-11T02:33:39,us,Google Play,0
c5c6235b-44a4-46e4-814f-1507af641884,William Marsh,1,,"Quite possibly the most useless app ever. I tap sign in, get a minute of spinning circle, then ""Something unexpected happened."" It never even asks for my username and password! Then again, about what you'd expect from the company that made the printer that can't print.",26.3.1.6772,2026-09-11T01:48:57,us,Google Play,0
59fd5d74-f8e1-4435-a1d9-fcd7fcb71c82,Josh Ricks,1,,"didnt work. ""false claim"" of printer offline.",,2026-09-11T01:27:52,us,Google Play,0
e63aca01-f7b7-4c0f-9901-ecbd7577925a,Aidan Doyne,2,,Intermittent issues,26.3.1.6772,2026-09-11T01:17:20,us,Google Play,0
87d107ae-c585-4fa3-8a78-3e28feeabe6c,J M,1,,"The HP Smart Tank 7302 is a complete disaster. But the absolute worst part is the utterly useless HP Smart app. When the printer inevitably fails to connect, the app offers zero actual troubleshooting steps—it just tells you to ""reboot your router or phone."" Meanwhile, real engineering instructions (like accessing the IP directly or using specific button combinations to force a reset) actually exist, but the developers didn't bother to include them in the app.",26.3.1.6772,2026-09-10T23:38:37,us,Google Play,0
9cd2b500-302c-4b8f-88ae-280c35df7050,Steevee Stricklin,1,,"App keeps cutting off random photos if I close my phone, refuses to try to print off any photos that aren't 8x10 even if there is the proper paper size in place, crops photos despite not cropping them, won't let me print off more than one document at a time, and this was before AND after the latest update. I absolutely hate that EVERYTHING needs a dumb, unusable app that just takes up space. PLUS, you need ANOTHER app just to run this one! WHY?! Ridiculous!!!",26.3.1.6772,2026-09-10T23:33:43,us,Google Play,0
53660bcd-ce16-45fc-a86a-ac5ea352cd41,Anthony Rum,1,,I have been trying to download the HP Smart app and the HP app with no success. I have change my network and am trying to get my HP Laser printer to print again with no success. What is wrong with HP? Why are your apps so inter woven such that they do not work? Now I am without my new printer!!! Damn.,26.3.1.6772,2026-09-10T22:50:36,us,Google Play,0
083c070c-29e8-478c-bfe9-c36023809207,Tim Drake,1,,tried several times and it keeps saying error cannot connect my new printer to my desktop computer app. is BS,26.3.1.6772,2026-09-10T22:46:48,us,Google Play,0
8209d774-d442-416b-93b1-8ae201c13f5c,Jaynis T,1,,"""Updated,"" but still will not connect to my printer no matter how many times I try. The printer is on the network, I'm on the same network, the phone is beside the printer, the app finds the printer after several search attempts, but failure to add the printer every time.",26.3.1.6772,2026-09-10T21:14:05,us,Google Play,0
a0da247c-997c-4184-b622-48804954525b,Paolo Canepa,1,,NON FUNZIONA PIU' NONOSTANTE LA ABBIA DISINSTALLATA E POI INSTALLATA NUOVAMENTE. E QUINDI ADESSO COME FACCIO A SCANNARIZZARE DEI DOCUMENTI ;-(,26.2.0.6624,2026-09-10T19:32:31,us,Google Play,0
0c97358f-6cc0-4376-b780-b270b9dd9b41,Chester Castillo,5,,very beginner user friendly.,26.2.0.6624,2026-09-10T18:59:20,us,Google Play,0
9197d2bb-ac6b-4ca8-bd64-eeb585d18261,Brit Nicholls,1,,Barely works.,26.3.1.6772,2026-09-10T18:44:43,us,Google Play,0
f8d2c0fa-deb5-4a59-a8d4-2da8121cc5ad,Surendra Jangid,1,,👌,26.3.1.6772,2026-09-10T15:00:36,us,Google Play,0
72462088-865c-4c5a-9267-23b61a464a5a,Arley Jesús Barroso Gutiérrez,1,,"This is the absolute worst printing experience I've ever had. My printer is connected to the internet, and so is my phone, both on the same Wi-Fi network. Despite this, the printer is still showing as unavailable. Printing should be easier. I will not recommend this app.",26.3.1.6772,2026-09-10T14:21:51,us,Google Play,0
5291c69f-18ae-43f4-a6b0-322158d7466e,Animek Animek,1,,"I didn't accept the printer cut my scans documents, The auto edit is off",26.3.1.6772,2026-09-10T05:42:47,us,Google Play,0
5a9e1139-21fc-40e0-b10d-48a00af0884b,Dan T,1,,"No matter what settings I make or change, the HP app will not see or connect to my printer on the same network. I've tried everything possible within the phone, printer and network settings and still cannot connect to the printer. I give up, what a waste of time",,2026-09-10T02:33:32,us,Google Play,0
89603aa0-06b9-4aac-bbd8-0abfa667f401,Marvin Kissoon,1,,it's useless it doesn't even connect to my phone.,26.2.0.6624,2026-09-10T00:43:11,us,Google Play,0
529ac002-d3ee-490d-a381-721a7e1c308a,Jacob Roe,1,,no phone printing. bulls setup. failure. complete clusterf,26.3.1.6772,2026-09-10T00:10:46,us,Google Play,0
eb9af2ab-72ca-4625-9d0c-eebd50f08d0b,The Mortician,1,,"I thought it was only one printer with this issue. However it is 2 printers, 2 different models and 2 different locations. Jobs sent do not print or only half of the job comes out. The printers wake up to the job sent. Printing from different devices running different versions of Android also do not change this issue. Printers work with computers printing over wifi so it's not the equipment.",26.3.1.6772,2026-09-10T00:10:28,us,Google Play,8
b4d6ebc6-ef2b-4cae-b332-673b56d6bcc0,falah hewary,5,,Fantastic jobs,26.3.1.6772,2026-09-09T23:43:21,us,Google Play,0
bdea6c01-e4b3-41f0-84b9-6f73aec41ff2,Tracey Ann Hildebrand,5,,It's good.,26.3.1.6772,2026-09-09T22:28:03,us,Google Play,0
12daeab0-421e-4371-8975-4a7a2b50e7e1,Douglas McPherson,1,,"terrible, doesn't work",,2026-09-09T19:23:45,us,Google Play,0
067990e3-3ccf-4134-9398-d1b5bebd4619,Laura,1,,the worst experience you will ever have in your life,26.2.0.6624,2026-09-09T19:04:35,us,Google Play,0
6fb680eb-4ddc-4e50-832b-38c59d054d52,Jason,1,,"cancelled my subscription, now I can't use my printer! HP IS GARBAGE NOW! THIS PRINTER NOW BECOMES TARGET PRACTICE!",26.3.1.6772,2026-09-09T19:04:10,us,Google Play,0
984afb64-d107-41f9-8d96-21e27570f228,Barbara Steward-Goins,2,,printer hasn't been working a lot lately,20.2.0.6076,2026-09-09T16:33:23,us,Google Play,0
2744cc06-c0aa-4d49-b0ea-545c8831ce53,Yvonne Thomas,3,,"At times I can print from this app to my 2 printers and at times I can't. This is a recent problem I've been having. it's very frustrating. please help. I keep having to call HP and the problem clears for a while, but comes back. always saying the printer is not connected.",26.3.1.6772,2026-09-09T16:30:29,us,Google Play,0
3c72628d-b72a-4743-8f2f-8761943b8919,Vijai SAravanan,1,,working with hp app and printer is like fighting a war. nothing is user friendly and connecting is horrible.,26.3.1.6772,2026-09-09T14:06:31,us,Google Play,0
2fb67b02-29d0-4cb0-8c28-1683f03963e4,Agniv Das,1,,funny how the app just doesn't have USB connection for setup the printer. if you're not provided a service the how pathetic to have a product that only supports that.,26.3.1.6772,2026-09-09T12:56:30,us,Google Play,0
200a89e6-6ef0-48d7-8958-6742a6dd9c7e,suzette mccormack,5,,Love using the app. Quick and easy to print or scan,26.3.1.6772,2026-09-09T11:41:07,us,Google Play,0
f31e7658-135f-499f-a49f-fe93bcfd8528,Akhilesh Shah,1,,Absolutely pathetic even after choosing the page format it gives you a default image of every scanned page which is required to be cropped fix this otherwise it didn't give any worth of making this application,,2026-09-09T11:11:20,us,Google Play,0
83603adb-24f4-49cd-b994-ac2f1fcd2289,Wahid Daud,5,,Very easy to use. Friendly user.,26.3.1.6772,2026-09-09T06:47:07,us,Google Play,0
e115ba1b-c924-41ca-aa54-1a08fa6eb2e4,Justin Sanders,1,,I don't know why printers are still such a nightmarish experience. I'm just trying to buy ink and I clicked the button to do so and it just clocks endlessly doing nothing.,26.3.1.6772,2026-09-09T05:19:45,us,Google Play,0
00e17d98-e8d0-4e95-86b4-80dd27b8ef8c,RAMEEZ AHMED,1,,not working in Galaxy Z8,,2026-09-08T23:45:45,us,Google Play,0
195e501b-d1c5-4e58-b6d9-c14d79597c70,Pamela Wright,1,,I bought a printer. It should be easier to connect with network. You make buying something one click. how about making using it that easy. Ho in heck do I connect hp 6001 to network. UGH,26.1.4.6508,2026-09-08T22:29:21,us,Google Play,0
6ef716fd-b1a6-443a-ae09-e3de478d31de,Malh,1,,"Pésima experiencia, siempre que entro a la app se sale de la sesión, tarda en vincular con la impresora",,2026-09-08T20:55:33,us,Google Play,0
88d51de5-3913-4ebf-973f-f8423aea8b38,ANGELA CHRISTENSEN,4,,"Great for printing, decent for scanning",26.3.1.6772,2026-09-08T20:15:33,us,Google Play,0
b56e4114-a092-4293-bd79-e206a7f7d3d0,Laszlo Varga,1,,"Issues: Poor color accuracy and ruined dark tones when printing via HP's app App uses standard black ink on premium photo paper Third-party apps fix color quality but block paper type choice on non-A4 sizes HP needs to learn what ""smart"" means. Printing photos through their app produces terrible colors because it incorrectly uses standard black ink for dark areas. Google Photos fixes the color quality, but with a catch: you cannot select the paper type unless you use A4 paper.",26.3.1.6772,2026-09-08T19:22:05,us,Google Play,0
a5e66f86-d662-4d41-b01e-506bb609c610,Gina Godden,2,,"Managed to get it connected and was working perfectly. However as soon as I wanted to print on a different type of paper the app refused to work. It cutts off the top,bottom and sides every time, even without a boarder and it refuses to print anything that's not plain A4 paper and says error but won't tell you what the error is. I've waisted 3 hrs of my day trying to get this app to work and it just won't. Please improve your app to actually help your hp users.",26.3.1.6772,2026-09-08T17:18:30,us,Google Play,0
0d611e0a-cbbe-4278-96ac-231c438947e0,DaDda SmUrF,1,,so slow to open and load anything. this app was not built with smooth operation in mind.,26.3.1.6772,2026-09-08T17:07:39,us,Google Play,0
cd254ebe-cb9c-4870-bdb3-7fcdc8626c1f,Lulu Hernandez,1,,"I had to change my feedback to zero! This is an absolutely horrible app; not only is this a horrible printer that constantly crashes for one reason or another. they have it monopolized to a point where if you don't use their cartridges directly from them, that chip in with other cartridges from anybody else will not work! Your printer will crash, the lights will start blinking like crazy, and there's nothing you can do to fix it. This is a horrible company. Stay away from HP; these guys are h",,2026-09-08T16:55:55,us,Google Play,0
1a7a195e-f65a-4855-85f7-294fbc83dbf4,YUG_03,3,,takes time to connect to internet,26.3.1.6772,2026-09-08T16:21:42,us,Google Play,0
169593d0-df7f-4ea4-90da-580c1d13f252,Kadian Urquhart,1,,"this app is so trash, it won't open when you need it the most 😤.",18.5.1.5470,2026-09-08T15:13:33,us,Google Play,0
7e7982ca-9cdf-44f9-b6ac-ee02458c15a1,Jakub Stonavský,1,,"After a few months of using this app, I need to delete data and relogin, unless I want to see HTTP 500 everywhere. Also .. the ""Scan"" functionality disappeared from my printer menu so now I can only ise 30% of the functionality via the crazy bad UX of this application. Crazy bad - I wouldn't expect anything else from HP UX team, but still WOW.",26.3.1.6772,2026-09-08T14:35:45,us,Google Play,0
9b4fd136-1094-4da9-8e41-79eaf367a39b,Kevin Howell,5,,Having trouble opening the app. Just gives a white screen. this just started happening for the past week,26.3.1.6772,2026-09-08T08:06:59,us,Google Play,0
9719acc3-9178-489c-ac8e-41c7b39b1b90,Kirsty Gorman,2,,extremely buggy & fails to connect even when there's no issue with the Wi-Fi. Look elsewhere for a better printer where you can actually print straight from a PC.,26.3.1.6772,2026-09-08T08:00:34,us,Google Play,0
a9959d74-76ef-4413-87d8-1d72e2e8ae38,Bal Ram,5,,excellent l,26.3.1.6772,2026-09-08T06:23:02,us,Google Play,0
bd0862e3-31d9-47ac-97c7-a5dde730797c,Christyann Blair,1,,"too many options for stuff I don't want. was just trying to troubleshoot, and now I can't connect to settings without getting ""can't connect due to unsecured connection"" not happy",26.3.1.6772,2026-09-08T03:17:14,us,Google Play,0
d3dbd613-552c-4ed0-9bc1-a7e6ac2b0854,Jose G. Robles,1,,No Good.. No Good.. ......,26.3.1.6772,2026-09-08T02:33:32,us,Google Play,0
37eddf89-f5d6-4aff-94b5-f92989385928,Renz Gabrielle C. Lunday,1,,"Please add an 8.5 x 13 inches (Long / Folio) size option. Currently, printing on Long paper stretches or rescales the document to fit standard Legal (8.5 x 14 inches), which distorts the layout. Adding native 8.5 x 13 inch support would solve this issue for Philippine standard paper sizes.",,2026-09-07T22:47:37,us,Google Play,0
aeaf8fff-8c73-4dae-9622-915606f73069,Kevin holland,1,,app bucks ai sucks no human help about ready to throw this over priced pos o I t the window and go to kinkos,26.3.1.6772,2026-09-07T22:34:08,us,Google Play,0
32e770f7-56c9-4a47-8dc4-cfd72701567a,christina anicet,1,,fix your scrappy app please. I cant print anything from my phone,26.3.1.6772,2026-09-07T21:42:16,us,Google Play,0
198ec5e2-38ca-40d9-9e10-2edfa62394af,Will Taylor,1,,"HP printers are the worst printers I have ever used in my entire life. Every time you go to print something, it doesn't say the printer exists, and it always disconnects from Wi-Fi and you have to always reset it up to be able to just print one thing, and then it doesn't even work on half the computers. So, in my opinion, you should never use an HP printer. Go get a Brother printer, they're actually worth something. I have had no issues with my Brother printer since I bought it. HP SUCKS.",26.3.1.6772,2026-09-07T21:19:36,us,Google Play,0
749acbf3-b68b-4691-bbfe-7dc617bbab44,Livia Niedl,2,,"It is better than it was a few years ago, but still not good. Slow loading, bloated, ads. Currently I only get a white screen",,2026-09-07T20:39:20,us,Google Play,0
912ca4f5-5858-419e-9f3f-08ce69ec6d4e,Dave Morrell,1,,this app will not let me log in..I get the 6 digit sign in code to my email and when I I put the code it the sign in button is not active....a totally rubbish and useless app.,26.3.1.6772,2026-09-07T20:01:51,us,Google Play,0
80b15d66-9c39-4dd5-9295-543e0dea7ffd,BUNNYHUNTER 09,5,,so far so good as far as scanning photos,26.3.1.6772,2026-09-07T17:16:26,us,Google Play,0
16353cd1-ddd6-46a5-bcfd-158ca24d3c3b,Kristin Annoye,2,,this app has worked fine for years. It suddenly has not been working at all. It won't load until I open a website and get redirected from there. And even then it's only about half the time.,26.3.1.6772,2026-09-07T16:31:12,us,Google Play,0
ecbf71e6-fb4b-48b6-8a36-442cba45fc90,Brian Pitcher,1,,I'm currently getting a massage that my cartridges are wrong. HP sent me the cartridges and they're half full. will continue to figure this out,26.3.1.6772,2026-09-07T14:34:37,us,Google Play,0
92c41dad-359a-46be-9692-4700f8fd2f9b,Konstantinos athanasiou Pappas,1,,my hp laptop is not compatible with my hp printer,26.2.0.6624,2026-09-07T13:25:20,us,Google Play,0
a98b4c8f-8972-4d28-b69d-67af047733db,Josie Giles,1,,"Absolutely horrendous, I bought my printer about a year ago and haven't been able to use it, although I somehow have to pay £6.99 every month for buying it!",26.3.1.6772,2026-09-07T12:48:18,us,Google Play,0
d1a67a54-e028-4e3c-9424-00924678e363,Ranjith S,5,,very good in the 👍👍👍,26.3.1.6772,2026-09-07T09:59:10,us,Google Play,0
916dee45-6d93-4637-8b27-904fe6fcfccc,Cindy Ha,1,,faulty,26.3.1.6772,2026-09-07T08:09:37,us,Google Play,0
c8b199b6-61d6-4f57-ac16-cb5b2944bc9f,Game Developer,4,,app was good but some changes are required but very good app make the app more best than will you 5 stars but the hp company is good and i give 4 star for this app,,2026-09-07T06:22:34,us,Google Play,0
f24b57e4-cdd7-4e37-9198-4f2670a8a635,Jeffrey Conrado,5,,absolutely awesome printer love all the features that it has to offer.,26.3.1.6772,2026-09-06T22:35:18,us,Google Play,0
5ec4c9f9-5c3d-43f6-b194-113822b7fd35,Stephanie M,5,,So convenient!,26.3.1.6772,2026-09-06T21:25:26,us,Google Play,0
77ccf92f-47de-452a-ac97-3ba27ef4b34c,King Monroe,2,,hand written text is allowed to be converted to typed text?,26.3.1.6772,2026-09-06T20:05:54,us,Google Play,0
fe922141-c263-48e6-bda3-bfe1f2e07216,Carl Radde,1,,I have been trying for hours to connect this to my Wi-Fi keeps telling me I have the wrong password and has no option to change password,26.3.1.6772,2026-09-06T19:06:14,us,Google Play,1
827d254b-0635-4dac-84af-8229941f91ec,Steven,1,,Had HP all in plan for a week but unable to use plan because app says printer still on the way. I already got the printer 5 days ago!,,2026-09-06T18:20:36,us,Google Play,0
8e39a762-515a-4a67-89aa-43a5ab62972d,Pradeep Sasidharan,1,,"I cannot now print from S22 ultra... they stopped cloud printing, now they don't provide support for phones that is 4 years old !!! even that app keeps going to so many pages .. it shows the printer name etc, but even when doing the setup again it does not find the printer in wifi or in their direct mode.. shameful creatures if they are stopping as its from from an s22 ultra..",26.1.2.6449,2026-09-06T15:43:10,us,Google Play,0
cd7934c1-5b39-495a-a6d0-3e91e61925f8,Sue Hall,1,,horrific,26.3.1.6772,2026-09-06T11:26:34,us,Google Play,0
e14975ae-2dc7-4831-a39c-f22cf406db2a,Ali Farahi,4,,not supported some phones,26.3.1.6772,2026-09-06T08:35:37,us,Google Play,0
17acb5fc-5ec2-420f-919f-0044e2b48c18,Csaba Szabó,1,,"very poor app, changing payment method works only after the 4th attempt, there are loops in the app that bring you to the same page. not user friendly at all... its bringing done the whole experience with HP",26.3.1.6772,2026-09-06T07:15:56,us,Google Play,1
15ff209d-0746-41c9-a7d7-be55b47eca97,IBRAHIM MOHAMED,5,,good,26.2.0.6624,2026-09-06T07:02:43,us,Google Play,0
6ada542a-cef0-4b39-a4a8-0946923006b3,Tina Youtz,1,,cant use with all devices,26.3.1.6772,2026-09-06T00:37:39,us,Google Play,0
9f3aa22a-99bd-4d96-8dd8-94d04c014035,Glen Miears,1,,"they want money on drivers already used and downloaded. its a scam, these are required and given when the printer is sold, its scam now.",26.3.1.6772,2026-09-05T23:42:31,us,Google Play,1
ccf05168-88d8-4ef1-be84-df07cd328dac,Alice Legky,1,,my fault for trusting HP again after ive had horrible issues with my laptop. but this app is horrible. its takes forever to load 1 thing. it doesn't work majority of the time. HP how have you been in business this long? your products seem to be getting worse and worse. I miss when things were simple and didn't require an app or account for every little thing.,26.3.1.6772,2026-09-05T22:11:42,us,Google Play,1
980a4348-5fee-475c-a624-28cac667003d,Jamie Amerson,5,,easy to use,26.3.1.6772,2026-09-05T16:50:09,us,Google Play,0
b0fbc3f4-c98c-4f5d-b6f4-c1ad8ad35c05,Piotr Piotr,1,,who programed this ecosystem,,2026-09-05T15:26:54,us,Google Play,0
c4985487-7983-43c4-9691-07fa673a4b43,Szwed K,2,,will not contact to my internet,26.3.1.6772,2026-09-05T14:43:50,us,Google Play,1
3478a63f-c0af-4186-8f91-0111eb688384,MB SB,5,,very good 👍,26.3.1.6772,2026-09-05T13:50:52,us,Google Play,0
c2df0df2-3d57-4ff7-a4cd-1ea2e74b8b3a,dharmender prajapat,1,,even though showing connection it's not sending print command to HP smart tank 585,26.3.1.6772,2026-09-05T13:35:55,us,Google Play,0
61eb924c-83ac-45b3-8acf-16cf65a79990,Joshua Campbell,5,,Great app for scanning on the go! Used HP Smart Utility on my phone while traveling and easily scanned a document I needed to email. Super quick and simple to use... exactly what I needed when I was away from my computer. Highly recommend!,17.20.0.4770,2026-09-05T12:43:12,us,Google Play,0
df9e7e74-ad38-403c-baca-ec6b61695379,Raed Zino,5,,this is a new application for the printer,,2026-09-05T10:38:36,us,Google Play,0
1e69d27c-e2ec-474a-a60a-46e98a247bc2,Anna Volkmann,1,,"App stops working, unable to print. unable to contact service.",,2026-09-05T08:41:51,us,Google Play,0
bc627184-60ed-47da-bc41-6a18f226698e,FW TY,1,,"rubbish app, why so hard for u just to connect to the printer to do scanning it's 2026 what so difficult to implement such kind of simple connection",26.3.1.6772,2026-09-05T04:39:28,us,Google Play,1
103cbd1c-9104-4d19-b8c3-ecdae247dc2c,Lateef Jaiyeola,5,,I think the recent update has taken care of so many issues.,26.3.1.6772,2026-09-05T03:33:40,us,Google Play,0
1db41a7f-1ce7-47ce-92b8-0c9a577d9fae,Rock Roll (Rocker),3,,Constant trouble,17.20.0.4770,2026-09-05T00:36:21,us,Google Play,0
dc75de1a-adcd-4c6e-af34-d7e17649afda,Ryan Regensburg,1,,"The necessary addition of payment is not appreciated to use your own printer and be on a monthly membership plan. Total crooks, no thank you. Difficult to use app and scan documents.",26.3.1.6772,2026-09-04T23:03:21,us,Google Play,1
769e9a86-5d5e-4fa2-ab80-a4bcf5a7bb6d,Jacki Nguyen,1,,What happened? No longer able to use the Mobile Fax??! Main reason why I kept the HP printer 🤦‍♀️,26.3.1.6772,2026-09-04T20:45:38,us,Google Play,0
21269775-a2e1-4f39-920c-4efcf8b8acef,Karen Ouimet,1,,wouldn't connect to phone horrible printer worst i have ever bought,26.2.0.6624,2026-09-04T19:02:37,us,Google Play,0
4d9855f5-2d73-482e-9b46-2e6a4807e3db,Carlos Gonzalez,1,,dont ever buy hp return your printer Now,17.25.0.4906,2026-09-04T18:16:29,us,Google Play,0
1a945134-0ff3-4c90-8b15-a797f7435a32,Mervin Snyman,4,,Love it works like a bomb for me,26.3.1.6772,2026-09-04T14:21:38,us,Google Play,0
26732554-b82b-49fd-81ce-e2c987cb340b,Rohan Anurag,1,,"This is a really terrible app. Almost every function takes an extremely long time to process and works at a snail’s pace. If we need to get any work done, we have to sit and wait for up to an hour. Please improve the app’s speed and performance and make it much faster and more responsive.",26.2.0.6624,2026-09-04T09:56:50,us,Google Play,1
4aaafb49-453b-49f7-8b3f-15c0e5d8cbe7,Shweta Bansal,1,,worst app I have ever experienced don't use it worst app literally a poop 💩,26.2.0.6624,2026-09-04T04:33:27,us,Google Play,0
8a6a10c1-8ba9-4ecf-a3e2-9511667b9f10,Iker Yosef Rodriguez Zavala,1,,"Basura, nunca conecta a la impresora, no volveré a comprar con HP, perdida de dinero, y me saca de la cuenta a cada rato, si se pudiera le daría 0 estrellas, pésimo servicio de HP.",26.3.1.6772,2026-09-04T03:56:21,us,Google Play,0
56fcbfe5-0d0c-4022-9aa6-f777b842a6a8,Matt Chalmers,2,,50/50 chance of working. It's pretty useless if you want to do something like change the printers network. The only way get a 'Smart (?) Tank' to work is a factory reset and add as a new printer. You'd think a multinational Tech company like HP could get a printer to talk to the App.,26.3.1.6772,2026-09-04T02:58:51,us,Google Play,0
9266a188-5061-40f4-b432-cb3f64b3bfeb,Ben Feldberg Collins,1,,predatory app made by a predatory company.,,2026-09-03T21:03:08,us,Google Play,0
29eadaf9-e657-4b44-a70b-57d761324e5f,Timothy Tankersley,1,,A terrible app that has put me off buying any future HP printers. Doesn't print half the time and scanning more than 10 pages crashes the app. Avoid like the plague!,26.3.1.6772,2026-09-03T20:41:03,us,Google Play,1
7d8b5816-003d-4ed9-b538-2644215e8eb6,Kushal Gupta,1,,Horrible app. sends corrupted print data to the printer causing it to go into error mode and makes the paper get stuck. Doesn't remote print most of the time as well. And wont schedule prints if the printer is off. Has to learn a lot from Epson.,26.3.1.6772,2026-09-03T19:02:15,us,Google Play,1
5b0dc028-22af-47f1-bae1-3fd4fe37ebb9,Martha Cast,1,,trash along with the hp printer,26.3.1.6772,2026-09-03T18:42:35,us,Google Play,0
17908746-8214-45d9-8278-c0e9b1731d46,Demetris Moses,1,,it's not working. cannot connect to internet or MN use ethernet,26.3.1.6772,2026-09-03T18:15:02,us,Google Play,0
ddc570a4-9f17-4ed2-a2f3-75151412f505,Carl Soto,1,,Failed to connect to new printer and can't change the alias name of the printer,26.3.1.6772,2026-09-03T16:26:04,us,Google Play,0
01594a21-1e2c-47c5-b231-abcd296c86c0,thewan hasnul,1,,My printer is not offline! I can print locally using the built-in Android Printing and Mopria! Your stupid app keeps saying my printer is offline even though it is not. FIX IT!!!,26.3.1.6772,2026-09-03T16:14:41,us,Google Play,0
04ae4c40-e153-43a3-b833-459dd2290bf0,Jackie McDowell,1,,I just purchased aHPDeskJet2935 printer! l haven't been able to print anything! Unless l pay for subscriptions! Which l can't afford now since l used all my funds to purchase the said printer,26.3.1.6772,2026-09-03T15:40:25,us,Google Play,0
ee998404-0023-4a8e-af7b-90f58b91e5ff,Beverly Schommer,1,,"nothing but problems, from one device to another with each days new print sessions. Today the document I am trying to print will not even bring up the printer. Update 9.3.2026 same problems continue!",26.3.1.6772,2026-09-03T15:39:21,us,Google Play,0
be3bb4b8-1fd2-4f57-8d1d-25acad5b9c42,Ben Ndu,5,,very good scanner,26.2.0.6624,2026-09-03T15:25:14,us,Google Play,0
968a131a-3988-4a07-a0ca-45d41bf995cd,Damaris Ale,1,,it doesn't work struggle to get anything printed it's a sometimes if it wants it'll print this app is supposed to work I just bought a hp printer and have a terrible experience so far,26.3.1.6772,2026-09-03T15:22:56,us,Google Play,0
17264a4b-ffa6-422e-8b6e-48b78a812ab1,Andrew Welton,1,,"(Update) More than a year after this review, they somehow made an already garbage process worse. I don't intend on ever using an HP product again after dealing with their god-awful printers and app. This app actively makes printing on HPs already pain in the *** process actively worse. I don't want an app, I don't want a damn subscription, I want a damn printer that connects when I say ""connect"" and prints when I say ""print"" This app sucks.",26.3.1.6772,2026-09-03T05:10:53,us,Google Play,0
a92e9883-08db-403c-9b80-4a68bf1956e6,Raymond Dobbins Jr,1,,"still waiting on printer since August 19, I thank ITS A SCAM",26.3.1.6772,2026-09-03T03:08:29,us,Google Play,0
c49090ee-ae15-4b2f-a6a8-a5230e1d39cf,Harold langlois,1,,"This app so far is frustrating and unproductive. Dealing with a reputable, large and well known company as HP I was expecting much better results. I had hell attempting to install this app. I will take a break from it and try again later. I really do hope I experience much better results.",26.3.1.6772,2026-09-03T01:20:38,us,Google Play,0
a7c0a322-d9ec-496b-ab16-214e89d405d9,Sonali Singh,5,,good app,26.3.1.6772,2026-09-02T18:05:06,us,Google Play,0
0eedb718-5235-421f-b9f6-0f220c46f2aa,Krishna Deshpande,4,,very easy to scan files and save in a neat electronic format on your mobile folders. Thanks HP.,26.3.1.6772,2026-09-02T17:48:16,us,Google Play,0
863847f5-8d8f-4da6-833b-86d3e1a4b2c9,Mints Alexey,1,,Constantly crashing and losing connection to printer/cloud. Slowly loading interface with new buttons popping up in the middle without warning when i try to tap anything.,26.3.1.6772,2026-09-02T16:34:05,us,Google Play,0
23c6ad75-f93f-4c99-9bd6-aa26bc0bea74,Alistair Mills,1,,Over engineered printing. Awful printing experience. Getting the thing to print is an art rather than science. Printing should not be this painful in 2026 - simplify the offering and just reliably print!,26.3.1.6772,2026-09-02T15:34:23,us,Google Play,0
4eda7643-c2dd-43e3-bc9c-ba0921ff3adb,Terri R,1,,wont scan to computer. no help available,26.3.1.6772,2026-09-02T14:16:04,us,Google Play,0
db261777-24ae-44a9-8ea2-dc8f5dd12432,Khizer Abbas,5,,good experience,26.3.1.6772,2026-09-02T12:32:18,us,Google Play,0
6ee8b5e7-cef1-43e6-bb5d-4f27dda26268,Jasper Reikevik,3,,Slower than notifications of Phone since months i prefer using the phone built in Print option than this App,26.2.0.6624,2026-09-02T12:12:51,us,Google Play,0
9211bc27-5ea5-4bc5-89db-77ad0f538fd8,vinod kumar,5,,good service,26.3.1.6772,2026-09-02T11:43:30,us,Google Play,0
531109e0-4f2a-4587-93c0-c562226db3ea,Joey Williams,5,,Very good.,26.2.0.6624,2026-09-02T11:25:50,us,Google Play,0
c328c912-6b5b-4a06-8a83-7531a099eb39,Ndumiso Malungani,5,,Great App that works seamlessly with my HP DeskJet Plus 4120,26.3.1.6772,2026-09-02T10:56:26,us,Google Play,0
832150b9-6782-4773-b6dc-8cede7e1f279,Daren Brett,1,,"Absolute dog toffee. If you want to print from your smart phone, good luck. If you want to print from a Chromebook, don't even bother. It's going back to the store.",26.3.1.6772,2026-09-02T08:18:19,us,Google Play,0
41bf2310-5b61-4f6a-8f98-e290d86a3e31,Tejpal Gehlot,5,,good,,2026-09-02T05:55:51,us,Google Play,0
537aec95-2a07-4770-97bb-accf42da7d90,Amy Lohse,5,,easy to use.,,2026-09-02T05:53:07,us,Google Play,0
5add4a04-c912-4526-a911-927756074663,Manuel Vergara,1,,Sus impresoras no funcionan o fallan constantemente,,2026-09-02T05:07:20,us,Google Play,0
60d71598-fb3d-4542-8e96-6c3ccd350eec,Michael Mullins,1,,"the app has gotten no better over time, still drops my printer which is perfectly connected to my network and visible with other apps...but want to scan anything...nope have to use our app for that, which never works or fails to detect its own products...and the support page, good luck in it loading... it would be nice actually owning the products we pay decent money for... -5 star review",26.3.1.6772,2026-09-02T02:55:57,us,Google Play,3
9f161f68-28c7-47d1-95be-54af11b3713b,T M,2,,It was easier before.,26.2.0.6624,2026-09-02T00:53:50,us,Google Play,0
8575ac91-6288-4cfe-baae-9cf7120dd908,Jaimie Lauren Templeton,4,,it works great,26.2.0.6624,2026-09-02T00:20:14,us,Google Play,0
f1020546-fbd3-425a-b9be-c599283684ac,Nekros,5,,"Can't believe I'm giving the HP app 5 stars but I was genuinely impressed with how instantaneously I got into the app as a guest user, found and paired my printer, and scanned without any latency.",26.3.1.6772,2026-09-01T22:38:18,us,Google Play,0
e13040a2-9dbd-482f-88ce-03a013528826,Rowena Moore,1,,"Frustrated. Was easyish to set up then we got fibre, new modem and network. it keeps saying error after following instructions. Uninstalling and buying a new printer",,2026-09-01T21:46:27,us,Google Play,0
cc0a7aaf-be7d-4850-be4d-30d14e693309,Toshalyn Quiroz,5,,great,26.2.0.6624,2026-09-01T20:47:12,us,Google Play,0
95fbb5a0-a562-4978-a5f0-599d3eb7a62c,Cynthia Rill,1,,DO NOT USE IF EPILEPTIC i have photosensitive epilepsy and the scan edit preview page begins to flash rapidly when you open it. i am lucky it didn't trigger a seizure thanks to my medication but it felt very dangerous for me. i recommend everyone who is epileptic to avoid this app entirely for scanning.,26.3.1.6772,2026-09-01T18:46:09,us,Google Play,0
79094694-245c-4929-b335-daeaf17e01c9,Alam Ahmadi,1,,absolutely useless,26.3.1.6772,2026-09-01T18:30:17,us,Google Play,0
3cf94aa9-7259-462e-9e38-fa2c00fb6cd4,JustSay Bird,1,,Gotta love the update bricking my current connection to my printer when before I updated everything worked well.,26.3.1.6772,2026-09-01T17:29:09,us,Google Play,0
e62389de-5ef7-4e54-9d0e-97a8c0b57692,Sandi T,1,,trouble printing. yes I have tried all the recommendations except for starting all over again. HP 4500,26.2.0.6624,2026-09-01T17:16:22,us,Google Play,1
1405ce60-4372-4e9d-92fa-b1a561c95ced,Jan De Ruyck,1,,It's always the same with HP. Always a jam when the pressure is on.,26.3.1.6772,2026-09-01T16:22:04,us,Google Play,3
e64994d0-a818-4396-8ed2-5eaf10f9977e,DAPHNE ALEXANDER,1,,the apps arent working,26.3.1.6772,2026-09-01T15:06:58,us,Google Play,0
b940b26e-5f1c-40a8-bd71-83c2408a3a72,Pat Kuzbida,5,,ease of ordering,26.2.0.6624,2026-09-01T14:09:06,us,Google Play,0
70cef8a4-18d5-4cb9-9b7b-fe360b457aa8,Kaye Mitchell,3,,can be a bit slow to process the document. but still a great tool,26.3.1.6772,2026-09-01T09:06:12,us,Google Play,0
56a7bb68-573a-41d5-bbf4-164c0f3daa15,Athato offline,1,,now hp is being fraud. worst fraudulent experience,,2026-09-01T04:46:23,us,Google Play,0
0444a5e8-d590-4a93-a610-0436a1bd8bba,Mograat Ola,5,,Great,26.3.1.6772,2026-09-01T04:01:03,us,Google Play,0
d49efae7-9836-4405-b9dc-5750218f959d,Morgs J,1,,"terrible app, consistently loses connection",26.2.0.6624,2026-09-01T02:30:39,us,Google Play,0
136aa01a-4603-4de2-9b78-eee969c108f5,M B,1,,Please fix the app to go edge to edge. The black gesture area should not be black. It should match the rest of the app. The Android app should match the IOS/iPhone app.,26.3.1.6772,2026-09-01T02:03:10,us,Google Play,0
dc20e3a8-7680-45d5-9e79-50acaf4d4854,K S,1,,Does not support usb connectivity to printer. Bloated at 161MB,,2026-08-31T23:04:38,us,Google Play,0
e6c8e5a2-c7c4-40a3-a646-b84d3bea730c,Danny Lam,5,,"A decent app, keeps you up to date with your printer, but I doubt its ink accuracy",26.2.0.6624,2026-08-31T20:21:01,us,Google Play,1
e83b858c-8539-4aad-924f-37f221a41478,Angela Henry,1,,"I lease a all in one Printer from HP ALL In One Printer included in the service, was ink and the servicing of said printer. the first Printer i received work exactly 1 week, so it was returned and the were to send out a replacement, which came after 2 weeks, the new Printer arrived broken the top the glass , to put it lightly it was smashed, it has been almost 2 months that I have fought with what seem like everyone in HP I am still without a Printer consumer please beware of this company.",26.2.0.6624,2026-08-31T18:22:25,us,Google Play,0
426c92af-7ae4-4a68-8ace-e20090a72a3b,santosh yadav,5,,very good 💯💯,,2026-08-31T14:43:37,us,Google Play,0
2d66d7d6-5bb8-4e94-b6d5-87e768e36fc1,Chris G,1,,They need to improve renaming printers of the same model. When it comes to actual remotely printing a job... those steps are not simple enough. it's like a guessing game when trying to print having same model printers,26.3.1.6772,2026-08-31T13:56:40,us,Google Play,0
e212b21d-90d4-4281-b77c-ba3741b71f82,Sharon Zalewski,1,,"another app that gets worse with every update. print and scan from your phone! scan from the touchscreen and send to your computer! Nope. that was possible with previous versions of the app. but not this one. It always says the printer is not connected - but somehow hp knows my printer IS connected to calculate my monthly fee! I have always bought HP Printers. this is likely the last one, for the app frustrations alone.",26.3.1.6772,2026-08-31T13:54:28,us,Google Play,1
8b468b66-8055-4e0e-aa06-1c8def5e1e87,Christina Cameron,1,,The amount of hoops that you have to go through for something so simple is ridiculous. why does everything have to go through numerous web pages? who makes your websites?,26.3.1.6772,2026-08-31T13:53:03,us,Google Play,2
9e86eff4-04be-4cb6-8414-5642aab683aa,Code Minion,1,,"It's actually impressive how bad the HP printer app is both on Android and desktop, every screen takes almost 10 seconds to load, and by the time I get to the unsubscribe button they've logged me out. This experience has taught me a valuable lesson, never work with HP again.",26.3.1.6772,2026-08-31T06:42:23,us,Google Play,0
eb7d6519-b69d-4ec0-949f-caa96819c821,Theckla Zykios,5,,Very good,26.3.1.6772,2026-08-31T04:33:06,us,Google Play,0
10c7ad20-efd6-47e5-b945-99a2a7492c44,IBVisuals,1,,Most frustratingly slow printer app I've ever used. Trying to add a printer is like pulling teeth...I have a canon printer and never have this problem.,26.3.1.6772,2026-08-31T01:10:30,us,Google Play,0
479f6c6c-5d86-46f8-bc87-f4ca005886e1,Ehtisham Javaid,1,,doesnt have my printer listed hp LJp1102 thumbs down,26.3.1.6772,2026-08-30T16:01:56,us,Google Play,0
f75a8bea-d8f7-4f7d-bfe2-8e069415de00,Slavomír Bohuněk,1,,"How on earth can be HP so bad. App can't connect to printer, if you manage, then it cannot register it. It's trash.",26.2.0.6624,2026-08-30T14:15:37,us,Google Play,0
babc894e-e872-450a-8b14-0fdf5a9166f6,tina coppola,1,,trouble with connecting to wifi,26.3.1.6772,2026-08-30T11:11:57,us,Google Play,0
3ed4ac7e-0490-49a4-9a70-4d61cd5242cc,Samantha Hensley,1,,what a mess !,26.3.1.6772,2026-08-30T05:24:39,us,Google Play,0
06c23c25-85ac-4208-8912-6c20f468b8af,Mister Mike,5,,HP printers are a must have!!,26.2.0.6624,2026-08-30T02:07:38,us,Google Play,0
fd1a1f98-e455-4c3a-8139-2c3c4743c188,Robert G Williamson,5,,"quirky every now and then, but I can jump back and forth between the phone and the tablet.",26.2.0.6624,2026-08-29T23:53:03,us,Google Play,0
daf0d53d-9c48-4b96-9fe1-e2b16918fc87,Taufik Irawan,4,,nice,26.2.0.6624,2026-08-29T22:07:29,us,Google Play,0
038d06fb-f23b-46cb-9056-ef8e58d57a3f,Chris LaVoie,1,,forced to use,26.2.0.6624,2026-08-29T18:19:02,us,Google Play,0
a77089fc-7726-45ee-bf9a-c0a69fe52129,sirshti yadav,1,,bery bad app it is no dwanloding it hete it,,2026-08-29T16:29:19,us,Google Play,0
7ed97252-7054-4b4c-a3bf-2d20afe1f3f3,Robert Weller,1,,not opening,26.3.1.6772,2026-08-29T15:20:35,us,Google Play,0
ed42edce-36aa-454b-b935-9fb6dc411555,Rakesh Shastri,5,,Excellent result. Amazing experience. Very very easy to accomplish tasks. Great interface,26.2.0.6624,2026-08-29T12:20:06,us,Google Play,0
01d6f01d-943c-46e4-811a-e30091c6e38d,Sandra Hendrickson,1,,Did not help to re set my printer have been doing this for over 2 hours,26.2.0.6624,2026-08-29T08:31:37,us,Google Play,0
750d581c-7c34-464b-aeb1-d0f7edcccd6f,Kenneth White,5,,great!!!,26.3.1.6772,2026-08-29T07:13:17,us,Google Play,1
a0fc0957-3111-4469-b7df-19edd54f501c,Prince Rabbit,1,,it's hard to using wifi direct without hotspot connection,,2026-08-29T00:30:20,us,Google Play,0
22bff471-d6f2-483d-968e-d30210b2d9dd,Mike Grant,1,,pay a monthly fee to use even if you buy your own ink don't buy ever,26.2.0.6624,2026-08-28T23:32:30,us,Google Play,0
e8625f5f-0cc7-45cb-8e23-be888568481a,Ahmed Mostafa,1,,Very bad,26.2.0.6624,2026-08-28T21:41:56,us,Google Play,0
1d9895ed-d84c-4274-8584-813732067df2,Faith Burns,1,,can't open app. terrible!!!!,26.3.1.6772,2026-08-28T21:41:16,us,Google Play,0
72e1fa1f-3dea-445a-9bd9-2b8554b30a8f,Tim Johnson,1,,its a pain in my rear..im consistently having issues trying to connect to my printer,26.3.1.6772,2026-08-28T21:29:46,us,Google Play,0
b27068df-f50e-4e41-b5a2-8bb96a4b92d5,ATOUR Versace,1,,"terrible. hp has gone so bad in treating their customers lately, especially in ink, I'm moving to Epson now.",18.5.0.5369,2026-08-28T19:00:33,us,Google Play,0
e87ac463-7433-4ed7-9313-2063a541a77c,Llane,1,,"Google needs to mark this as contains ads, and paid subscriptions. also forced cloud on users just to finish configuring their printers.",26.2.0.6624,2026-08-28T18:34:47,us,Google Play,0
f1153263-8420-43ec-b2c3-4599972ae916,Sharon Zuch,1,,can't get into app.,,2026-08-28T18:31:45,us,Google Play,0
7607c080-48e5-49ea-bf3e-dfefa62003e9,Bhimrao Shahare,1,,not connecting trying for 3 hours with different mobile by installing but still don't connect to my printer and not giving access. old app was super fast connecting and print os. this is worst. why you make connecting process so long time wasting,,2026-08-28T15:50:31,us,Google Play,0
2c078abb-3b7f-45f2-962c-f770f34472ea,Ernesto Cortés Zamora,5,,Buena app para escanear documentos con la cámara. la mejor,26.3.1.6772,2026-08-28T13:52:01,us,Google Play,0
3231e679-bf8c-4587-9f7f-2860410226d4,Khurram Shahid,1,,just one time used now giving errors,26.3.1.6772,2026-08-28T09:09:05,us,Google Play,0
97574b46-b83e-49fa-8802-8d0fd4f780a1,Dane Diaz (Daner),1,,"This app genuinely makes me want to hang myself publicly. It is so frustrating, weird paper editing while trying to adjust size, takes ages to connect (good internet, good phone, decent printer) and it crashes every. single. time. I only had this app for about a couple hours before I was losing hair over it and decided to use other apps. please don't waste your time with this. Edit: I have used other apps before and they worked fine. I had no issues and had a good time because they worked.",,2026-08-28T05:13:17,us,Google Play,0
84780d5e-a3dc-437e-8c1d-0cc7a5683056,Marlene Quintanilla,5,,👍,,2026-08-28T04:57:14,us,Google Play,0
aafd799f-34d7-47be-9d80-76c499ed40b8,H. Ganson,5,,Excellent easy to use.,26.2.0.6624,2026-08-27T21:31:34,us,Google Play,0
24c0af44-517a-48df-bff5-9b3cdc7c63c4,Elizabeth Hauswirth,1,,I hate this printer! I can't make decent copies ! I have to take a photo with my phone and send it to the printer. The copies suck!!!,26.2.0.6624,2026-08-27T21:07:43,us,Google Play,0
74185f1f-acbb-4201-8558-13526c38eb7f,Dr. Mustafizur,1,,HP ink tank Wireless 419 Not working now days,18.10.0.5530,2026-08-27T20:21:21,us,Google Play,0
4b452593-6412-47f5-a1a3-753f593c07ce,glenn oneill,5,,pdf scan is incredible,26.2.0.6624,2026-08-27T20:02:07,us,Google Play,0
5cf5e134-ccc2-40f6-9930-b299a67d8ecf,Leela Starr,1,,"first they made us get the smart HP smart saying that we had to have a special app to be able to print then they change it back to the name HP, and with the last update there's absolutely nothing showing in the app now! and even Google is screwing up you can't even use the talk feature and have it continue to keep having to push the bloody button!!!!? what happened to Quality??????? it's definitely not HP or Google anymore!!!!! I honestly think it's this AI garbage!!!!!",26.3.1.6772,2026-08-27T19:33:07,us,Google Play,0
63a8d48d-36d5-4e11-a871-f1be1b7adbae,Michael George,1,,counter intuitive doesn't let you choose where to save images and glitches and forgets what you've already scanned,26.2.0.6624,2026-08-27T19:17:56,us,Google Play,0
c4c51daf-5e55-43f9-b8fd-92a597e50fc2,judy pernick,5,,Great app and simple to use,26.3.1.6772,2026-08-27T17:47:31,us,Google Play,0
146b5b38-8fce-4693-87eb-5ba6626890f4,Turhan Ozen,1,,we have a multiple page copy tray but it does not work for scanning,,2026-08-27T17:21:14,us,Google Play,0
2bf98c48-dab5-4181-9fd3-045c5d2a13ac,Gab Raniel G Hermano,2,,Connectivity issues so common,26.1.4.6508,2026-08-27T13:14:11,us,Google Play,0
9360ec9a-dc25-4571-9017-b3e1982beac7,Marco,2,,Works well and shows ink levels but could be improved. Chat in WhatsApp good but should be in app...13/9/25 don't like the recent update to the app. Don't like how you have to log online again when in app to see print plan info pages etc should be in app - hence why I reduced star,26.3.1.6772,2026-08-27T11:57:06,us,Google Play,5
d70a8681-a8c2-4bb5-b086-536a91f23a6f,Stuart Leslie,5,,Great,26.3.1.6772,2026-08-27T11:36:37,us,Google Play,0
0839d1ca-8e75-4228-a5b7-0a957ed6c346,Brian Guthmann,5,,Great app to compliment my HP 3-in-1 printer.,20.1.0.5822,2026-08-27T07:18:40,us,Google Play,0
a5cabaea-5978-4725-9d10-d264e11f2637,Tess Leonard,5,,"this is the real as app for hp it's not worth paying anything from them to print or get 6 months ""free"" ink when buying a printer I'm not paying them to have any number if pages printed for a free ""trial"" and after that as anything from $3.99 -& 5 99 a week or more for a month or a year no matter what I'm not paying anything extra for my printing needs.",26.3.1.6772,2026-08-27T03:56:15,us,Google Play,0
68cc3482-f49e-46ac-ac1b-5ba82a354ac4,Alexandria Perez,1,,the app doesn't work properly,26.2.0.6624,2026-08-27T02:51:26,us,Google Play,0
cf0b4228-5447-42f0-9ae1-20de4ae57980,Lisa,2,,the app is unwilling to cooperate and you spend way more time trying to get the app to work than anything else...,26.3.1.6772,2026-08-26T23:34:38,us,Google Play,0
f1bd3cd2-f5da-4a6d-b747-f931935f8134,Macc Calderon,1,,I have this app. I should not need to sign in EVERY TIME I used it al home. Anyone in my family should be able to use it without them need to create an account! I need to scan a document but I have to sign in?! In my own computer?! in my own house?! jeez!!!!!,,2026-08-26T19:44:44,us,Google Play,0
3d64024c-f31f-440e-80fc-c189b1439487,Bryce Mumford,1,,there's nothing good about helping setting up the WiFi on my new printer!,26.3.1.6772,2026-08-26T18:10:10,us,Google Play,0
bb039285-acec-49cb-9fe8-dc595b691ccf,Ains s,5,,this app is intuitive and has fun tools! always discoving more about my beloved printer fr <3,26.3.1.6772,2026-08-26T15:22:22,us,Google Play,0
ca33e967-dd92-4bb6-b14e-69fe9f72f1fb,Gw Wallace,1,,doesn't work after many tries,,2026-08-26T14:44:14,us,Google Play,0
85a853bd-3f8b-4c0e-bbf1-4d8897344d2c,Diane Schuchert,1,,not user frienddly,26.2.0.6624,2026-08-26T13:47:21,us,Google Play,0
f8710f97-4bd8-4616-ae2f-c60549ba8ff1,Noah Oligo,1,,it's so hard to use,26.2.0.6624,2026-08-26T11:19:45,us,Google Play,0
f5d4ac80-4733-4c35-93a1-817645f3eb36,Kr0n1c,1,,"It’s incredibly hit and miss — apparently the system decides for itself when it actually feels like working. I’m constantly getting errors for low paper, printing failures, documents not printing in full, and ridiculous amounts of lag. And because that clearly isn’t enough, the exact same problems happen when using the web-based app too. Printing from my phone is even better — I get the lovely “Printing unsuccessful” message, only for the printer to suddenly decide, 20 minutes later to print.",26.3.1.6772,2026-08-26T10:38:58,us,Google Play,0
b20b29e0-f2cb-4438-9fc3-fb815e9e7d2b,Fulcrum Tracy,1,,fake 5 star bot reviews,26.3.1.6772,2026-08-26T10:34:25,us,Google Play,0
7d6b278b-1192-468a-aeaa-2a83f0fc580d,Shivalays Marketing,1,,not user friendly,26.3.1.6772,2026-08-26T07:56:17,us,Google Play,0
ae71fa08-8b6a-47ba-a0ae-e432dc813af2,Prakash Mandavkar,5,,easy to use,26.3.1.6772,2026-08-26T04:56:43,us,Google Play,0
9aee3d39-c3f6-426b-b95e-31028036f59b,Mike Caporusso,5,,Great!!!!!,26.3.1.6772,2026-08-26T03:48:35,us,Google Play,0
5ae78b6e-b62d-44e2-ae7e-8820886fe1fc,Alissa,1,,make me erase all apps to install and wouldn't even install thanks a lot I have limited data I hate HP,,2026-08-26T03:05:23,us,Google Play,0
75216fc4-bcfa-411a-9588-dfb7b6fe6bf7,rw were,2,,it does not complete setting up my printer.,20.1.0.5822,2026-08-26T02:07:12,us,Google Play,0
6841045e-5e05-42e7-be9e-72ae2840a8dc,don gregory,1,,it won't work,26.3.1.6772,2026-08-26T00:12:01,us,Google Play,0
5bed00c1-17a0-44a8-8525-4a805f52a99f,Kristen Lund,5,,I've started using this app more often since I got a new printer through HP's All In Plan. It's even more amazing than I previously thought. I used the fax feature for the first time today. So user friendly!,,2026-08-26T00:01:38,us,Google Play,0
132ac307-0776-4a32-920e-c3db53c7654b,Kristian “Speedy” Riggins,5,,very good,26.2.0.6624,2026-08-25T22:07:22,us,Google Play,0
0dc323b4-ca13-4491-b7a2-6816be8e5a26,Emanuel Vasquez,1,,"it doenst work correctly, sometimes work them it just got errors",26.2.0.6624,2026-08-25T20:43:09,us,Google Play,0
21b4d6c8-10f0-44aa-a340-e1678f900bb3,Alan Kaifu Lu,1,,bad compatibility.,10.0.1.3888,2026-08-25T15:41:33,us,Google Play,0
e241a9c2-d4fe-4c36-b980-e8039dce9aca,Samuel Kenney,1,,scam,20.1.2.5988,2026-08-25T15:35:25,us,Google Play,0
673c3653-fd63-4f4c-b702-d07b36eb3d33,Theleepan Kirupalasingam,4,,not connecting properly,26.2.0.6624,2026-08-25T11:10:24,us,Google Play,0
d534e37f-f008-4482-ab15-9121fe357ba2,Butterfly Mirage,1,,"very worst app very difficult to connect wifi I tried 4printer and phone but no use I purchased 4 Laserjet m233dw to print online job card from mobile no use,. in printer giving qr scanner to purchase cartridges but not for wifi connect kindly do not buy hp printers no use app",26.2.0.6624,2026-08-25T10:24:08,us,Google Play,0
3ce48ec0-110c-4066-968c-6985f7d6f82f,Adam Groshong,1,,"envy6100 can't make more than three photographs with your first ink cartridge, because they spend all their time sending you things to buy more ink! they continually push the program to buy ink and paper through them on subscription services but they do not spend enough time on the individual copies and things like that that you would normally use. you can also only make copies or faxes or etcetera etcetera etcetera if you're on the same Wi-Fi buy if you want to spend more money",26.3.1.6772,2026-08-24T23:20:31,us,Google Play,0
2b3fb1b3-3ea6-4b0e-9fee-7b9af235cc6a,Paco Og,1,,man my printer just stopped connecting to my wifi and won't let me connect to my wifi or print from my phone. Did the update and now these problems. Come on HP fix this bs issue...,26.2.0.6624,2026-08-24T22:20:04,us,Google Play,0
f739346f-a1fc-4175-b41d-38985c5534c0,Eric Avery,4,,Problem has been fixed. Thank you HP!,26.2.0.6624,2026-08-24T20:25:00,us,Google Play,11
37af50ed-87ab-474c-b2b5-94b247c9b73f,Geneva Semanek,1,,it does not install can use as you want have to reinstall each time,26.3.1.6772,2026-08-24T20:22:04,us,Google Play,0
d8306b79-ea08-411f-bb36-bada83600768,John Krupey,5,,HP is a great company.,18.10.0.5530,2026-08-24T20:21:36,us,Google Play,0
b81a2f92-15ba-4aef-9d7e-960cfa08ff5f,Vasile,1,,Useless Never works when you needed,26.3.1.6772,2026-08-24T18:46:17,us,Google Play,0
1cb62560-c5d1-4a22-894a-5a975915a43e,I Tag,1,,frustrating and not effective,26.2.0.6624,2026-08-24T18:43:10,us,Google Play,0
22ddfb75-3496-4eef-9457-dff830a3f59e,J P,5,,"Excellent app I don't understand why it has bad reviews. It works great, it's super convenient and practical, I can control my printer, they keep me with enough ink at a very good price, and in this app I have Ability to edit and sign documents. If I could, I would give it 10 stars.",26.2.0.6624,2026-08-24T18:14:12,us,Google Play,0
f7dcd8aa-5b56-46e8-bd74-f73cfd2c89d0,Yosmar D. Cruz Colon,1,,to complicated to configurate,26.3.1.6772,2026-08-24T16:15:34,us,Google Play,0
23fd5ca0-8a31-435a-ad8d-d16496e688df,Atomic Broes,1,,"The most useless peice of scamware ive seen in my life, if I could give a negative rating I would",,2026-08-24T15:14:26,us,Google Play,0
e9b9ed2c-f299-4898-94c8-1dcb0471f618,Adam Summers,1,,trash app,26.2.0.6624,2026-08-24T15:08:46,us,Google Play,0
aa64ef2c-d27c-4d6b-8e56-0a519b49b6ed,Brazilian in Harley Davidson BR IN HD (Taco Tambasco),1,,"app is ok, but, if you're planning to use HP ink delivery service, think twice. the app will show you how to buy and how to pay. but that's it. no managing option so, if you move to another address as I did, they will keep charging every month for the service, and they will not allow you to change the address for delivery so they are literally taking your money and not providing any service. I had to go to my financial institution to block HP from taking money from my bank account.",16.10.0.4315,2026-08-24T15:04:55,us,Google Play,0
00288a90-72a3-42d2-8894-476d76f8c15b,Rick Creed,1,,shut my printer down because I didn't pay for their service,,2026-08-24T09:31:18,us,Google Play,0
718d0063-0004-4d9d-a51c-47d02dedcbb2,Nawfal Dahir,5,,very good apps,26.2.0.6624,2026-08-24T09:13:21,us,Google Play,0
43f193ac-ab76-4ce8-a325-c70609d5b47b,Joshua Crowell,1,,"This app works about as well as an unsupported app that was last updated for a version of Android that came out in 2009. When trying to print, it's a tossup if the printer will even show up online even though it is always on and connected. When trying to load the document scanning interface, it never connects unless the phone, the printer, and the router are all restarted. DON'T BUY HP!!!",26.3.1.6772,2026-08-24T07:26:11,us,Google Play,0
27470adf-cef8-43f3-95b5-c10d455d69f5,Emliy,4,,Working well.,26.2.0.6624,2026-08-24T07:06:12,us,Google Play,0
faa2278a-f628-404e-874c-e124736e54bc,Inder Singh,5,,"so far, user friendly",26.2.0.6624,2026-08-24T06:44:08,us,Google Play,0
4371e9dd-664e-4c37-b8f8-96267e0d5513,Arturo Pulecio,1,,this app takes so long to do anything you keep thinking it crashed.,26.3.1.6772,2026-08-24T02:03:14,us,Google Play,0
ee0b4c8a-a3b2-402c-80ef-86bc6ae66d51,Chris Stanley,1,,"Shows my printer, then under Printers shows zero printers.",26.2.0.6624,2026-08-24T02:00:45,us,Google Play,0
9b33d1d5-125a-4ee6-bb60-7565ebd43e45,Diana Lowe,1,,my printer does not print full words only half,26.3.1.6772,2026-08-23T23:35:03,us,Google Play,0
b54b8cf6-a7f0-458a-8cab-b64da3d643cb,Corey Kenyon,1,,your printer and app suck,26.2.0.6624,2026-08-23T22:16:52,us,Google Play,0
63c04d3c-8bd7-4acd-a2f6-f791e326be3a,Sabine Iakovidis,1,,"The app tells me that my printer is not connected to the network when it literally is. I can't find past print jobs or the ones I save. Prints with borders and cuts off the things I want to print even though the pictures are in the right size. The printer itself is very confusing too. Printer is also overall not good. Ink is way too expensive for this bad quality it's very confusing especially with the app just the worst, can not recommend",26.2.0.6624,2026-08-23T21:22:08,us,Google Play,0
97697dc1-f0dc-40f9-aec4-aca5feacc309,Calinda Winters,1,,HP is the worst people to deal with even when they rake you through the coals financially especially when your trying as a individual on disability and the only way to financially stay above water HP will throw you back in with the sharks with no life jacket and not think twice and walk away come back to make sure your done,26.3.1.6772,2026-08-23T19:36:28,us,Google Play,0
2ded77c8-df13-4dad-9900-c600ccaebbea,Montel Paige,5,,Easy to Use and convenient!,26.2.0.6624,2026-08-23T18:39:47,us,Google Play,0
db9d7ca8-aed0-43eb-a730-56298852e8bb,Raja Durmishi,5,,🥰,26.2.0.6624,2026-08-23T17:45:55,us,Google Play,0
a474d27c-f0bc-4327-b37e-0f5bb6212234,Rodney Haynes,1,,"This app is built for saving HP money and not to help the customer. The app is totally AI customer service that will give you instructions that will destroy the printer. Start up documention is out dated that will give you grief also. Beware of their bait and switch tactics, too. It's a pretty package, but consumers beware of what's inside.",26.3.1.6772,2026-08-23T14:59:59,us,Google Play,0
7d82c714-407e-43ad-91de-5e0c5bb3e200,Razi Latif,2,,this pronter quick good.. but most user probleme with android 15 above. limited access when using wifi direct.. interment on wifi direct. cant add printer cant print... using usb and wifi hospot/router only..,26.2.0.6624,2026-08-23T13:14:31,us,Google Play,0
c35c1520-6279-4fc6-a63f-ce5ba2a04d4c,Elaiza Aycardo,1,,Error in terms of connecting with my phone.,,2026-08-23T12:45:12,us,Google Play,0
66f468d4-71e5-4c43-9a4d-c68a6a1b112e,Jignesh_ Singh_,1,,not connected,26.2.0.6624,2026-08-23T12:23:33,us,Google Play,0
62978172-aa38-4b08-b9a7-c38de696c258,Florian Trippel,1,,"Slow, lots of loading indicators, redirects to pages with a different layout / no consistent styling. That my printer is ""asleep"" as the MacOS app correctly displays is not recognized, it is displayed as ""disconnected"". Not representative for a billion dollar company.",26.2.0.6624,2026-08-23T10:09:07,us,Google Play,0
d110afeb-9911-4585-b9da-8028e3d90ed5,Alex Dinu,5,,legendary app,26.2.0.6624,2026-08-23T09:57:30,us,Google Play,0
0c6f2af8-52c3-45f2-afa0-a73b51fa5241,"Lenny Bruce White, Sr.",3,,"Sucks. Won't Open, can't send faxes",26.3.1.6772,2026-08-23T06:40:19,us,Google Play,0
0b7c5456-c83c-4f3f-85cc-a2679b4b47f8,Aileen Delgado,1,,"I downloaded this alongside the HP printing setup app hoping I could adjust my photos before printing, and for the life of me, I couldn't get it to work. I couldn't adjust the size or even click the scaling button without my image turning greyscale, and I couldn't find a fix online. Printing the image without edits resulted in the colors looking off and sploshy, despite printing normally a few tests before the app. Deleted this & used something else, and my photos actually look good now.",,2026-08-23T01:41:35,us,Google Play,0
47dd8594-71cd-4a0f-8a16-7dbd49f5f0cc,Mr Panda Tokyo,3,,it's hard to use,26.2.0.6624,2026-08-22T21:49:52,us,Google Play,0
72f5091b-eb69-4c21-9f07-3216512a05e9,Brigette Mitchell,1,,"logged on to my account that has my devices it's been working fine but today for some odd reason even though I'm using my same account that i have been using it wants to set it up as a brand new account and now all of my stuff is gone. HP what is wrong, what is the issue, why can't anything work properly. This is really a bad look for the company. Hopefully something gets done and taken care of.",26.2.0.6624,2026-08-22T20:31:21,us,Google Play,1
8750bd28-ff16-41fa-8324-fe31102317b1,邱奕陽,1,,always show file not supported can't even print a page,26.2.0.6624,2026-08-22T19:32:17,us,Google Play,1
2d158d6c-8da8-43bc-95c8-949cfde79de0,Peter Allen,1,,"Dont buy/; mine only lasted 10 Months, all I get is get a new set of inks, I put all exspesed to 1 side, now I got need new inks, yea cheaper to buy a better one.",26.0.0.6234,2026-08-22T14:49:25,us,Google Play,1
f9d1ce99-6454-4d3c-b1b0-7dda47b541e5,Damien Hallsworth,1,,"Woeful experience trying to add my hp Envy 5030 which was previously working fine with HP Smart. The app update logged me out and removed the printer. The app then failed to locate the printer by proximity despite all permissions granted and even typing in the model name did nothing. Typing in the serial located the printer eventually but I still had to ""Add"" it despite it looking like it was already added. Making an already bad app worse to this extent is a weirdly impressive achievement tbh.",20.2.0.6076,2026-08-22T12:43:15,us,Google Play,1
f330445f-8bad-4e61-b412-1a5ebe949abf,Mohammad Najjar,1,,اسوء تطبيق بالعالم,26.2.0.6624,2026-08-22T11:31:05,us,Google Play,0
a50a63a9-b0c4-46a7-8f0c-0487bc451732,Ricardo Nuno,1,,"horrible app, horrible printer, always needs updates on app and drivers. do not recommend",26.3.1.6772,2026-08-22T04:24:20,us,Google Play,0
e472951b-ba78-4aa2-a065-a9b96ca9ad2f,Christina LiVolsi,1,,"New app causes failed printer setup or printer setup incomplete message. After working over 12 hours with HP Support via FB Messenger (since my warranty expired), HP still can't get my HP Officejet Pro 8020e to print from either of my PC laptops nor from my Android Samsung Galaxy cellphone. Time for a different brand of printers after sticking with the same brand since almost 40 years.",26.2.0.6624,2026-08-22T02:12:43,us,Google Play,1
2b9cea2b-fb2f-4630-b4c4-96bf1af3edab,Soline Rios,1,,"waay to slow, also the scanner never connects to the app. only wants me to use my phone camera to scan , which if that was sufficient I wouldn't have purchased a scanning printer",26.2.0.6624,2026-08-22T01:22:06,us,Google Play,1
b0e11879-ac6a-4850-be76-570f75fc2b9f,Nenie F,2,,not able to connect to wifi i am not purchasing any product. no option to bypass the monthly or yearly charges. taking printer back. to complicated just to printer not able to complete setup,26.2.0.6624,2026-08-22T01:01:17,us,Google Play,0
3b85442e-30b4-49c1-97af-49e27c425b03,David Ruelke,5,,going back and forth became boring,26.2.0.6624,2026-08-21T23:55:02,us,Google Play,0
9b741591-1290-4ac9-85c3-45389bc68014,ZK S.,4,,convenient.,26.3.1.6772,2026-08-21T23:08:50,us,Google Play,0
0ed567dd-7be5-4974-a23d-86067d4ea77d,Oz Suguitan,2,,Honestly the worst experience ever. If I didn't already have so many of thier printers I'd move to a different brand.,26.2.0.6624,2026-08-21T23:05:53,us,Google Play,0
30b54026-4d77-4939-ad93-b77329048c10,Renarld Gardner,1,,I can never use my printer when I need it and IT is no help at all!!!,26.3.1.6772,2026-08-21T19:43:50,us,Google Play,1
d9c1c9de-c8b1-4f77-b167-1e0c50891ef8,Perminder Singh,1,,After sale service is pathetic atleast in Guwahati so kindly refrain yourself from buying hp products,26.2.0.6624,2026-08-21T18:13:36,us,Google Play,1
742692bd-618b-4dca-8156-9ae772b3b242,Ruvarashe Wendell Mudondo,1,,since the update it has been a disaster. i have to go through all stages of grief to get it working and its been a while HP doesn't bother with an update,26.2.0.6624,2026-08-21T15:29:58,us,Google Play,0
50ddaf4a-4507-4d74-b329-22e45ec51599,THEONE WHOKNOCKS,5,,good app,26.2.0.6624,2026-08-21T15:18:03,us,Google Play,0
92c023f9-6108-47ce-b4da-e8a6ab1deb1e,Oliver Wiśniewski,1,,nie znajduje drukarki,,2026-08-21T14:53:27,us,Google Play,0
abe998bf-730b-4f25-b4d9-aa2a70629959,Andrea B,1,,"It does not scan, I ha e tons of trouble with this app",17.25.0.4906,2026-08-21T14:36:49,us,Google Play,0
c71823ff-bc3b-44ec-a0c2-ff0de4a28e22,Dakota Hays,1,,terrible,26.2.0.6624,2026-08-21T13:51:41,us,Google Play,0
8b05080f-ced7-4af0-a71a-86068aa8d128,Buzzy Cnayl,1,,All this app seems to do is try and sell you an ink subscription! I can't find any way to access printer settings which is why I installed it,26.2.0.6624,2026-08-21T13:48:34,us,Google Play,0
ca4af212-c2b5-4d23-9cd8-8bdecfdb784c,Priyanka Patil,2,,"Usb printer connection option is not available, kindly help in fixing the app to include hp smarttank 525 etc connectivity",26.3.1.6772,2026-08-21T12:15:42,us,Google Play,0
5ca77c32-66f3-4af6-b320-8c1aa9969848,Robyne Marie Martinez (Robyne Marie),1,,I can never print!.I call them all the time.,26.2.0.6624,2026-08-21T11:00:40,us,Google Play,0
977dec1f-1a53-4308-9f79-848b9c839e4e,Mohammad Saad,5,,amazing app I have just ordered a new printer from Amazon and this is suitable for that we can print from wherever from our house,26.2.0.6624,2026-08-21T10:46:31,us,Google Play,0
e2692618-d3bc-4531-b40a-17111b83ee51,Kristína Nováková,1,,"Hate this stupid app! Before they changed it from the hp smart, it worked flawlessly. Now, this hp app, won't find my printer or when it does, it's not connected, even if it is! I have to add my printer, like it's new a printer, almost everytime I want to print something. It drives me insane. 1 document takes me at least half an hour to print ! Change it back or I'll trow the whole printer away and never buy an hp one.",26.2.0.6624,2026-08-21T06:24:22,us,Google Play,0
6d0ddd33-4e9e-45b5-b043-70b9761293d2,Nisar Khan,5,,very good,17.15.0.4720,2026-08-21T06:00:30,us,Google Play,0
e40b5fce-38d4-4f81-91f3-3c4eb48cd80c,Ahmed,1,,Hp issues with linking my printer not fast enough,,2026-08-21T01:37:17,us,Google Play,0
1308a238-4f2d-46d7-b187-b8e4d4290ec1,Dianna McCarty,1,,"No wifi, No print! why do I need wifi to print from my phone when the phone and printer are connected via Bluetooth? Why don't printers just work! I only need to print documents, emails, not some cutesie event banners with sparkles and flair. HP, this is disappointing. Do Better.",26.2.0.6624,2026-08-21T00:11:18,us,Google Play,0
bdbd709c-985d-49c1-9911-62939330fb51,Kait,1,,"app crashes and freezes repeatedly. Crashes every time I try to scan a document. I've tried over 100 times to scan but it wont work. Phone says"" the app has a bug"" when it crashes.",26.2.0.6624,2026-08-20T20:09:28,us,Google Play,0
1850e089-b7b6-4179-8a63-9005adbde219,Kyle Hoover,1,,it's too complicated!,26.3.1.6772,2026-08-20T20:08:09,us,Google Play,0
495b5f28-84ea-47f3-9717-7a07aae26357,Robin Schanbacher,2,,app crashes or fails to open,26.2.0.6624,2026-08-20T18:56:09,us,Google Play,0
ce0c9e5b-5e16-4fa9-945e-95c4f5b079a0,Michele Mamula,5,,so far this has been a great experience with my HP printer and the app,26.3.1.6772,2026-08-20T17:55:07,us,Google Play,0
7816ed6c-0cdf-46d7-939d-19bb4579e950,Real Business,5,,AWESOME 👌 👏 👍 😍 💖 🆒️ THANK YOU,26.2.0.6624,2026-08-20T17:34:48,us,Google Play,0
d3e4758a-31f1-4a03-8c6f-0beea634ea16,Barbara Cantor,2,,"As of 8/20/26, since the update/change, the app dies bot work on cell or laptop. The 'think' circle just keeps spinning. FIX THIS!!",26.2.0.6624,2026-08-20T15:59:27,us,Google Play,0
1099ce7b-e2f8-4897-a920-87188e52ca33,Just Wait,1,,can't even load the instant ink page????,26.2.0.6624,2026-08-20T15:11:41,us,Google Play,0
7c1a00e8-95b7-439f-b131-64a484338672,Ame Huang,1,,it now gives me an error saying no internet connection when trying to use the facing service but the rest of the app connects to internet fine???,26.2.0.6624,2026-08-20T14:20:41,us,Google Play,0
71a791be-034b-4eda-971f-2a4296225af9,Miyazawa11,3,,in the last two days i had to keep uninstalling this app. the app will not open to my printer. please fix the bug immediately,26.2.0.6624,2026-08-20T13:29:36,us,Google Play,0
c7be4e78-1ae9-4e80-8075-07a32a41cd91,N Reed,1,,"Rubbish. Bought 4300 series printer. Nothing connects to it, nothing prints when it does connect, and the app just white screens upon opeming. Technology is so cool I can complain to no one online in a review - my life is so much easier...",26.2.0.6624,2026-08-20T13:21:18,us,Google Play,0
87945f5b-04f8-4097-8c62-0be9d3ba3fa7,Xavier Barnes,5,,Better than adobe,20.2.0.6076,2026-08-20T12:46:43,us,Google Play,0
e7aed428-eabd-4080-96c7-4dcb95ff4576,Kumar Ravinder,5,,very nice 👍 I'm very happy to have this printer,26.2.0.6624,2026-08-20T12:42:54,us,Google Play,0
b6eb6d80-743e-4da0-b2ed-df3b5f8acc38,Odukoya Blessing,3,,Good app... But can't scan below 30. I don't like that,26.2.0.6624,2026-08-20T09:13:32,us,Google Play,0
17ddca87-fb61-4ac4-8fa4-72245a6d39ae,Sam Olgers,1,,"printer werkt niet ook niet met setupcardridge. printer wil niet verbinden aan wifi, zit ook geen foutmelding in de app dus ik weet niet waarom hij niet verbind. wat een verschrikkelijke manier van een printer verkopen",26.3.1.6772,2026-08-20T07:10:34,us,Google Play,0
85809245-1f32-4c81-8710-dcadc4ad0847,Yolonda Pearman,1,,"Horrible Update!! This was a great app before they decided to fix what wasn't broken, WHY!!! I can't access printer tools anymore, no options are where they should be. This app makes me hate a printer that I used to love because now I have to either stand over the printer to make adjustments or print from other apps. Update is absolute garbage.",26.2.0.6624,2026-08-19T23:25:58,us,Google Play,0
b96fa726-e7d4-4f1a-a42a-e2caf29f0856,Ricardo Sanchez,1,,Garbage!,26.3.1.6772,2026-08-19T23:04:29,us,Google Play,0
def76b21-02c5-4f14-89dc-b9fffe610267,Christopher Stephens,1,,"It just doesn't work. The idea of being able to check all of this stuff in the printer through the phone is cool, but being forced into it to even be able to print is asinine to begin with. The fact that you have to fight with connection issues EVERY time you want to print is completely insane. It leaves you with a choice. You can waste your life with this or you can run Linux on a computer and get your two clicks and actually print back without even touching this garbage.",26.2.0.6624,2026-08-19T20:10:13,us,Google Play,0
306f2b82-4761-4e12-a2b4-c4084441f6a7,ken cobb,1,,quit tying ever thing to phones when I want to scann I should not have to get my phone my old hard wired all in one was twice as fast and far faster to get up and running,26.2.0.6624,2026-08-19T18:38:34,us,Google Play,0
c36a873e-a186-44be-9e4c-19358e5f07a6,Kei S Sinclair,1,,App not working to my well-functioning All-in-One Envy 4500 printer. Ads keep trying to force me to buy a new printer. Why? My printer is well kept and NOT broken! Please stop making upgrades to the Apps where your app tech engineer's are making sure things aren't aligning on purpose so I can't connect via web printing and web scanning!!!,26.2.0.6624,2026-08-19T16:48:25,us,Google Play,0
ba6c2e1a-bbe5-4db2-a5c7-a7bb6e776c6a,joey hoke,1,,Just want to print,17.20.0.4770,2026-08-19T16:44:14,us,Google Play,0
dd647b83-274a-423c-aafd-94c1ec5e2394,Tyreke Schooler,5,,indeed good,26.2.0.6624,2026-08-19T13:23:17,us,Google Play,0
2c0ae12a-de41-47d6-b663-30c8821093a1,John Gibb,1,,"it won't connect or wake up my hp printer, I am sick and tired of the tinkering HP do with their printer apps, when this ink is finished so is my association with HP.",26.3.1.6772,2026-08-19T11:04:56,us,Google Play,0
79be2168-0c27-4604-9dd9-bde7f38b8c27,Emmanuel Banky,5,,user friendly,26.2.0.6624,2026-08-19T10:55:49,us,Google Play,0
42faf0e7-1406-45a0-9ac4-9ba3311ac1bf,Michał Ziółkowski,1,,"What have you done?! How can I scan documents with my printer? Why is it all about using my mobile device?! I can't do a simplest task - scan a document with my HP printer and save it on my phone. Is that too hard? Who tested this new version? Do you even use your own stuff? Rubish app. I will never but a HP device again because you absolutelu don't understand your users. I don't want to scan with my phone, I bought your printer/scanner for it!!! Cancelling the Ink subscription too.",26.2.0.6624,2026-08-19T08:30:01,us,Google Play,0
0b674000-bdb6-4854-937c-b62095d33957,Crazy CRim,1,,"Lot of issues, even though I'm connected to the same WiFi or using the wireless WiFi of the printer, it shows printer not connected no matter how many times I reset it.",,2026-08-19T05:03:53,us,Google Play,0
e95218d6-9d30-45eb-ae30-368d2fa115db,NiuPasifika NightMarket,1,,I dont know why they changed the App cuz now the printer cant connect and it cant scan any of my documents. I just a simple scan and it even do that its absolutely useless,20.1.0.5822,2026-08-19T03:53:31,us,Google Play,0
20c07d6f-eb9e-4e45-9827-47be228f8048,Dr. Mark Sperling,5,,the tech Darwisj was outstanding! He spent allot of time assisting me.,,2026-08-19T01:51:15,us,Google Play,0
96f7fd35-45b3-46a7-b121-0fad77ca7db7,Yosmany Lara Herrera,1,,"I couldn't print not even one page, and I just got a new printer, just never worked",26.2.0.6624,2026-08-19T01:21:44,us,Google Play,0
160283ee-bd27-42b6-a09f-e321e2a7f558,Angel Hogan,1,,"If you don't pay and subscribe , you don't use kind of like your car in the future. It has the capabilities, but if you don't pay for it, you do not get to use.",,2026-08-19T00:28:16,us,Google Play,0
5c604d6c-b605-4802-9a31-b464983b24f1,Tia Bradley,2,,"glitchy. I'm really starting to hate this app, half the time out days no printer available",26.2.0.6624,2026-08-18T23:13:38,us,Google Play,0
0315e148-6434-4345-9df4-2bc037c2637d,Ana Chavira,1,,I'm not buying anything!!! I only want to connect the printer!!!!!!,20.2.0.6076,2026-08-18T22:05:44,us,Google Play,0
066020b7-8573-4458-af10-42e4dfaa560d,Sahil S.M.N,4,,good app,26.2.0.6624,2026-08-18T21:38:12,us,Google Play,0
971dccc2-9143-436f-9dbc-6a7f4065db23,Chy Rad,1,,Not one of my devices has ever ONCE communicated with my printer without complete reinstall and setup EVERY. SINGLE. TIME.,18.5.0.5369,2026-08-18T18:47:28,us,Google Play,0
653436c0-16d1-4a1e-ba66-c70ebd89b6e1,Sulungeka “Sulu” Vanqa,5,,marvelous machine to work on,26.2.0.6624,2026-08-18T17:32:43,us,Google Play,0
2a95d4a4-4a74-4838-83ca-1b25b57c84eb,Tracy Cooper,5,,Brilliant. So easy to use.,,2026-08-18T17:26:35,us,Google Play,0
e6dfd0a7-8316-4570-9b92-9eed4d44ac62,Dario Stromajer,1,,"Printing works, ink status refreshes, but when trying to scan ""your printer is either not selected or offline"" bruh",26.2.0.6624,2026-08-18T17:24:26,us,Google Play,0
e7c21f41-c4f8-40f5-b613-d08d524783a1,David Crone,1,,scanned a document from my printer to try and print it but now it can't find the same printer it just scanned from.,18.10.0.5530,2026-08-18T16:35:55,us,Google Play,0
a2198e3b-4644-4f30-b0ac-15c4d77cf7a9,Vijay L,1,,"useless always requires setup and waste time +prints,has problem with connection and printing,hp 2989 seems a scam",26.2.0.6624,2026-08-18T15:18:37,us,Google Play,0
d121c7b9-0557-4a05-9550-40a34c3fbcfe,T.E. Vezina,2,,it's always a struggle to print or scan because the WiFi connection is not recognised until the app is rebooted several times.,26.2.0.6624,2026-08-18T14:50:03,us,Google Play,0
7802994b-7ae5-4f72-aad5-e3698b56a9f1,Gunnam Venkatesh,5,,very good,26.2.0.6624,2026-08-18T12:07:49,us,Google Play,0
60075b7d-844f-490b-affc-8516dd39b9c9,Dan Brillo,1,,HP Wireless 410. HP Smart App the worst app. takes forever to cancel a document. takes years to print one.,26.2.0.6624,2026-08-18T11:39:10,us,Google Play,0
f18b8932-f73d-402f-b75b-ef7a31d61141,Ozioma Gospel,5,,cool,26.2.0.6624,2026-08-18T11:29:22,us,Google Play,0
e49e95d7-f980-4201-a744-ebf4c15c2089,Saviour Brown,5,,nice experience,26.2.0.6624,2026-08-18T09:42:04,us,Google Play,0
375f4356-93f1-4aa8-83c5-fe3891dc1508,Premnath Mondal,1,,Very very poor service. Please don't buy anyone @HP product.,26.2.0.6624,2026-08-18T08:23:00,us,Google Play,0
860a1b65-4047-4b44-93af-1b05d718aec0,Jack Wau,4,,useful,26.2.0.6624,2026-08-18T07:23:43,us,Google Play,0
eafa19ea-5934-4314-8f5a-4713aad4c52f,Ammon The Real Truth,1,,"It's not ""Smart"" at all! I just purchased an HP printer and I'm wasting all of my ink on Testing papers and not any print jobs! I can print on any nearby printer, but not on mine!! HORRIBLE!!! Over 30 hours...and NOT WORKING!! *LATEST UPDATE!: Over 8 more hours trying to print today... AND AGAIN, IT'S NOT WORKING!!! Worst, EVER. Blinking Orange Light, and it's NOT WORKING AGAIN...FOR NO REASON!",26.2.0.6624,2026-08-18T06:49:11,us,Google Play,26
b6c95497-bfe6-483b-a74f-51d134250ecc,sreemon pullela,1,,worst policies,26.2.0.6624,2026-08-18T03:31:49,us,Google Play,0
3c1796bb-7a8c-4839-b059-29e7e53634d8,Jennifer Whitworth,5,,love this app,26.2.0.6624,2026-08-17T21:41:54,us,Google Play,0
82cd2868-12d0-4bf9-8135-ecb38f38eda4,Sophia ojone Ochimana,5,,very easy to use,26.2.0.6624,2026-08-17T19:02:37,us,Google Play,0
5002c5d7-2ff3-44bd-aa02-29b4a405675f,Robert Spatafore,1,,printer won't even show up anywhere for the app or even on my phone under HP. I followed all directions to the letter. also apparently the warranty time starts when the store receives the product. had the printer a month before wife's birthday and when I tried setting up warranty was expired. tried support and they never bothered to even call me,26.2.0.6624,2026-08-17T18:58:00,us,Google Play,0
fe6d5fff-473c-4863-9e4a-a6464869e9ce,46 82,1,,"Waste printer and waste app , never buy if you really want something printed urgently, ink cartridges run out on barely a few prints",26.2.0.6624,2026-08-17T18:51:15,us,Google Play,0
d8c9858a-403b-4dcf-9e65-828b37cf7709,Miles Carter,1,,"This app is horrendous on my Fold 2. It has locked itself to 'Landscape' mode. Which is bad enough, but every time it loads a new 'page' it comes out Portrait and then rotates. It is giving me a headache. I don't even want to use an app, I had my printer on my network but it won't stay connected. The network is fine, I have a dozen devices on it and all work flawlessly for 6 years.",26.2.0.6624,2026-08-17T15:42:42,us,Google Play,0
da27407e-4412-4869-b644-4eae334efe10,Howard Norton,1,,The camera scan buffers forever and the updated print cartridges usage updates then reverts back to the erroneous previous reading. I would have expected HP to have an app that worked properly. Very disappointing.,26.2.0.6624,2026-08-17T08:51:22,us,Google Play,0
063f9d80-ea6a-49d4-ac85-f8babf5ce13c,samuel budiono,1,,"trash application, trash apps idea. dumbest ever. i buy the printer, yet if i want to use need to sign in??? cannt use before signing in? so idiot. whats the purpose of this? instead make it user friendly, u try to make is as hard as possible. thats how company lose customer",,2026-08-17T05:46:38,us,Google Play,0
953d7a32-7e15-40db-9d76-bf739c711ae9,Antonio Claudio,1,,suck don't work,26.2.0.6624,2026-08-17T03:03:45,us,Google Play,0
7bf5c9c6-2fe2-43e9-9934-58346082571d,Ray Ray :3,1,,absolutely horrid darling,26.2.0.6624,2026-08-17T02:24:10,us,Google Play,0
14c9d6ef-8b58-4e62-9103-01cbfba25c74,Jessi Gillenwater,1,,I have never been more disappointed while using an app this is not a user-friendly app at all and using this product has been nothing but torture for me and I haven't accomplished anything I just spent many multiple hours and I still cannot print if I would have known this before I would have never bought an HP printer and I never will again and I will never use the service again I think it's horrible it has the right idea but this app and the services and the rules are ridiculous.,26.2.0.6624,2026-08-17T01:03:20,us,Google Play,0
0259bd9e-bdb1-4205-a5ab-c7d10001882d,Babatunde TAYO,5,,Satisfactory,26.2.0.6624,2026-08-16T22:56:26,us,Google Play,0
be0c8798-ee27-4b54-b2f3-547991233ddb,Daniel Føhr,4,,"Horrible sometimes, but mostly very good!",26.2.0.6624,2026-08-16T22:05:14,us,Google Play,0
f0947817-d3bf-424b-ad44-c26a5b562f56,Jo Frandsen,1,,I would say that my experience with the HP Smart Tank Plus 651 was Horrible. Now I have to pack it all up and mail back!!! I had an HP printer for over 8 years : HPOffice Jet Pro 8610. All I needed to continue was the last ink. The ones they sent were NOT HPs so they didn't work! I could go on and on but read All the reviews. JFW HP Printer Problems,26.2.0.6624,2026-08-16T21:13:37,us,Google Play,0
3e2b6b75-443d-4bad-bf50-330bd257c75e,Mohammed Maruf,5,,thank,26.2.0.6624,2026-08-16T14:38:45,us,Google Play,0
250a8012-3171-4ebb-860b-b8e469c6bf69,Dirk Slot,1,,"Feedback from customers who buy hp printers has been pretty brutal, so I bought one to see for myself. Scan to mobile, Samsung s23, crashes. But at least the print from mobile worked twice. HP printer app/driver for LaserJet MFP M139w does not work for Windows 11. I did get it to work with a chrome extension, once. I sell these printers, and I wanted to know why customers would return hp printers all the time. Now I know. I recommend using a printer cable for the MFP M139w for consistency.",26.2.0.6624,2026-08-16T14:31:45,us,Google Play,1
d9f5d029-3f52-4b88-bab0-e3382155a364,Don “The Manic Metaller” Ramkin,3,,"Anyone else having issues with a HP DESKJET 2910 ? Firstly trying to A) start an account and B) connect to WiFi ? and I've got a constant error 9 flashing that I've tried to clear , googled how to clear it , followed instructions but still have the error flashing. Feels like I've got a printer I can't use other than a photocopier/scanner rather than I need to be able to print photos/documents off my phone. I don't own a computer so can't do ANYTHING unless it's through my phone. Waste of money",26.2.0.6624,2026-08-16T12:15:38,us,Google Play,0
66d170b4-6bca-4e0c-9fef-dc2bd6a39dc5,Kanniraj Sp,4,,good,26.2.0.6624,2026-08-16T09:35:34,us,Google Play,0
2c812643-1b3c-407a-a67b-380bec8eeb1b,Molly Jask,3,,worked great at first but now it won't register my phone. Ever. I've tried all the troubleshooting options to no avail,26.2.0.6624,2026-08-16T06:37:46,us,Google Play,0
cd4e65d5-c307-421d-b94a-a54d798fe569,Melissa D.,1,,The app does not work at all. I have been trying to print for 2 weeks now.,18.10.0.5530,2026-08-16T04:46:45,us,Google Play,0
7da0dc54-12f2-4cfd-85c2-367062e341a7,Jaan Mohammad,5,,perfect job,,2026-08-16T03:01:34,us,Google Play,0
fb731c94-ec8a-4e03-be15-21550dc71698,Amit Santra,1,,worst printer ..not printing via phone but my printer is a wifi printer.,26.2.0.6624,2026-08-15T15:31:44,us,Google Play,1
18ddda70-8900-41e2-b1aa-4f2b17616e2e,pauly puliken,4,,Problems during scan are rare,26.0.2.6338,2026-08-15T15:29:46,us,Google Play,0
edc183ea-18ff-4716-8989-cc9c5f57843f,Katia Contreras,5,,Easy and friendly to use so far.,26.2.0.6624,2026-08-15T15:16:30,us,Google Play,0
e07ca623-2120-43f4-b33b-d9e49be0ff26,Brian Bloedel,2,,I can't even get this app to download. Have tried multiple times. I can't even go to hp for a direct download. This has been an exercise in frustration.,26.2.0.6624,2026-08-15T14:31:56,us,Google Play,0
df9c149e-7faa-459e-8b2c-a1ccb4933a94,Muhammed Idris Saidu,5,,amazing and reliable,20.2.0.6076,2026-08-15T08:49:28,us,Google Play,0
7d3a2dd2-7a7f-414c-a3a9-2cecfb5d8c26,TALLURI PRASAD L N,2,,robust printing options not available,,2026-08-15T08:23:40,us,Google Play,0
cebc4bc4-2441-4d0c-a26f-e72f90d3e582,Swathi Swathi,1,,not connecting to wifi,26.2.0.6624,2026-08-15T07:32:45,us,Google Play,1
1c921b63-242a-4164-b882-7d511ae2501f,Dameon “Dmck” Mckenzie,5,,Does everything you need,26.2.0.6624,2026-08-15T06:38:06,us,Google Play,0
3d981a9e-2c0b-4395-81b7-7a1339d4f2c4,Janelle Stephens,1,,terrible app! forced to create an account to scan a document that is then uploaded to cloud storage. fraught with privacy and security risk. I will not use this app and I will discard this printer and buy a new brand before using this option. you cannot even complain to HP without creating an account. this makes the printer not fit for purpose which must surely contravene consumer law!,9.0.1.3,2026-08-15T01:09:16,us,Google Play,0
5be7e84c-ef76-459d-9599-5e468636a569,Steven-Kyle Large,1,,This is the worst app I have ever used. I have an hp smart tank. I have never been able to easily just hit print and it actually work with this app.,26.2.0.6624,2026-08-14T23:27:06,us,Google Play,1
ca2df3ce-0914-46e0-b1f4-9d2b13033489,Ajantha Premarathna,2,,very complicated process to scan. cannot use the paper feeder for the scan,20.2.0.6076,2026-08-14T20:23:02,us,Google Play,0
f78cd6f3-685c-4a55-a8c3-5ce5b8ff045c,Ryan Fox,1,,the app does not help solve wifi issues,17.30.1.5049,2026-08-14T18:39:13,us,Google Play,0
ce315859-1be3-4731-9bf0-54f57edf20ec,Margaret Judice,5,,Great printer! Good quality for home and home office type printing and scanning. very user friendly and easy to use. Great price too.,26.2.0.6624,2026-08-14T17:20:45,us,Google Play,0
601d5980-b644-42ac-b504-2914297b42aa,Sergio R. Lumley,2,,"Every time I need to do anything, e.g. print test page: open app, spinning circles for 30 seconds, then stuck on a blank page. Close-reopen app, 30s of circles, now works, the printer is there, try to access quality tools, tap, needs to log in, enter user/password, circles another 30s, stuck on blank page. Close app, open again, 30s, printer is there, shows I'm logged in, but it was too recent and quality tools is grayed out. Close-reopen... 2 stars because eventually it prints, sometimes",26.2.0.6624,2026-08-14T16:18:43,us,Google Play,1
c83cb65d-d2f3-459d-82ff-a684c02c73ff,Anthony Fung,5,,"excellent machine, easy to operate",26.2.0.6624,2026-08-14T16:00:12,us,Google Play,0
9ec337e5-643c-4693-a33d-ec5cee090993,Dennis Hodgkinson,1,,terrible,26.2.0.6624,2026-08-14T15:18:37,us,Google Play,0
ff115cae-06d3-4f86-96c8-93d1b799218e,John Yong,1,,not working! rubbish the whole screen turned white and hang there for very long.,26.2.0.6624,2026-08-14T13:58:27,us,Google Play,0
5eeddf1a-e427-426f-9029-959e28579103,Ivan Silver,2,,App is terrible. phone says connected to HP Wi-Fi Direct without Internet access. 1. Trying open this app it requires internet connection to work even to scan documents on this phone. So app has to be opened before connecting to WiFi Direct of printer. 2. When app opened and phone connected to WiFi direct app says not connected. have to go to phone WIFI settings to disconnect and connect over and over like 5 times every time I need to use it so it finally works. App is disappointing,26.2.0.6624,2026-08-14T13:45:58,us,Google Play,2
018da405-19b4-4cbb-9a4e-33fad7b2d40e,Mohammad Showkot Hossain,5,,very nice,26.2.0.6624,2026-08-14T12:59:16,us,Google Play,0
1206c279-cfed-450b-89f5-4db3b65aad10,Shera'Nicqua Cox,1,,Worse app and printer combo ever! Print won't stay connected! Can't print word docs at all (it doesn'teven show up as an option but other printer apps does)... only pdf docs & pics from app (which is stupid btw). I literally spend $500 on a printer that I can't use wirelessly! What a waste! I'm going back to Epson.,26.2.0.6624,2026-08-14T11:27:44,us,Google Play,1
f4899b28-9d37-48bb-8527-ce3f40c64988,John,2,,"sometimes works, sometimes doesn't. trying to print documents and the printer isn't showing on my laptop. so went into the app and its shows connection issues that the app can't resolve. If I turn the wifi off on the printer, the app tries to reset the wifi connection. if I enable the wifi on the printer, the app says the printer is offline! after 20 minutes i gave up with the app and then my laptop found my printer. no idea how. it shouldn't be this hard to print",26.2.0.6624,2026-08-14T11:18:54,us,Google Play,2
4542d2be-89fb-4770-9dcd-ec75b2bc247d,Ibraheem,1,,"Thanks for the app. But I strongly suggest you add a feature ""set as a default"" especially when you choose to print with/out colors, so you don't have to choose every time.",,2026-08-14T05:20:08,us,Google Play,0
1b49e874-6c2c-49f3-a34b-32e0b65eccad,Roberto Fiallos,1,,"The printers always have an issue, HP sucks, troubleshooting is horrible. never buying an hp again.",,2026-08-14T03:34:29,us,Google Play,0
6f708239-5d92-45fc-ad0d-81c1f29740b3,Aditya Suneja,1,,worstnalways need to connect,,2026-08-14T02:27:04,us,Google Play,0
2771d93c-dd3a-4c1d-824e-247c72f755b6,Mike Leone,1,,Slow not helpful infinite loading screens trash,26.2.0.6624,2026-08-14T02:00:58,us,Google Play,1
c26e30ac-0097-47a6-83f0-174e4ff9e2f7,Ania,1,,this app ruined my life genuinely,26.2.0.6624,2026-08-13T18:38:26,us,Google Play,0
0a77d661-4833-4d8a-aa0c-e99a61e63025,J Dixon,1,,gatbage,26.2.0.6624,2026-08-13T18:03:36,us,Google Play,0
149425f8-8941-455f-ab83-dcbc6c6d47a5,Dan Strouse,5,,so far so good,26.2.0.6624,2026-08-13T17:53:51,us,Google Play,0
1b567f2e-a793-4b3d-9b54-fb3795df71bf,Howell C,1,,"are you kidding me??? this app and your hp print service plugin and your printer is a waste of time and resource if I could not even use it. I spent nearly an hour trying to connect my printer to this app, following the instructions and all I get is the printer not found in network connection? Wifi Direct on phone is not even usable tf man",,2026-08-13T17:50:52,us,Google Play,0
d1f57601-5b17-4d28-8aa5-74885c15707c,Alex Hodges,4,,The app works great as a work around for a pos printer that I can't print directly to from my PC nor my mobile device. So hurrah for an app. one star for the printer,26.2.0.6624,2026-08-13T17:20:11,us,Google Play,0
38e25003-f17b-46b3-96d2-030ccbcd1edb,David Booth,2,,"Exact-size printing shouldn't be this difficult. The HP app displays image dimensions but won't let me type the size I want—only fiddle with drag handles. Worse, 15.02 × 20cm printed as ~15.4 × 20.4cm with borders OFF. I had to set ~14.62 × 19.59cm to get 15 × 20cm. Please add editable Width/Height, Lock Aspect Ratio and genuine Actual Size/100% printing. The app already knows the dimensions—just let us enter them! Samsung Galaxy Tab S11 used & fully updated. That should be fine. The app wasn't.",26.2.0.6624,2026-08-13T16:31:41,us,Google Play,0
96bc445f-6f94-4b64-9952-ec84a77d970f,Charlene Elcevich,1,,the printer itself is excellent HP IS A HORRIBLE COMPANY THEY DON'T PULL THE TRANSACTION AND THEN THEY CHARGED ME EXTRA MONEY AND THEN THEY NOW HAVE MY FIANCE'S CARD AS WELL AS MINE AND THEY STILL SENDING ME STUFF AND WON'T LET ME USE MY PRINTER THE WAY I SHOULD BE ABLE TO EVERY TIME I TURN AROUND THE TURNING IT OFF FOR NON-PAYMENT BECAUSE THEY'RE BANKING ON THEIR END IS MESSED UP TWO DIFFERENT BANKS HAVE MY CARD & MY FIANCE'S CARD AND THEY STILL AREN'T ABLE TO PULL THE PAYMENT IT'S THEM NOT ME!,26.2.0.6624,2026-08-13T16:08:26,us,Google Play,0
810e2afa-f9d3-4184-896f-417858fe4db6,varun bhardwaj,1,,terrible app. even for routine options you have to click on more,26.2.0.6624,2026-08-13T13:16:33,us,Google Play,0
f6c12604-11dc-43d0-afa2-153f32b09c6d,avks legal,1,,worst,26.2.0.6624,2026-08-13T10:42:06,us,Google Play,0
1b5e9e6e-10b7-4755-9bb9-8440644a1944,Smile Shabbir,5,,wonderfull app,,2026-08-13T05:21:14,us,Google Play,0
529f0254-221a-4866-a979-6999d9a830fe,Linda Blaise,1,,I will never purchase another HP printer again worst decision I ever made in life,,2026-08-12T23:24:05,us,Google Play,0
bc6c8309-48b4-4a4d-9f18-ddc5e4029027,Roxanne Sward,1,,"the HP smart app was amazing, HP app wants to charge me an annual weekly or never am I going to pay for it fee.",26.2.0.6624,2026-08-12T21:36:51,us,Google Play,0
7d2d5c58-5fd1-47a0-a270-2a0ad58902f1,Brenda minner,1,,I want to talk to a human. I can't set up the printer. I will return it and buy a different brand.,26.2.0.6624,2026-08-12T21:01:10,us,Google Play,0
32df431c-59bd-45a3-bf7c-500976143876,Soon Gao,1,,JUNK,26.2.0.6624,2026-08-12T19:32:07,us,Google Play,0
2b867435-990a-45b7-819c-41e37c9a78aa,De S,1,,"bug: last update, scan via printer option is not functioning. Shows loading losing animation or nothing at all. Lags and nothing scans.",26.2.0.6624,2026-08-12T17:06:14,us,Google Play,0
f431195f-79bb-44e9-b248-b9d3f11abf4b,SRS,1,,"1.FREQUENT LOGIN REQUIRED 2. AFTER LOGIN NOT REDIRECTING TO HOME PAGE, CONTINUOUS LOADING 3.CLOSE AND REOPENING OF APP REQUIRED",26.2.0.6624,2026-08-12T16:17:25,us,Google Play,1
0aa83ad7-09ba-4b88-aeaa-02c1a8b9b721,Mason Deterding,2,,The low cartridge warning is way too early. unless the cartridge is less than 5% I don't need to know. Everyone knows the subscription makes it obvious. It wastes cartridges and your customers money.,26.2.0.6624,2026-08-12T14:15:46,us,Google Play,0
4a3b1ded-4005-4a7c-80f3-c8b8e467eaca,bhushan dhatrak,4,,best,26.2.0.6624,2026-08-12T13:57:19,us,Google Play,0
697e012c-23bf-4e3f-a572-109471c8e73f,Liam Gutierrez,1,,The app won't start,26.2.0.6624,2026-08-12T12:45:47,us,Google Play,0
04028ba0-aab0-4e00-a2de-4e6af12e3a1f,john robinson,1,,"Took me 3 hours to understand, 40 minutes to connect printer to phone. I usually print from my PC but there is no explanation how to do this! Terrible app!",26.2.0.6624,2026-08-12T08:41:01,us,Google Play,0
180f025b-80de-47ef-8345-86f26166bd9b,Sharon Hughes,1,,will not connect to my WiFi,26.2.0.6624,2026-08-12T04:05:27,us,Google Play,0
670e65ba-642c-4cc7-99e4-cf40bff1e575,Kevin Kuchler,1,,The app has removed the network option from my settings. I have no way to add the printer to my new router.,26.2.0.6624,2026-08-12T01:52:32,us,Google Play,0
92564c2a-81c5-447b-b5f9-22a08348e554,Andrea Kahler,1,,"never use these guys. your subscription will randomly pay at random points and on top of that they will send all your stuff to the wrong address. on top of that, they're not giving me my money back and they're going to charge me again for a second payment cycle. even though I canceled my subscription. it literally says it in the email that they sent me. they're like well. thanks for the cancellation, but we're still charging you again and we're keeping your money",26.2.0.6624,2026-08-12T00:52:37,us,Google Play,0
0ea8acf1-6e49-4fa9-9a3e-26441fa0d6eb,chris murk,1,,glitchy kept freezing,26.2.0.6624,2026-08-11T21:41:16,us,Google Play,0
6ffe5957-0a30-48bd-875c-333b16d5de5a,Bob Wenham,2,,Doesn't help me.,26.2.0.6624,2026-08-11T20:17:18,us,Google Play,0
28ab45c6-49c3-452e-bc69-d935b27538b9,Thomas Prosser,3,,"you could easily gain back a star for me if the app wasn't like six gigs for some reason, is this user error on my part?",26.2.0.6624,2026-08-11T18:30:06,us,Google Play,0
a64e8692-9903-4ebc-9df2-18ccb23a1e94,Pranita G.UPGADE,5,,Nice App,,2026-08-11T17:15:59,us,Google Play,0
0aaa025e-21d9-4434-8ef1-1e9856cf6915,Ma Cristina,5,,The best. Camera scan is truly the amazing . You can add many pages to a file.,26.2.0.6624,2026-08-11T13:30:53,us,Google Play,0
