id,author,rating,title,content,version,date,country,platform,vote_count
14615580038,Martuchys79,3,Se traba la App,Se des configura y se traba muy fácil el equipo y no hay buena comunicación entre la app y mi equipo,26.3.1,2026-10-01T09:31:24-07:00,global,iOS App Store,0
14615450922,redrosepink,1,Hp smart tank 615,"i bought my printer for just over a year but it has been bugging down already…technician had come and check on it for 4 to 5 times but after he left, printer is in trouble again😩",26.3.1,2026-10-01T08:52:42-07:00,global,iOS App Store,0
14615363413,iPod Touch 4 <3,4,Gut aber kein manueller Duplex Scan,"Ich finde die App gut und intuitiv zu bedienen. Warum allerdings eine wichtige Funktion für Besitzer von Simplex ADF Geräten fehlt, obwohl diese bei einem alten Vorgänger dieser App verfügbar war, ist mir nicht begreiflich.
Die Rede ist vom manuellen 2-seitigen Scan bzw. manueller Duplex Scan, der einen komfortablen 2-seitigen Scan bei Simplex Scannern von HP ermöglicht. Hierbei muss der doppelseitige Papierstapel nach dem ersten Durchlauf lediglich ein zweites mal aber umgedreht gescannt werden, und das Programm sortiert anschließend das fertige PDF vollautomatisch im Reißverschlussverfahren. Schade, dass so etwas wichtiges bis heute fehlt!",26.3.1,2026-10-01T08:27:20-07:00,global,iOS App Store,0
14615105237,Gausu2009,5,eow,wow,26.3.1,2026-10-01T07:14:02-07:00,global,iOS App Store,0
14615011813,19077091,1,Worst printer ever,The app is connected to my printer and shows i have enough ink and yet nothing prints out well. Looks like its out of ink,26.3.1,2026-10-01T06:47:36-07:00,global,iOS App Store,0
14614981439,ChrisF123,1,Not printing all of document,Poor,26.3.1,2026-10-01T06:38:57-07:00,global,iOS App Store,0
14614861011,Woowooswan,1,AI was dreadful I had a paper jam. That was removed then the issues started. Nightmare,AI service was dreadful even thought it had a nice voice!,26.3.1,2026-10-01T06:04:27-07:00,global,iOS App Store,0
14614646261,Pessoa1983,1,Trash,Printer never connects it’s a nightmare please avoid buying hp printers if you don’t want to regret,26.3.1,2026-10-01T04:59:24-07:00,global,iOS App Store,0
14614638635,Toxicberryz,1,Don’t get,Horrible app as well as horrible company printer stop working because it need a subscription now,26.3.1,2026-10-01T04:57:01-07:00,global,iOS App Store,0
14614121691,Titiju,5,Imprimante hp m140w parfaite,"Fonctionne parfaitement : qualité d’image, extrême rapidité, efficacité/simplicité de l’appli hp si on veut par exemple faire un scanner à partir de l’imprimante. Je suis très content de cet achat (versus ma précédente Canon pixmania ruineuse car elle consommait 70 e de cartouches couleurs en quelques impressions car elle passait son temps à nettoyer les têtes). Avec cette imprimante laser hp, zéro nettoyage des têtes.",26.3.1,2026-10-01T01:41:59-07:00,global,iOS App Store,0
14614117585,Sab-Biene,5,Einfache Handhabung,Danke euer Yaren ist wirklich einfach in der Handhabung… und wenn man trotzdem mal eine kleine Unterstützung benötigt sind alle Mitarbeiter freundlich und hilfsbereit!,26.3.1,2026-10-01T01:40:12-07:00,global,iOS App Store,0
14614100051,NineJust,4,Just the app like before,"Finally the possibility to use the app again without the need of an account, just to print/scan. Thanks.",26.3.1,2026-10-01T01:32:39-07:00,global,iOS App Store,0
14614024771,polososs,1,aucun intérêt,Il n’y a même pas la possibilité de faire un réglage correct pour imprimer des formats différents que A4,26.3.1,2026-10-01T00:59:44-07:00,global,iOS App Store,0
14613504784,Holyballer27,1,Hp printers are the worst,So hard to get this printer to print,26.3.1,2026-09-30T21:12:01-07:00,global,iOS App Store,0
14613475182,Nord keyboard,1,Hp,"Difficulty getting printer to connect to internet. I have done everything I know to do. At times it will connect after waiting a while, other times will not connect at all. Very frustrating.",26.3.1,2026-09-30T20:59:43-07:00,global,iOS App Store,0
14613187301,Buena inversión,5,Increíble,Excelente calidad,26.3.1,2026-09-30T19:04:48-07:00,global,iOS App Store,0
14613147649,Slonk41,1,It sucks,It’s a POS,26.3.1,2026-09-30T18:49:57-07:00,global,iOS App Store,0
14612595269,richie d 53,4,Scanning issues,Cell phone and scanning unit don’t always connect easily scanner asks for password which we don’t have then 10 mins later lets you scan frustration,26.3.1,2026-09-30T15:16:39-07:00,global,iOS App Store,0
14612520699,Quani55,5,HP Printer,I love it so easy to use,26.3.1,2026-09-30T14:47:18-07:00,global,iOS App Store,0
14612468994,Sgnarly42,1,Can’t print without connectivity,Do you love troubleshooting printers.. well look no further.  HP has created a new infuriating failure path.  The printer must have connectivity to HP cloud to print.  This happens so they can track your usage for insta ink but is required even if you purchase the cartridges yourself.  I have excellent WiFi.  The printer diagnostics even said I had excellent WiFi.  It was the connection handshake to their own cloud that stopped me and my business in its tracks.  4 hours total troubleshooting on a 2 month old printer,26.3.1,2026-09-30T14:26:55-07:00,global,iOS App Store,0
14612458457,Władysław Anders,1,No assistance,Can’t get help doing anything,26.3.1,2026-09-30T14:22:53-07:00,global,iOS App Store,0
14612364021,I must be an astronaut,1,Pay to play?,For the life of me I’m not sure why I would have to pay to use my (the one I purchased in full wit my money) in order to print a document. If I don’t need ink for a month that shouldn’t preclude me from printing. Terrible business model don’t sign up!,26.3.1,2026-09-30T13:46:54-07:00,global,iOS App Store,0
14612204549,BelievingJames,4,Photos,"My biggest wish is a way to put multiple images on the same page and create sizes like 4x6 and 5x7, otherwise it’s easy and friendly.",26.3.1,2026-09-30T12:48:19-07:00,global,iOS App Store,0
14612159034,Fucc3Facebook,1,Rip off,HP is a total rip off. They does rip you off and making you buy stuff that you can’t use so it’s a ripoff. I don’t recommend.,26.3.1,2026-09-30T12:32:12-07:00,global,iOS App Store,0
14612144919,nicolepereira4,5,Angelo was the best!!!,Angelo helped me out today and he was wonderful!,26.3.1,2026-09-30T12:27:17-07:00,global,iOS App Store,0
14612110879,salma Elkady,5,Se,This is excellent i am impressed,26.3.1,2026-09-30T12:15:39-07:00,global,iOS App Store,0
14611957141,Bach-C,1,Kein Drucker gefunden,Seit der Überarbeitung der APP verbindet sich mein Handy nicht mehr mit dem Drucker. Der Drucker wird nicht gefunden. So kann ich leider nicht mehr vom IPhone aus auf den HP Office JetPro 8715 zugreifen.,26.3.1,2026-09-30T11:23:39-07:00,global,iOS App Store,0
14611889253,Make it easy s,1,Bad connection for scanning,Really bad connection when it comes to scanning with cell app,26.3.1,2026-09-30T11:01:20-07:00,global,iOS App Store,0
14611628946,62Dok,3,"Buona, ma non buonissima","non si capisce bene perché alcune volte la stampante non risponde alle richieste di stampa
Per il resto è un’app comoda e quando funziona va molto bene
Adesso mi hanno anche tolto l’opzione per la scansione della ID e della tessera Sanitaria",26.3.1,2026-09-30T09:39:42-07:00,global,iOS App Store,0
14611505269,MG0635,1,Difficultés d’impression,Gros problème pour lancer une simple impression,26.3.1,2026-09-30T09:02:44-07:00,global,iOS App Store,0
14611474470,jlap2494,1,Login to print?,Insane that I need an account and to login to print from my phone. Absolutely absurd business choice.,26.3.1,2026-09-30T08:53:32-07:00,global,iOS App Store,0
14611452641,Jhany Ariel,5,Excelente,La aplicación es muy buena y fácil de usar,26.3.1,2026-09-30T08:47:01-07:00,global,iOS App Store,0
14611425431,D C-J,5,Printing,I finally got my printer to print what I need after spending time on the phone with so many people to help me the only way I can print is by having the HP app on my phone and transferring it,26.3.1,2026-09-30T08:39:03-07:00,global,iOS App Store,0
14611307329,Jill Coalter,1,Printer,"Awful printer, missing half the words and not working yet showing full Wi-Fi, also ink is full",26.3.1,2026-09-30T08:04:37-07:00,global,iOS App Store,0
14611281377,Das Schloss,1,Office jet 8012,"A partir d’un iPhone SE ou d’un Mac book Air et après un certain temps de veille, l’imprimante ne se réveille pas    quand je lui demande d’imprimer",26.3.1,2026-09-30T07:57:07-07:00,global,iOS App Store,0
14610991362,Más uso,5,Me encanta!!,"Es un aplicación buenísima,no entiendo porque la gente dice que es una mala app, tienes que saber usarla para continuar,aparte tengo 10 años!!para mis manualidades y así esta exelente",26.3.1,2026-09-30T06:33:48-07:00,global,iOS App Store,0
14610862614,_Ania98_,5,Instant Ink,Si utilizáis el código 9whv7s al registraros en instant ink os regalan un mes de prueba,26.3.1,2026-09-30T05:55:32-07:00,global,iOS App Store,0
14610844553,GaryUpa,1,Unable to scan from machine!,"It’s pathetic when it comes to scan using machine or app! I mean when we have physical machine, why we are forced to scan with app!!?? All the steps are so non user friendly! Never expected such thing from HP!",26.3.1,2026-09-30T05:49:59-07:00,global,iOS App Store,0
14610433974,Myron Jacobs,5,Work horse,This app helps me and make the job pleasant to perform. Very happy with my HP.,26.3.1,2026-09-30T03:32:41-07:00,global,iOS App Store,0
14610237387,mimidill,5,Top,"J’adore cette application, tout est vraiment plus facile !!!",26.3.1,2026-09-30T02:10:47-07:00,global,iOS App Store,0
14610066987,Francesco Oranges,5,Per me fantastica,Io la trovo semplicemente perfetta,26.3.1,2026-09-30T00:52:16-07:00,global,iOS App Store,0
14609984509,NT traveller,1,Printer issues,"Purchased a new HP Officepro 9730e.
Won’t stay connected, insists on cartridge subscription renewal, tried reinstalling and re-downloaded driver. Still no luck. AI not dismal.",26.3.1,2026-09-30T00:13:12-07:00,global,iOS App Store,0
14609861239,Nav94ba,1,PHONE SCAN FEATURES NEEDS UPDATE AUTO DETECTION NEEDS WORK AND SOME AI AUTO APPLY TO ALL FEATURE,the auto paper detection doesn't recognize the actual paper always need to fix the full page manually also when you fix one paper's brightness it should be a  option to apply it to all papers when you using phone scan it would be very convenient and helpful thnx,26.3.1,2026-09-29T23:14:20-07:00,global,iOS App Store,0
14609488804,This printer suckss,1,Printer sucks,Printer app and printer suck,26.3.1,2026-09-29T20:19:08-07:00,global,iOS App Store,0
14609216196,quantum gravity's vision,1,Print connection,"Sometimes I have to turn the printer off or I have to turn the phone off to connect it back to my phone
The old printer I had from HP worked perfectly

I’ve returned one HP
To get this one it’s no better

as soon as I can I’m going to throw it away",26.3.1,2026-09-29T18:26:52-07:00,global,iOS App Store,0
14609105525,Borreguito22,1,Bad printer,Stupid printer,26.3.1,2026-09-29T17:43:10-07:00,global,iOS App Store,0
14609100292,LupeLu54,1,App broken again IPAD only,Now on my ipad I cannot display the number of pages that I have printed.  It worked this morning but now this afternoon it is broken.  Did all the troubleshooting steps and it still won’t work.  It works on my iPhone.  NOTE:   I can go directly to the website portal.hpsmart.com and the information pulls up.,26.3.1,2026-09-29T17:41:03-07:00,global,iOS App Store,0
14609080108,MDLMid16,4,Manual de impresoras confuso,Muy tardado la instalación de impresoras por no ser precisa es muy general sus manuales,26.3.1,2026-09-29T17:32:57-07:00,global,iOS App Store,0
14608753780,Bazart es lo máximo,5,Muy buena máquina,Hp una de las mejores impresoras . Fácil  de usar . Me encanta 😊,26.3.1,2026-09-29T15:19:25-07:00,global,iOS App Store,0
14608701911,Ddiorio,5,Fed up,"Printer acts up , says it’s asleep then it says ready and I can’t get anything to print",26.3.1,2026-09-29T14:58:18-07:00,global,iOS App Store,0
14608670856,Joe Hinrichs,3,Clunky app,Sometimes more tech is less efficient than old school ways of printing.  Im still not sure where to find my IP address for my printer.  It’s completely wireless and difficult to reconnect too.,26.3.1,2026-09-29T14:45:50-07:00,global,iOS App Store,0
14608616780,Chenhtom,5,HP printer,"Keep up the great work, good",26.3.1,2026-09-29T14:24:06-07:00,global,iOS App Store,0
14608162399,Mdpitman,4,Pretty good,I wish I was able to leave the screen while printing from my iPhone.,26.3.1,2026-09-29T11:38:22-07:00,global,iOS App Store,0
14607958045,Pgaliciaj,5,Buea,"La acabo de bajar, pero inmediatamente piden una reseña, imprimí mi documento sin problema, ya veremos mas adelante como funciona, lo que me gusto es que no me pidió suscripción",26.3.1,2026-09-29T10:30:19-07:00,global,iOS App Store,0
14607917072,great CA FX,5,Hp printer,Hp printers are the only printers I bought because they always worked for me.,26.3.1,2026-09-29T10:17:01-07:00,global,iOS App Store,0
14607831067,Grehcey,5,Printer 6100e,"Love this printer so much , it’s so easy to put together",26.3.1,2026-09-29T09:49:33-07:00,global,iOS App Store,0
14607720083,carvalho_47,1,Muito Ruim,"Lento trava muito era perfeito mudaram ficou muito lento, e so da  erro nunca tive problema para encontrar minha hp 5822 agora so resetando ai encontra depois não encontra mais,  não recomendo",26.3.1,2026-09-29T09:14:50-07:00,global,iOS App Store,0
14607583016,JulietShell68,5,Best printer!,This is the best printer and I’ve been having so much fun with the HP app printable’s section and I love how it tells me how much ink is left in the printer I would highly recommend,26.3.1,2026-09-29T08:33:28-07:00,global,iOS App Store,0
14607438066,Mr Vitali from Dus,5,The best app for scanning on the market,Really enjoying using it,26.3.1,2026-09-29T07:51:23-07:00,global,iOS App Store,0
14607124819,Victor Jung,1,Instant print is sham,You buy your printer. Why can’t we print as we go … this is crazy where you cancel the service and you can’t print,26.3.1,2026-09-29T06:19:28-07:00,global,iOS App Store,0
14607020050,Saraytt,5,Excelente,"Es muy buena, yo la utilizo solo para trabajos de mis hijos en casa y e impreso fotografías, como son cosas que les piden en la escuela siempre imprimo eñ la modalidad de borrador y la calidad es excelente.",26.3.1,2026-09-29T05:47:36-07:00,global,iOS App Store,0
14607019426,Annoyed customer!!!!!!!!,1,Error code 49,This code is coming up every time I print and is stopping printing jobs from completing,26.3.1,2026-09-29T05:47:24-07:00,global,iOS App Store,0
14606784404,Hamna Nafees,1,Scanner is not working,Scannner is not working properly,26.3.1,2026-09-29T04:31:12-07:00,global,iOS App Store,0
14606610099,Tercia Beltrao,1,Ruim,O App nunca encontra a minha impressora.,26.3.1,2026-09-29T03:26:36-07:00,global,iOS App Store,0
14606464865,Rodewald Michael,3,Bild Farbe grauenhaft auf Normalpapier,Leider auf Normalpapier grauenhaft,26.3.1,2026-09-29T02:24:23-07:00,global,iOS App Store,0
14606393990,LMS…!,2,Ink usage,Have to replace the expensive ink cartridges too frequently.,26.3.1,2026-09-29T01:51:48-07:00,global,iOS App Store,0
14606300111,もたらぬもの,5,ウザい,"アプリから印刷しようとしたら高確率で1回白紙で1枚出てきます。
再印刷を毎回しなおさないといけません。
アプリが悪いのかプリンターが悪いのかわかりませんがウザいです。
あと1枚だけ印刷したい時、インクが少なくなっていますが出るとキャンセルしかできません。
インクが少なくなっていてもプリントさせろ
てか印刷試すかキャンセルするかをこっちに選択させろ",26.3.1,2026-09-29T01:07:07-07:00,global,iOS App Store,0
14606081596,c3steph,1,Dysfonctionnement,On est obligé d éteindre et rallumer l l’imprimante avec iOS pour imprimer,26.3.1,2026-09-28T23:20:32-07:00,global,iOS App Store,0
14606075409,CGRM1962,5,Imprimir fácilmente,Me gusta,26.3.1,2026-09-28T23:17:28-07:00,global,iOS App Store,0
14605809107,SpicyNuglet,1,Never buy Hp printer,the printer ink does not work just installed took four hours run run far away,26.3.1,2026-09-28T21:07:57-07:00,global,iOS App Store,0
14605708370,Caroliiinita,5,Me encanta,Súper funcional,26.3.1,2026-09-28T20:21:26-07:00,global,iOS App Store,0
14605578534,gaby-0,1,Doesn’t work,"Bad connection, says my printer doesn’t have paper and it does. My printer doesn’t work",26.3.1,2026-09-28T19:25:26-07:00,global,iOS App Store,0
14605505534,Gillebrown61,5,Love the Convenience,It is do easy to scan from my phone and love the ink refills that come in a timely manner.,26.3.1,2026-09-28T18:55:25-07:00,global,iOS App Store,0
14605299470,Flavor scientist,1,Can’t read pages,"I just printed a 14 page doc twice because I couldn’t read it the first time so I checked the ink, still full. Printed it again, still can’t read it.",26.3.1,2026-09-28T17:33:24-07:00,global,iOS App Store,0
14605246851,banderillauser,1,Pesimo,Aplicación inservible.,26.3.1,2026-09-28T17:12:38-07:00,global,iOS App Store,0
14604872415,kastanieberg,3,「印刷プレビュー」画面の「キャンセル」が半角カタカナ,画像ファイルやPDFファイルなどを共有メニューから「HPアプリで印刷」を選んだときに出る「印刷プレビュー」画面で「キャンセル」ボタンだけが読みづらい半角カタカナになっています。,26.3.1,2026-09-28T14:39:17-07:00,global,iOS App Store,0
14604730716,Pretty_slim,1,Worst printer,This is my 3rd HP Printer. It’s always breaking after 1 to 2 months of use. I barely print anything. Smh,26.3.1,2026-09-28T13:43:42-07:00,global,iOS App Store,0
14604518936,Nodrama46,5,HP 7600,"I am still learning and setting up features, but I love this printer.  Would love to have it in the black color.",26.3.1,2026-09-28T12:26:22-07:00,global,iOS App Store,0
14604439071,lauren22145,5,Easy to use,This app is easy to use and very clean. It doesn’t feel cluttered and is easy to navigate. I love the free printables,26.3.1,2026-09-28T11:58:41-07:00,global,iOS App Store,0
14604399496,Dh51334,5,Great,Scanned perfectly  using OfficeJet 3830,26.3.1,2026-09-28T11:45:05-07:00,global,iOS App Store,0
14604358953,Carte noire 2020,5,Hp,Perfect,26.3.1,2026-09-28T11:31:23-07:00,global,iOS App Store,0
14604308001,jon111@,1,Sehr unzuverlässig,"Mal funktioniert der Drucker, mal nicht. Über IOS Gerät nahezu nie",26.3.1,2026-09-28T11:14:25-07:00,global,iOS App Store,0
14604242301,edpollio,1,The worst,I truly think that HP printers are the worst a nightmare to set up never works properly with the Wi-Fi. Took me an hour to get a page printed and it’s the wrong size.,26.3.1,2026-09-28T10:52:34-07:00,global,iOS App Store,0
14604203188,BananaTricky,3,Less efficient than before,Bought this as my last printer was no longer supported but this just seems to be a lot of faff. Can’t use two kinds of paper. Have to swap it in and out. Doesn’t automatically change to fit paper. Had to install the app five times before it remembered I had already set up the printer. All to print one lousy photo,26.3.1,2026-09-28T10:39:42-07:00,global,iOS App Store,0
14604175982,Kvyl3n,2,Color pay off,Not printing pure black is gray,26.3.1,2026-09-28T10:30:51-07:00,global,iOS App Store,0
14604172537,JayTeeJT2,2,Kompliziert wegen wlan Verbindung,Es ist einfach alles zu kompliziert gemacht worden meiner Meinung nach,26.3.1,2026-09-28T10:29:43-07:00,global,iOS App Store,0
14604117363,Kizuta,1,/:,"Printers hate me, maybe partly iPhone?",26.3.1,2026-09-28T10:11:46-07:00,global,iOS App Store,0
14604091837,Katy.0370,4,Scans,Plus de technologie pour les scans de documents pour en faire une vrai feuille,26.3.1,2026-09-28T10:03:31-07:00,global,iOS App Store,0
14603886726,SofiaNaemi,1,Sämst,Tar flera minuter för en utskrift,26.3.1,2026-09-28T08:59:01-07:00,global,iOS App Store,0
14603821159,ORVOREO,4,Simply user Friendly,As a person who is not computer savvy the software is easy to use and navigate.,26.3.1,2026-09-28T08:39:03-07:00,global,iOS App Store,0
14603695989,HP DeskJet ultra 4828,5,HP DeskJet ❤️,The best app for my printer. Everything is convenient and easy to customise. Thank you! Ink Advantage Ultra 4828 in the heart❤️,26.3.1,2026-09-28T08:01:38-07:00,global,iOS App Store,0
14603623848,Angkapa,3,Se desprograma fácilmente,Se desprograma con facilidad. Muchas veces solo logro imprimir desde el teléfono y tengo que enviar documentos  desde el ordenador para poder imprimirlos.,26.3.1,2026-09-28T07:40:13-07:00,global,iOS App Store,0
14603569223,shaka928,5,Week,Review,26.3.1,2026-09-28T07:24:00-07:00,global,iOS App Store,0
14603520724,lbdell,1,Horrifically bad scanner.  The AI  seems to intentionally mess up every page.,Do not use if you can help it.,26.3.1,2026-09-28T07:09:49-07:00,global,iOS App Store,0
14603500551,Sans_Draps,1,.,Je ne comprend rien à cette imprimante. Via mes applis ça ne fonctionne pas. Via HP des fois ça fonctionne des fois pas. J’aimerai qu’on me contacte,26.3.1,2026-09-28T07:03:54-07:00,global,iOS App Store,0
14603246623,Sraphel,1,Can’t scan documents,"Sometimes the scan option shows up on the app, sometimes it doesn’t. Not user friendly.",26.3.1,2026-09-28T05:47:09-07:00,global,iOS App Store,0
14603169888,rose1630,1,What a waste,"The printer never connect correctly. I spend hours trying to make it work, then it works and stops the next day. There’s no easy troubleshooting and their AI help is absolutely no help at all.",26.3.1,2026-09-28T05:22:45-07:00,global,iOS App Store,0
14602998614,Jbeamon5,5,Great App,So glad I came upon this App. I use it for during worship services and during conferences and meetings.,26.3.1,2026-09-28T04:24:59-07:00,global,iOS App Store,0
14602926236,59jährigeDeppin,5,Fast sehr gut!,"Nach irgendeinem update funktioniert es jetzt auch und sogar recht schnell von 3 Geräten aus auf 1 Drucker/Scanner/Multigerät zuzugreifen, obwohl ich eine homespot-WLAN hab!!!",26.3.1,2026-09-28T03:58:32-07:00,global,iOS App Store,0
14602701627,Peter62000,1,Don’t want auto ink deliveries,"If you don’t accept the items the printer stops printing!! This is insane. Account issues??? I’m at home. My printer should print! It’s a tool. I bought it now I use it. It’s maintenance and use isn’t predicated on the paper and ink delivery I don’t need. A hammer, hammers! A printer prints. Get out of my house. It’s fully operational except a note on screen reading ‘account issue, your printer will not print.’ Forget the account",26.3.1,2026-09-28T02:24:34-07:00,global,iOS App Store,0
14602568853,Oliolioli!@——-,4,Ottimo,Ottimo,26.3.1,2026-09-28T01:23:02-07:00,global,iOS App Store,0
14601985959,Amit alampally,1,Worst set up experience,Terrible UX and even worse discovery of printers,26.3.1,2026-09-27T20:40:35-07:00,global,iOS App Store,0
14601977297,Kike Plaza,3,Bueno pero aveces falla,"Normalmente utilizo la cámara para escanear, pero en ocasiones cuando voy a la mitad del archivo escaneado, se sale del sistema y tengo que volver a empezar, pero en general bien",26.3.1,2026-09-27T20:36:32-07:00,global,iOS App Store,0
14601778615,rox3509,5,Easy to use,Setting up the new home printer with the app was a Breeze.,26.3.1,2026-09-27T19:10:30-07:00,global,iOS App Store,0
14601753984,Luvs2print,5,Best lil printer,Office Jet Pro 8120e is perfect for home office !!! Great price too,26.3.1,2026-09-27T19:00:29-07:00,global,iOS App Store,0
14601750240,RevJmtgyfsswftfhh,1,Multi photo/page prints,The inability to add multiple images to the same page to utilize space is very wasteful when printing photos.,26.3.1,2026-09-27T18:58:56-07:00,global,iOS App Store,0
14601626936,Ry7554,5,Easy to use,"Easy to use, PDF or JPEG, in app editing, simple, choice of storage location",26.3.1,2026-09-27T18:08:51-07:00,global,iOS App Store,0
14601585063,Janet GL,5,Me encanta,Muy buena aplicación y sobre todo gratis 🤭,26.3.1,2026-09-27T17:51:53-07:00,global,iOS App Store,0
14601583418,mommmma07,5,Top performance,"I have had this printer for several years now, It has never let me down, working from home, arts and crafts projects, high school and college needs, scans, emails it does it all!",26.3.1,2026-09-27T17:51:14-07:00,global,iOS App Store,0
14601547256,$$EVIL,1,Slow,It takes forever to be able to print jobs take long to send!,26.3.1,2026-09-27T17:36:43-07:00,global,iOS App Store,0
14601304124,Worst ever purchase,1,Not happy,This printer constantly jams and there is no screen to tell you what’s wrong. App doesn’t even tell you what’s wrong. So tired of messing with it just to print a few pages. Worse purchase ever.,26.3.1,2026-09-27T15:55:00-07:00,global,iOS App Store,0
14601191963,Feng Céline,3,Imprimer,Attendre trop longtemps,26.3.1,2026-09-27T15:08:55-07:00,global,iOS App Store,0
14601076609,Mrlolo30,5,Great printer/Scanner,"I just got it on 9/27/26. Installing was super easy and the quality of the prints and scans are great. Hopefully this printer isn't going to fail me down the road when I need it the most, like other have done.",26.3.1,2026-09-27T14:23:10-07:00,global,iOS App Store,0
14600824212,blueyedcntrygirl89,1,They suck,HP sucks. Random subscription charges. Never works when you need it. Always disconnects from my WiFi. Knows how to take your money but doesn’t know how to print. Would have never purchased this had I known how much everyone hates HP. No wonder their stuff is so cheap.,26.3.1,2026-09-27T12:51:11-07:00,global,iOS App Store,0
14600744688,DaRopeCuttaz,3,Scanning Issue,"Whenever I attempt to scan with the HP app, my printer shuts off.",26.3.1,2026-09-27T12:24:23-07:00,global,iOS App Store,0
14600471983,Hp long,1,Impression très long,"L'impression et l'utilisation de l'application est tellement long, pour imprimer une feuille faut attendre minimum 5 minutes !!!",26.3.1,2026-09-27T10:57:43-07:00,global,iOS App Store,0
14600414683,sirve ??,5,Me gusta,La verdad está muy fácil de entender y no cobra,26.3.1,2026-09-27T10:40:05-07:00,global,iOS App Store,0
14600393575,Sanila Surendran,4,Overall Good but some demerits,"If we press print, we cannot close or minimize the app, which differs from the Android version App.",26.3.1,2026-09-27T10:33:39-07:00,global,iOS App Store,0
14600387215,ZoraArkDun,2,Does not batch scan,I’ve now run a batch of 85 documents through my scanner using this app 3 times to have it fail to save the file at the end. Waste of time.,26.3.1,2026-09-27T10:31:46-07:00,global,iOS App Store,0
14600199777,Esufdeztri,1,No imprime a la primera,No me deja imprimir a la primera tengo que hacerlo dos veces para que pueda imprimir,26.3.1,2026-09-27T09:36:24-07:00,global,iOS App Store,0
14600118637,vinagredmoderna,1,Timadores,Tengo una impresora desde hace tres años más o menos y de repente de un día para otro se cambió el Wi-Fi de mi casa y dejó de funcionar como una impresora normal. Ahora me hace fotocopias invisibles que por otra parte tengo que agradecer.,26.3.1,2026-09-27T09:12:49-07:00,global,iOS App Store,0
14599774211,ArwenEvenstar0761,1,Terrible,"I used to subscribe to HP’s Instant Ink program but stopped over a year ago as I don’t print enough documents to need a monthly subscription. I recently had to get a new router and cable box through my cable/internet service provider which ended up changing my WiFi network, so I now need to connect my printer to my new WiFi network. However, as I’m trying to do this, I keep getting messages that unless I update my payment method and resubscribe to the Instant Ink program, I cannot print using the cartridges that are literally already in my printer and have been for MONTHS as I BOUGHT AND PAID FOR THEM OVER A YEAR AGO!!! How is this even legal! Not only that, but the fact that HP can literally hold your printer hostage and stop you from using ink cartridges you own is enraging, disgusting, and terrifying. 

I’ve had HP printers and computers for many years, but I will NEVER buy another HP product ever again!!",26.3.1,2026-09-27T07:34:50-07:00,global,iOS App Store,0
14599598806,Ahunkocheese,1,Horrible app,"It took me over a day and a half to set up my printer and print exactly one correct page. HP sucks, their printers suck, horrid app design go buy from epson.",26.3.1,2026-09-27T06:44:38-07:00,global,iOS App Store,0
14599347304,Endzii0311,1,Garbage,"90% of the time the app doesn’t work. When I try to use the scan feature, it always disappears. App glitches out a bunch and freezes after selecting any other option and I’m tired of being bugged about signing up for their dumb ink subscription. I selected no once and am HOUNDED 3 more times after if I’m sure I wanna opt out. I’m gonna buy a different brand printer and just use this thing as target practice. Never again will I ever in my life own an HP printer.",26.3.1,2026-09-27T05:27:55-07:00,global,iOS App Store,0
14599342435,Patricia Solana,5,RECOMENDADISIMO,Me encanta poder realizar mis trabajos en casa,26.3.1,2026-09-27T05:26:24-07:00,global,iOS App Store,0
14598905342,Rokkeeeal,1,Garbage,Never let me print. Always takes 20+ to print a single document,26.3.1,2026-09-27T02:44:13-07:00,global,iOS App Store,0
14598694672,Ale Va 22,5,Ottimo,Ottimo,26.3.1,2026-09-27T01:18:17-07:00,global,iOS App Store,0
14598606335,SebDominguez,1,Useless ADF – Can’t even scan a long receipt!,"If you're buying this printer to scan receipts, invoices, or long documents using the top feeder (ADF), save your money and look elsewhere. Both the hardware and the HP Smart app are completely useless for basic document management.
The document feeder hard-caps paper length at 29 cm (standard A4 size). The moment a store receipt is slightly longer, the printer simply cuts the image off mid-scan or throws a paper size error. There is no ""long paper mode,"" no option in the app to adjust custom page dimensions, and zero flexibility in the drivers. It’s absurd that a modern scanner can’t handle a standard paper-roll receipt without forcing you to cut it up, tape it to an A4 sheet, or take a picture with your phone—which completely defeats the point of having an automatic document feeder.
Between the rigid, clunky HP app and this ridiculous hardware limitation, this printer is a total waste of money for any serious expense tracking or office work. Avoid it.",26.3.1,2026-09-27T00:41:53-07:00,global,iOS App Store,0
14598575346,Michael-FSG,5,Got the OfficeJet Pro 8126,Works great! Very easy set up!,26.3.1,2026-09-27T00:28:48-07:00,global,iOS App Store,0
14598064081,JGRCK,5,HP,"Exelente producto, exelente aplicacion, me encanta 👍",26.3.1,2026-09-26T20:44:41-07:00,global,iOS App Store,0
14597897580,User_m_0321,5,User0321,Great app for printer related and all in one features app. Works very well and easy to use.,26.3.1,2026-09-26T19:37:22-07:00,global,iOS App Store,0
14597808298,Reseña de hp,5,Reseña,Es rapido y mucho más fácil,26.3.1,2026-09-26T19:02:22-07:00,global,iOS App Store,0
14597768898,Mira shah,1,WiFi connection,"Difficult to connect to wifi, time consuming.",26.3.1,2026-09-26T18:47:02-07:00,global,iOS App Store,0
14597659404,Caro M-193,5,Great,Great,26.3.1,2026-09-26T18:04:37-07:00,global,iOS App Store,0
14597620750,GrenGrass,1,Envy 6455 sucks,Don’t ever buy this machine. HP blew it with this printer. It is better used as a target for my kids to throw balls at. The Wi-Fi setup is the most ridiculous thing I’ve ever seen. DON’T BUY,26.3.1,2026-09-26T17:49:17-07:00,global,iOS App Store,0
14597459637,Dezfaithlady,3,Difficult to set up,Setup was difficult and not intuitive.,26.3.1,2026-09-26T16:44:26-07:00,global,iOS App Store,0
14597344186,nusgjobgh,1,Ink quality the worst,"Very bad printing quality even when ink cartridges are full and after maintenance cleaning done. Very frustrated 
!",26.3.1,2026-09-26T15:56:15-07:00,global,iOS App Store,0
14597323820,Apodololoita,5,Hermosa,Muy buena,26.3.1,2026-09-26T15:47:38-07:00,global,iOS App Store,0
14597187044,Luzasx08,5,Excelente,"Muy buen app, no tenía el cable usb, y con esta app lo puede conectar por el wifi🔝",26.3.1,2026-09-26T14:50:59-07:00,global,iOS App Store,0
14597177617,Poppy877,1,Printer queue and upselling,No way to check your printer’s queue through the app and keeps trying to sell me a new printer. Nothing is wrong with the one I have.,26.3.1,2026-09-26T14:47:09-07:00,global,iOS App Store,0
14597138716,Perfeccionisme,5,Espectacular,Perfección y rapidez,26.3.1,2026-09-26T14:31:25-07:00,global,iOS App Store,0
14596937227,lher501,1,I bought a multifunctional,I can’t scan from the computer,26.3.1,2026-09-26T13:14:41-07:00,global,iOS App Store,0
14596924514,9701 west,1,Disappointed,I don’t know why I have to pay for help when I bought this from your company. It should be covered by warranty coverage. I am getting tired of you guys the hell is going on,26.3.1,2026-09-26T13:10:03-07:00,global,iOS App Store,0
14596806835,Astaria3110,1,Garbage Products,Title speaks volumes! Don't waste your time or money on this garbage. The app is even worse. Just don't. You thank yourself later by spending a little more with a better product.,26.3.1,2026-09-26T12:28:37-07:00,global,iOS App Store,0
14596791231,Thatgirlnanamom,5,Hp,Excellent printer for the price,26.3.1,2026-09-26T12:23:13-07:00,global,iOS App Store,0
14596779145,arewekiddingwithnickname,1,Piece of junk,This printer and app both suck! So very little good to say about it. This printer is confused constantly. Sometimes i can even get it to print.,26.3.1,2026-09-26T12:19:08-07:00,global,iOS App Store,0
14596675633,Eliza :).,5,Bien!!,10/10,26.3.1,2026-09-26T11:44:17-07:00,global,iOS App Store,0
14596646194,🥑aguacate,1,puta mierda,puta mierda,26.3.1,2026-09-26T11:34:37-07:00,global,iOS App Store,0
14596636848,Phi11ie,1,What are you all doing,HP has genuinely fell off so insanely hard. You’re printers are abysmal. Your application is pure trash. Also charging people a subscription to use the printer THEY PURCHASED AND ARE PURCHASING TONER FOR?? I would use other words but I won’t. You’re all terrible.,26.3.1,2026-09-26T11:31:36-07:00,global,iOS App Store,0
14596605904,faijq,1,Upset,Worst printer,26.3.1,2026-09-26T11:21:23-07:00,global,iOS App Store,0
14596433248,calrdae2,5,Camera scan,"I love this feature. Very well put together, and I use it more than the default camera on the phone.",26.3.1,2026-09-26T10:26:34-07:00,global,iOS App Store,0
14596257323,rye-bread2020,1,The inadequate experience is provided,experience long run times hour to set up error bugs nasty execution horrific needs multiple bug fixes,26.3.1,2026-09-26T09:33:14-07:00,global,iOS App Store,0
14596044847,Tonhãozao,5,Top,Top,26.3.1,2026-09-26T08:31:13-07:00,global,iOS App Store,0
14596027003,nikolstar,5,Stampante laser,"Fantastica e velocissima fa anche scansione pdf salva nei documenti 
Che dire :consigliatissima",26.3.1,2026-09-26T08:26:04-07:00,global,iOS App Store,0
14595860490,Kikifrass1,1,Connecting issues,Having issues with connecting to wifi,26.3.1,2026-09-26T07:38:56-07:00,global,iOS App Store,0
14595801367,Ralthorin,1,Configuration difficile et wifi de l’imprimante instable,Je suis en train de configurer et l’imprimante perd le wifi constamment. Assez mécontent de perdre du temps dans une simple configuration.,26.3.1,2026-09-26T07:22:09-07:00,global,iOS App Store,0
14595769638,Pepe's 73,2,Compliqué…,"Déconnexions intempestives malgré un wifi stable, interface de l’app inutilement complexe et contre intuitive. Outils d’édition inconfortables. L’UX est pénible. 
L’impression des docs est plutôt correcte et rapide quand ça veut rester connecté…",26.3.1,2026-09-26T07:13:18-07:00,global,iOS App Store,0
14595511059,peggyfindit,3,Making changes,So when I first got a printer that required HP I was very frustrated half the time the printer didn’t work and then two years later it was outdated and I had to get a new printer so I just got a new printer and it just seems to take 45 minutes longer than it needs to to print a document. I hope you are making changes to make this a better experience in taking honest feedback from your consumers. I am glad to chime in.,26.3.1,2026-09-26T05:58:18-07:00,global,iOS App Store,0
14595365983,Da.da.17,1,Connessione Wi-Fi lente,"La stampante ha funzionato solo i primi anni, poi ha perso la capacità di collegarsi velocemente al Wi-Fi. Prodotto che va incontro a rapida obsolescenza. Epson è superiore da questo punto di vista.",26.3.1,2026-09-26T05:12:52-07:00,global,iOS App Store,0
14595191236,Hehdinwd,1,HP printer is rubbish,5108 printer just doesn’t stay connected and print when you need.  Avoid,26.3.1,2026-09-26T04:12:57-07:00,global,iOS App Store,0
14595028034,Pritam PATIL,5,Amazing,Simple and very convenient to use,26.3.1,2026-09-26T03:10:44-07:00,global,iOS App Store,0
14594996091,Lili9171,1,Paramètres,On ne peut pas modifier les paramètres tel que 100%ou taille réelle…,26.3.1,2026-09-26T02:58:07-07:00,global,iOS App Store,0
14594712885,princisivi,5,Muy buena,Me encanta esta aplicación,26.3.1,2026-09-26T01:02:04-07:00,global,iOS App Store,0
14594637052,xKatoxx,5,Top Scandinavië,Fijne app. Handig in gebruik. Ik gebruik de scanfunctie erg vaak,26.3.1,2026-09-26T00:30:18-07:00,global,iOS App Store,0
14594585298,Mamatha high school,5,Nice work printer,Excellent working in the system,26.3.1,2026-09-26T00:08:27-07:00,global,iOS App Store,0
14594259587,aNgEe WoOlY,5,Effortless,I’ve had my HP printer and app for several years now and it has made my printing needs so effortless!,26.3.1,2026-09-25T21:45:01-07:00,global,iOS App Store,0
14594109115,SixDodgers,1,HORRIBLE PRINTERS,Your printers stink!!! Prints one thing and then stops! They are horrible!!!,26.3.1,2026-09-25T20:39:37-07:00,global,iOS App Store,0
14593570241,Francois 16,1,Insatisfecho,No ay ayuda eficaz y en español para resolver un problema,26.3.1,2026-09-25T17:08:32-07:00,global,iOS App Store,0
14593427232,Mojo Sydney,5,MFP 1202nw,Very competitive and very fast printing,26.3.1,2026-09-25T16:10:42-07:00,global,iOS App Store,0
14593261968,samuelUwUk,1,Péssimo produto,"Altera o tamanho da imagem copiada e imprime a mesma reduzida, com um quarto de seu tamanho.",26.3.1,2026-09-25T15:02:43-07:00,global,iOS App Store,0
14593245114,Tajinderpsingh,5,Great app,Great app,26.3.1,2026-09-25T14:55:56-07:00,global,iOS App Store,0
14593198330,nik12121,1,"Most of the time, app does not print seamlessly",Not good quality app,26.3.1,2026-09-25T14:36:59-07:00,global,iOS App Store,0
14593064074,Dr Free A,3,Scanning is ridiculous,I hate I have to download as App just to scan a document,26.3.1,2026-09-25T13:44:42-07:00,global,iOS App Store,0
14593033220,Me the printer,5,Muy bueno,Muy buena opcion para imprimir documentos,26.3.1,2026-09-25T13:32:55-07:00,global,iOS App Store,0
14593006207,dancing Nanma,5,Using printer set up,"Once I worked out how to download and set up printer 
Everything went smoothly",26.3.1,2026-09-25T13:22:35-07:00,global,iOS App Store,0
14593001693,xStoriTimex,5,Love it!!!,Gone with the headaches of trying to send things from my computer to the printer!!! I love how I just get packages of ink instead of stressing about running to the store and hoping they have it! I can print pictures and photos of documents as well!! Love this app,26.3.1,2026-09-25T13:20:55-07:00,global,iOS App Store,0
14592455657,Shame on slave dynasty,5,Appreciate the app,Really great result,26.3.1,2026-09-25T10:11:39-07:00,global,iOS App Store,0
14592443039,VG JR,4,Etwas umständliche Fax- Scan- versende- Bedienung,"Es gibt da einfachere Bedienersoftware, gerade wenn man die Faxfunktion nur noch selten nutzt. ( Manchmal nicht so ganz selbsterklärend).",26.3.1,2026-09-25T10:07:36-07:00,global,iOS App Store,0
14592413794,HP Rebel,1,Unnecessary,Completely unnecessary app that only complicates the process. Time suck.,26.3.1,2026-09-25T09:58:19-07:00,global,iOS App Store,0
14592384814,Paxjc,1,HP,Don’t bother buying Hp FRUSTRATING,26.3.1,2026-09-25T09:49:07-07:00,global,iOS App Store,0
14592094680,Jaime FV,5,Excelente!!,"Una aplicación útil, intuitiva y con muchas opciones disponibles. La impresora es de lo mejor y una gran idea los tanques de tinta.",26.3.1,2026-09-25T08:21:42-07:00,global,iOS App Store,0
14591654908,Vilein123,1,Fehler bei der Übertragung,"Leider werden häufiger nur halbe Seiten gedruckt, oder der Druckauftrag nicht vollständig ausgedruckt.
Dies führt zur falschen Zählung bei Instant Ink. Erreichbarkeit vom Kundenservice ist schwierig. 

Außerdem wäre es hilfreich, wenn in Inc und die App würden, so dass man sich nicht erst über den separaten Browser noch mal einloggen muss.",26.3.1,2026-09-25T06:14:28-07:00,global,iOS App Store,0
14591592532,Sandra1ne,1,Printer occasionally works,These printers often won’t work. You have to spend 30 min just trying to print something,26.3.1,2026-09-25T05:55:50-07:00,global,iOS App Store,0
14591583804,Piku@ home,1,Bad colour,Colours are not bright as image,26.3.1,2026-09-25T05:53:08-07:00,global,iOS App Store,0
14591477474,fgfgffgfg,5,Hop,Macht gut was es soll.,26.3.1,2026-09-25T05:20:30-07:00,global,iOS App Store,0
14591447030,Amcstars2024,4,Love this app,Thanks,26.3.1,2026-09-25T05:10:56-07:00,global,iOS App Store,0
14591237759,maralo2,5,Scanner,Todo muy bien,26.3.1,2026-09-25T04:00:50-07:00,global,iOS App Store,0
14591172941,Juanite33,5,Impeccable,Impeccable.,26.3.1,2026-09-25T03:36:47-07:00,global,iOS App Store,0
14591120883,Manojvashishtha,5,Fantastic,"Very useful, its worth keeping",26.3.1,2026-09-25T03:16:36-07:00,global,iOS App Store,0
14590778490,Babs0633,5,Hp6400,L’appli et beaucoup plus réactive que la version pc,26.3.1,2026-09-25T00:52:56-07:00,global,iOS App Store,0
14590671425,Savyasachisagar,3,Settings options are less,I need my printer feeder to scan front and back but it don’t give me an option of flipping my bunch and running it again like the other printers,26.3.1,2026-09-25T00:05:48-07:00,global,iOS App Store,0
14590589303,ellaionela,5,Buonissima,La uso da anni e non mi ha mai dato problemi.,26.3.1,2026-09-24T23:29:46-07:00,global,iOS App Store,0
14590436624,crippi68,5,Ottima app,Veramente ottimo il lavoro di questa app che toglie ombre e consente di modificare nello stesso tempo i margini,26.3.1,2026-09-24T22:21:29-07:00,global,iOS App Store,0
14590371458,Luis Brito Ar,5,Práctico,"Súper práctico, útil y sobre todo amigable",26.3.1,2026-09-24T21:52:38-07:00,global,iOS App Store,0
14590263479,ClaudiaCarr,2,Too slow,Printing or scanning are extremely slow,26.3.1,2026-09-24T21:04:30-07:00,global,iOS App Store,0
14590113297,Reef75,1,All this extra stuff just to print!! Why?,Why is it so difficult and we have to go through hoops in order to print something to a printer that we have already purchased and now we have to do a subscription in order to print our own stuff? that is ridiculous. HP should be ashamed that they’re taking extra money for people trying to work. We already purchased your product and you’re charging us extra just to print. It is not fair.,26.3.1,2026-09-24T20:00:55-07:00,global,iOS App Store,0
14590053490,Terrible printer never buy,1,This printer is terrible,I hate this printer so much,26.3.1,2026-09-24T19:36:49-07:00,global,iOS App Store,0
14590045897,DBDallison,5,Installation,Needed Customer Support to get past a software hiccup. Great support and easy walkthrough.,26.3.1,2026-09-24T19:33:45-07:00,global,iOS App Store,0
14589985922,onbehalfofallokc,1,Printer never works,It takes more than 10 minutes to print 1 thing,26.3.1,2026-09-24T19:10:12-07:00,global,iOS App Store,0
14589929480,MegsyNicho74,1,Will not print all the time,It does not matter what I do or how I try to print it will only print when it wants to,26.3.1,2026-09-24T18:48:44-07:00,global,iOS App Store,0
14589841196,Nutbustd,1,Internet doesn’t always work,"HP.  FIX THIS INTERNET PROBLEM!!   Printer works great on my IPhone 17. On my laptop? NO COMMUNICATION!! Same frequency. 5hz or 2.4?  Same results then the no driver available issue.  HP software hasn’t added the needed software. I have a HP Omen laptop, top of the line but still no communication. Even took the printer to a Microsoft technician of 35 years experience.  He told me only about 40% of the various laptops communicated with this printer. The other 60%? No communication. Buying a real nice Brother 5010 tomorrow. I gave up on HP!!!",26.3.1,2026-09-24T18:15:32-07:00,global,iOS App Store,0
14589503910,ptmoments,1,Dont buy HP,Complete rip off having to subscribe to print after paying for this expensive printer.,26.3.1,2026-09-24T16:02:46-07:00,global,iOS App Store,0
14589413060,Bigger junk,1,Garbage,This printer is garbage,26.3.1,2026-09-24T15:25:09-07:00,global,iOS App Store,0
14589391031,Al Xenrhae,4,Good but difficult,It’s good it’s nice. It’s so great since my printer is an Eco tank but it’s hard to use like just printing like putting like difficulties like the printers having difficult business and such. It’s very hard but worth it,26.3.1,2026-09-24T15:16:02-07:00,global,iOS App Store,0
14589368749,YourDesertAgent,5,Great app,I have used the pdf scanning ability for years. It is awesome!!,26.3.1,2026-09-24T15:06:51-07:00,global,iOS App Store,0
14589237284,Dori Denson,2,Picture printing,Tried printing photos and all come out blurry and I can’t reach anyone to explain why,26.3.1,2026-09-24T14:13:32-07:00,global,iOS App Store,0
14589207110,Jake074,5,Handy,"Works great in the office, even better from my phone when I am on the go.",26.3.1,2026-09-24T14:01:35-07:00,global,iOS App Store,0
14589163082,Helena Blageski,5,Esse é o app oficial da HP,5 estrelas,26.3.1,2026-09-24T13:44:19-07:00,global,iOS App Store,0
14589110264,Bscsrl,5,Ok,Good,26.3.1,2026-09-24T13:23:56-07:00,global,iOS App Store,0
14588990874,honestlybeinggenuine,2,Printer Error,Every time I make an attempt to print paperwork for my child’s studies the printer stops during a queue to print. So frustrating!,26.3.1,2026-09-24T12:39:30-07:00,global,iOS App Store,0
14588962111,Blackg20,2,Constantly disconnects,"The frustration is overwhelming. The printer constantly disconnects from the internet and I get sent in circles to reconnect. It shouldn’t be like this. This is not due to any power outages. It disconnects on its own and I’ve gone on so many circles to try and reconnect, I don’t even know the process any more. I’m just about ready to go with a different brand.",26.3.1,2026-09-24T12:29:04-07:00,global,iOS App Store,0
14588909390,MJ'sMOM,5,Easy,It was so easy to set up the new printer. I also scanned from my phone.,26.3.1,2026-09-24T12:10:19-07:00,global,iOS App Store,0
14588575494,omoyems,5,Easy,I love the ease of having everything in one place,26.3.1,2026-09-24T10:14:55-07:00,global,iOS App Store,0
14588274563,Andreaespinosab,5,Excelente,Me gustan todas las funciones,26.3.1,2026-09-24T08:42:08-07:00,global,iOS App Store,0
14588270023,81yppaH,5,Helped sending email my new printer,The person I spoke with was very knowledgeable and helpful and explain to me how to use my phone to use my printer. He changed my initial annoyance with this new computer to total relief.,26.3.1,2026-09-24T08:40:49-07:00,global,iOS App Store,0
14587957144,Nmifgjyg,1,Mala calidad,Llevo dos días que compré la impresora y ya no tiene tinta no imprime bien todo borroso,26.3.1,2026-09-24T07:10:05-07:00,global,iOS App Store,0
14587930972,Cali_JW,1,Not intuitive-cumbersome process,It is ridiculous that you have to use your phone in order to send a fax or essentially scan something that you want to email. You should really be able to do it on the device itself if you needed to type in the name that you were sending it to it really isn’t that simple?,26.3.1,2026-09-24T07:02:33-07:00,global,iOS App Store,0
14587834565,PavTrou,1,Mala interfase,"Es difícil imprimir , imprime incompleto , solo puedo imprimir desde la app y no desde el documento",26.3.1,2026-09-24T06:34:26-07:00,global,iOS App Store,0
14587143757,Tikaparis,1,Nul,Nul,26.3.1,2026-09-24T02:41:01-07:00,global,iOS App Store,0
14586816735,ATM AUTO SALES,5,Printer,"Wow easy to hook up and even input WiFi information 
The app is well designed 
Thanks",26.3.1,2026-09-24T00:10:50-07:00,global,iOS App Store,0
14586752447,Chrisfjj,5,Scanning,So easy to scan with many easy options to work on your document,26.3.1,2026-09-23T23:39:56-07:00,global,iOS App Store,0
14586686418,Lilmeow444,5,Excited,I love this,26.3.1,2026-09-23T23:07:49-07:00,global,iOS App Store,0
14586624362,Tell your friends,1,Everything Wrong with America,I can’t believe all the rumors are true. Executives at HP should be pulled to testify in front of Congress.,26.3.1,2026-09-23T22:37:56-07:00,global,iOS App Store,0
14586475438,highlifeja420,1,Hp deskjet 2827e,This printer is really horrible like I regret this purchase so much,26.3.1,2026-09-23T21:28:05-07:00,global,iOS App Store,0
14586294206,Hxhahahebfjcksnakenrncksk123,1,Pay to Print??,"So I spent money on this printer, paid to buy ink from Walmart and it’s telling me I can’t print anything until I update my payment method for ink deliveries? Wow.",26.3.1,2026-09-23T20:04:56-07:00,global,iOS App Store,0
14586266793,El mejor gordo del mundo,5,La mejor,Mi buena,26.3.1,2026-09-23T19:53:08-07:00,global,iOS App Store,0
14586244983,NJP4300unggff,1,Crashes,App gets stuck at loading page,26.3.1,2026-09-23T19:43:50-07:00,global,iOS App Store,0
14586231471,Mjdph,2,Hard to manuver,I need to change the amount of paper used per month. It used to be extremely easy to do this. I’ve messed with this for a while and still can’t figure it out. Let’s make it easier please!!,26.3.1,2026-09-23T19:38:07-07:00,global,iOS App Store,0
14586144110,HEXCOSTA,2,Not user friendly,Not much to say. Is not an user friendly app.,26.3.1,2026-09-23T19:02:24-07:00,global,iOS App Store,0
14586140539,Julian in Chicago,1,The connection is always messed up,I can never get the app to work with the printer the first time. I download files and attempt to print and it always gives me different reasons not to print,26.3.1,2026-09-23T19:01:01-07:00,global,iOS App Store,0
14585895732,Rossangela14,5,Review,The best,26.3.1,2026-09-23T17:24:57-07:00,global,iOS App Store,0
14585775814,fa.g,1,Péssimo,Impressora n imprime,26.3.1,2026-09-23T16:36:41-07:00,global,iOS App Store,0
14585664196,Mloverson,1,Doesn’t work.,This is the worst printer I’ve ever used. It does not print. It always has a printer error. It’s the worst. Please don’t waste your money,26.3.1,2026-09-23T15:50:44-07:00,global,iOS App Store,0
14585628388,it doesn’t go through,1,Takes to long to connect,If you don’t use it all the time it takes forever to connect to your phone and to print.,26.3.1,2026-09-23T15:36:04-07:00,global,iOS App Store,0
14585558318,CosmoHart,5,Mobile app is great,Seems to work flawlessly. The pc version will not work though.,26.3.1,2026-09-23T15:07:19-07:00,global,iOS App Store,0
14585411956,95dali,5,Excelente producto,Muy fácil de usar y práctica,26.3.1,2026-09-23T14:08:52-07:00,global,iOS App Store,0
14585226211,Adrianoja97,5,Hp,The best,26.3.1,2026-09-23T12:58:40-07:00,global,iOS App Store,0
14585163149,Robylau1,5,Top,Ottima,26.3.1,2026-09-23T12:35:55-07:00,global,iOS App Store,0
14585001878,Wanda skarlet,1,Issue,does not work smoothly takes tooo much time pls fix,26.3.1,2026-09-23T11:39:40-07:00,global,iOS App Store,0
14585000910,Alberto82B,2,Farraginosa,Buone le intenzioni ma molto old style e farraginosa,26.3.1,2026-09-23T11:39:20-07:00,global,iOS App Store,0
14584945806,Trash printer and app,1,Trash,Nothing works,26.3.1,2026-09-23T11:20:31-07:00,global,iOS App Store,0
14584908698,DrTica,5,Dr . Lettica Highsmith DNP,Love it so convenient and helpful!!!,26.3.1,2026-09-23T11:08:03-07:00,global,iOS App Store,0
14584839393,Dueteromonies,5,OperationPerformance.,"Reliable,Consistant with ExcellentQuality.
MoreFaithful in Performance and in EfficientOperatiom.
•••••",26.3.1,2026-09-23T10:44:49-07:00,global,iOS App Store,0
14584722641,madddmals,1,Slow,Very slow and takes long to connect,26.3.1,2026-09-23T10:06:50-07:00,global,iOS App Store,0
14584550113,rakis1973,5,Magic wonders!!,Extremely Reliable!!,26.3.1,2026-09-23T09:12:40-07:00,global,iOS App Store,0
14584460849,EANNHOFF,1,Annoying,It always prints a report which wastes ink and paper. This print I hate,26.3.1,2026-09-23T08:45:35-07:00,global,iOS App Store,0
14584453060,se69sch,3,Support??,Wo ist der?,26.3.1,2026-09-23T08:43:15-07:00,global,iOS App Store,0
14584322919,Daira6,1,Hp 2900 wat een RAMP!,"Deze printer moet doorlopend worden gerest, een printje maken kost uren want de printer moet dan weer worden geïnstalleerd. Ik heb al jaren hp-printers maar nóóit meer. Ook dat afdwingen van het kopen van originele cartridges die al leeg zijn als je er maar naar kijkt, vind ik echt te schandalig voor woorden.  Volgende keer een printer die het gewoon doet en waar ik zelf kan bepalen welke cartridges ik wil kopen.",26.3.1,2026-09-23T08:04:47-07:00,global,iOS App Store,0
14584151374,Femolotrab,3,Hp 6000,"Muy inestable. Cuando quieres se desconecta y no funciona. Hay que desenchufarla y volverlo a enchufar porque no hay otra manera de recuperarla. Así que si tienes prisa por imprimir, hay veces que te demoras 15 minutos hasta conseguir que vuelva a trabajar.",26.3.1,2026-09-23T07:15:19-07:00,global,iOS App Store,0
14583967984,Hate it here 234,1,Not printing,Everything is connected. App says ready to print and when i print nothing comes out.,26.3.1,2026-09-23T06:22:31-07:00,global,iOS App Store,0
14583825220,Sevilla111,1,Escaneo,Malísimo,26.3.1,2026-09-23T05:41:19-07:00,global,iOS App Store,0
14583735835,187Ssss,1,Horrible Interface,I had a prior HP envy and it was so easy to print . I have done so many troubleshooting that the only one left to do is throw it in the trash,26.3.1,2026-09-23T05:14:00-07:00,global,iOS App Store,0
14583593524,Billybigwheels,4,Envy 6120,Set up was very simple and straight forward. The little printer proceeded quickly and efficiently through its setup. App looks good and works well. I like it so far. It’s a nice simple looking little unit too.,26.3.1,2026-09-23T04:28:20-07:00,global,iOS App Store,0
14583433428,Tarajarakara,4,Scan,Worked ok but no option found to delete unwanted page. Also it would be useful if default was full page,26.3.1,2026-09-23T03:31:35-07:00,global,iOS App Store,0
14583307158,Genuine57,4,Verbindung,Am IPad klappt es gut aber ich habe immer wieder Probleme mit der Verbindung zum PC oder Handy,26.3.1,2026-09-23T02:40:35-07:00,global,iOS App Store,0
14582943407,Max_2542,1,decepción,Desde las últimas actualizaciones se ha vuelto lentísima y con demasiados errores,26.3.1,2026-09-22T23:53:25-07:00,global,iOS App Store,0
14582900871,Flavie55,1,Beaucoup de problèmes,Manque d’aides,26.3.1,2026-09-22T23:33:25-07:00,global,iOS App Store,0
14582608614,patty cruz,5,Great printer,I love this printer. I don’t have to run to CVS anymore to print anything it prints better than that professional printer,26.3.1,2026-09-22T21:19:36-07:00,global,iOS App Store,0
14582471203,GamerProboy12731/JuanV,5,I love this app,So worth it,26.3.1,2026-09-22T20:19:23-07:00,global,iOS App Store,0
14582421827,Eedsm,3,Difficulty in Setup,Still having issues with getting the scanner to work on this new App.. Can do on iPhone but not Computer..,26.3.1,2026-09-22T19:58:52-07:00,global,iOS App Store,0
14582172780,Eká,1,Always have issues printing. Hate it!,Hate it. Always have issues,26.3.1,2026-09-22T18:23:38-07:00,global,iOS App Store,0
14582008287,Paillettes 74,5,Très bien,En ce moment il me sert énormément vu que mon imprimante refuse de passer par portable ouf cette appli me sauve la vie,26.3.1,2026-09-22T17:22:35-07:00,global,iOS App Store,0
14581638301,Shadowm22,1,Horrendous,"I could not fathom in my greatest
dramas such a terrible app or product. if you locked me in a room and forced me to make a more deceptively simple yet nonfunctional app or product i would be unable to never once had this apps simple abblity to just print things ever worked and i despise it",26.3.1,2026-09-22T14:58:41-07:00,global,iOS App Store,0
14581583640,Bia pe,1,Pessima,Pessima,26.3.1,2026-09-22T14:37:01-07:00,global,iOS App Store,0
14581516001,ValeSuri,5,Ottima,Ottima app per gestire tutte le attività di stampa e monitorare il livello di inchiostro. Intuitiva e comoda nell’utilizzo. Io la uso sempre con la mia stampante Hp Envy 6520e . Consiglio.,26.3.1,2026-09-22T14:10:35-07:00,global,iOS App Store,0
14581198765,Fau_Cruz,5,Opção de impressão,A única coisa que falta nessa app é a opção de imprimir mais de uma página por folha. De resto ele é perfeito!,26.3.1,2026-09-22T12:15:33-07:00,global,iOS App Store,0
14581196122,NonoKRO,1,Incroyable.,Le scanner ne veut plus fonctionner depuis iOS 27,26.3.1,2026-09-22T12:14:40-07:00,global,iOS App Store,0
14581165984,ATAG Guy,2,Blocks you from printing,Heads up! If you use off brand ink this app will not let you print with it. Disappointing buying their printer isn’t enough money I guess.,26.3.1,2026-09-22T12:04:26-07:00,global,iOS App Store,0
14581109585,Sea horsesassy,1,For ever to set up not simple,For ever to set up not simple,26.3.1,2026-09-22T11:45:25-07:00,global,iOS App Store,0
14581058666,Suzi pooch,1,Ink plan,Never get sent ink and my printer keeps not sinking to my phone so won’t print my important documents I always have no ink,26.3.1,2026-09-22T11:28:25-07:00,global,iOS App Store,0
14580871120,super pumas,5,Excelente,Muy buena aplicación para imprimir mis trabajos recomendable,26.3.1,2026-09-22T10:26:20-07:00,global,iOS App Store,0
14580695859,Gómezjoseph,1,It doesn’t want do printing,Bad,26.3.1,2026-09-22T09:31:04-07:00,global,iOS App Store,0
14580531087,Tiago Rubim,1,Horrível,"Não permite configurar preto e branco, não é intuitivo. Não revolve coisas direto do app sem acessar website. Ruim.",26.3.1,2026-09-22T08:41:10-07:00,global,iOS App Store,0
14580310896,freezy@mannheim,5,SQ7,2026,26.3.1,2026-09-22T07:36:27-07:00,global,iOS App Store,0
14580197317,God banish 56 o7,5,Printer HP SMART TANK 5001,"This printer is wonderful. I recommend for use in home. 
Thank you HP.",26.3.1,2026-09-22T07:03:35-07:00,global,iOS App Store,0
14580163669,Thandungen,1,Garbage,Garbage,26.3.1,2026-09-22T06:53:49-07:00,global,iOS App Store,0
14580006382,okwudilli,5,Office coordinator,Excellent application and I’m recommending all to use it.,26.3.1,2026-09-22T06:07:33-07:00,global,iOS App Store,0
14579982692,Ichuzinnuzz,5,Good,Good,26.3.1,2026-09-22T06:00:27-07:00,global,iOS App Store,0
14579911447,TWpenguin,3,"Prints great, Auto Toner Subsc is a rip off","The print quality is great, fairly easy to set up, can print from my phone, the forced subscription to toner or you can’t print is a total rip-off. I wouldn’t have bought it if I realized that’s how it worked, and I normally love hP printers.",26.3.1,2026-09-22T05:38:53-07:00,global,iOS App Store,0
14579463101,Alberto_S208,2,Risolvete grazie,Dopo lultimo aggiornamento configuro la stampante. La vede nell’app. Chiudo l’app la riapro e non la vede piu. Devo inserire di nuovo l’ip. Prima funzionava bene adesso non piu,26.3.1,2026-09-22T03:00:52-07:00,global,iOS App Store,0
14579197151,Teogianne,1,Voglio poter fare  la scansione con la stampante!,La possibilità di effettuare la scansione dei documenti SOLO con il cellulare è un’idiozia. I documenti (per via di tanti fattori come la luce o la posizione/inclinazione del cellulare) risultano di qualità bassa e richiedono tanto sforzo.,26.3.1,2026-09-22T01:00:09-07:00,global,iOS App Store,0
14578787475,ryandid911,1,terrible product terrible app plagued with connectivity issues and headaches,damn,26.3.1,2026-09-21T21:44:19-07:00,global,iOS App Store,0
14578629058,GPur10,5,"HP printer, scanner and fax","This has been such a great little unit. I do a lot of coping and faxing and this was been so easy to set up and use from home, quick WIFI connection and the best part is that it doesn’t break me when I need to buy ink cartridges.",26.3.1,2026-09-21T20:31:59-07:00,global,iOS App Store,0
14578596233,Avrileira,1,Se desconecta la impresora,Se desconecta la impresora,26.3.1,2026-09-21T20:17:38-07:00,global,iOS App Store,0
14578576920,dfudeuhds,1,Impresión desde celular,Es muy retardado y una vez que manda a imprimir si se bloquea tu cel se cancela la impresión,26.3.1,2026-09-21T20:09:18-07:00,global,iOS App Store,0
14578546305,Luisant007,1,Impresora smart tank 583,Súper complicada la configuración. Solo se pudo imprimir desde mi celular. Me solicita llamar a soporte técnico…,26.3.1,2026-09-21T19:56:21-07:00,global,iOS App Store,0
14578458867,Any advice 786,1,Poor quality,It took forever to set up and had repeated errors,26.3.1,2026-09-21T19:20:45-07:00,global,iOS App Store,0
14578323401,Msjones30,1,It Works When It Wants to..zero stars.,Horrible! I hate I spent all this money on a printer that does not work when I need. I have to troubleshoot for EVERY print job. And the printer is often “ no airprint printers found” from cell phone.  The app is worse. It shows that the print job is in queue and will not print.,26.3.1,2026-09-21T18:27:44-07:00,global,iOS App Store,0
14578218521,Ok bro..kk,5,H,Excellent don’t have to do anything just download they. App and dose everything for you,26.3.1,2026-09-21T17:47:11-07:00,global,iOS App Store,0
14578140553,Ranamuka,5,Scanning through camera phone with HP App,Excellent app.,26.3.1,2026-09-21T17:17:10-07:00,global,iOS App Store,0
14578124724,evinnc,1,Horrible,Did I say this app is horrible???,26.3.1,2026-09-21T17:11:06-07:00,global,iOS App Store,0
14578099221,Loja vic,5,Maravilhoso,Ótima,26.3.1,2026-09-21T17:01:26-07:00,global,iOS App Store,0
14578050146,Dr Kmatic,5,HP Smart Tank 7600 review,Amazing 3-in-1 thus far. Easy set up with the guide. Great value for money,26.3.1,2026-09-21T16:41:58-07:00,global,iOS App Store,0
14578041617,Lor-Lor21,5,Print from phone,"I love the ability to print from my cell phone, easy to use and a lifesaver!",26.3.1,2026-09-21T16:38:32-07:00,global,iOS App Store,0
14577893177,Charlize99,1,Péssimo,Aplicativo difícil de configurar leva uma eternidade por favor atualizem e faça uma versão melhor,26.3.1,2026-09-21T15:39:24-07:00,global,iOS App Store,0
14577742673,Zeza581,1,No smart tank 581,Trava toda hora e não reconhece o dispositivo cadastrado,26.3.1,2026-09-21T14:39:30-07:00,global,iOS App Store,0
14577730770,Bobbaboyy,5,Easy and Usefull,Love the scanning features!! And scan from phone. Zero Issues,26.3.1,2026-09-21T14:34:55-07:00,global,iOS App Store,0
14577664476,_-littlecharm14-_,4,DUDE :|,ITS SMUDGED >:0 but btw tysm for ts,26.3.1,2026-09-21T14:09:22-07:00,global,iOS App Store,0
14577567822,Charo 1222,3,Printer HP OfficeJet Pro 830e series,Llevo varios semanas con problemas con mi printer. Concuerdan desde que Apple empezó con una serie de actualizaciónes nueva. Por favor verifiquen pues hay problemas y creo no debo ser el único. Por favor.,26.3.1,2026-09-21T13:33:23-07:00,global,iOS App Store,0
14577548494,Lalina.1,4,Does okay,"So far does the job of printing out paperwork, but it does have a hard time reading my connection when I’m trying to connect from my phone",26.3.1,2026-09-21T13:26:22-07:00,global,iOS App Store,0
14577461110,ifwp,1,Printer will not run,Need assistance,26.3.1,2026-09-21T12:55:34-07:00,global,iOS App Store,0
14577457104,Polventura,5,Genial,Muy cómodo y impecable a la hora de imprimir.,26.3.1,2026-09-21T12:54:10-07:00,global,iOS App Store,0
14577368198,AK Altamimi,1,Slow,So slow,26.3.1,2026-09-21T12:23:37-07:00,global,iOS App Store,0
14577266496,StarsBucks Liker,1,Too complicated,It’s too complicated to use. I don’t understand why some functions are operated by your phone. I don’t like that I have to keep my subscription to continue to print (customer service told me I didn’t).,26.3.1,2026-09-21T11:49:44-07:00,global,iOS App Store,0
14577168738,Bahamas Sparker,4,Easy Scanning!,This basic scanner seems remarkably easy to use.,26.3.1,2026-09-21T11:17:14-07:00,global,iOS App Store,0
14577115098,Alexa GM19,5,Me encanta,Fácil de usar,26.3.1,2026-09-21T10:59:59-07:00,global,iOS App Store,0
14577038253,LakeGirl/Croire,1,Re-connecting,"I’m not sure what happens however, my printer frequently drops the connection set up to print through my Internet setting then it makes me choose the printer as my Internet to print through and does not connect through that does not connect through my Internet address and it frustrates me every single time I have to do this which is quite frequently just waiting to print one document and I am ready to just get a new printer because this is the tango which does not have a lot of functionality other than for quick printing in my mind and it’s driving me crazy.  It was never like that a few years ago.",26.3.1,2026-09-21T10:35:15-07:00,global,iOS App Store,0
14577005599,4LuvBugs,1,Doesn’t Recognize Poor Printing Issues,"I have a fairly new like six months old. He looked pack the printer and I’m having major print issues so I decided to download the app to see if that would help and it did not have at all. It shows the ink is full, but the printer is very faded with brand new and cartridges and I don’t see how the app does not recognize that.",26.3.1,2026-09-21T10:25:02-07:00,global,iOS App Store,0
14576987017,JennFranco,1,No me gustó para nada,"No me gustó para nada la impresora q compré. Se traba muchísimo. No puedo imprimir nunca. Y la aplicación no está nada amigable, no ayuda a resolver nada.",26.3.1,2026-09-21T10:19:14-07:00,global,iOS App Store,0
14576977308,jtb1234567890123,1,Average,Can’t delete a printer from the app. Can’t even find where to put the paper in my new printer. Who designs these.,26.3.1,2026-09-21T10:16:10-07:00,global,iOS App Store,0
14576967134,BriSCarson,5,Easy/Quick Set up,"So far, so good. I can appreciate the cheap subscription for ink. Set up was good too. Printers does what I need!",26.3.1,2026-09-21T10:13:00-07:00,global,iOS App Store,0
14576936383,GaijinLatino,1,Can’t scan,Trying yo scan but don’t know were is my document,26.3.1,2026-09-21T10:03:28-07:00,global,iOS App Store,0
14576928749,Buby1704,5,Comoda,Ottimo,26.3.1,2026-09-21T10:01:05-07:00,global,iOS App Store,0
14576919931,Never again HP!!!111,1,Inconsistent performance,Laser printer randomly decides to not connect to scan or connect for some reason only known to HP. Junk.,26.3.1,2026-09-21T09:58:22-07:00,global,iOS App Store,0
14576774232,Isabel salmeron,5,Muy contenta,Muy fácil imprimir muy contenta con la aplicación,26.3.1,2026-09-21T09:14:20-07:00,global,iOS App Store,0
14576433228,Cucyyvvyvj,4,I’m just going to get some more food and I’ll get the rest when I,Kick it with the best in a few years and,26.3.1,2026-09-21T07:33:37-07:00,global,iOS App Store,0
14576425219,Vaquiler,5,Impresora,Me a encantado como se ha escaneado,26.3.1,2026-09-21T07:31:17-07:00,global,iOS App Store,0
14576292409,1941jaw,3,Features,Need more How To videos. Set up is not easy because I don’t know what feature to use and its value or limits.,26.3.1,2026-09-21T06:52:05-07:00,global,iOS App Store,0
14576278253,clo37573,5,Great,Love the app,26.3.1,2026-09-21T06:47:51-07:00,global,iOS App Store,0
14576044537,sh9040,5,Good,Good,26.3.1,2026-09-21T05:35:50-07:00,global,iOS App Store,0
14575770121,Petch123,5,Great,Easy to use,26.3.1,2026-09-21T04:00:59-07:00,global,iOS App Store,0
14575702130,Elk959,1,Numérisation,Avant on pouvait tout faire avec l’application mais on dirait que chaque année il modifie quelle imprimante est éligible ou pas à certaines fonctionnalités on va pas acheter des imprimantes tous les chaque matin,26.3.1,2026-09-21T03:34:34-07:00,global,iOS App Store,0
14575539142,MNIKOU,5,Wonderful Application,"September 21, 2026

Have used this app for many years. Simple and very effective! Recommend it!",26.3.1,2026-09-21T02:25:46-07:00,global,iOS App Store,0
14575426277,Michou1954,5,Imprimante,Super,26.3.1,2026-09-21T01:34:01-07:00,global,iOS App Store,0
14575086367,Efgbcuicasujbkkiufxdujvxryjh,1,WiFi connection never works,I regret not buying a Brother. My las Brother always worked. HP akways has isdues with WiFi connection. It is a complete disaster,26.3.1,2026-09-20T22:52:29-07:00,global,iOS App Store,0
14575049862,Lydia Cameron,5,HP help ! I cannot have done it alone !! Shortcuts set up for everything my new biz needs!,GRATEFUL! It was easy; now my new biz has all the pro set up! Thanks for the help from HP!,26.3.1,2026-09-20T22:34:56-07:00,global,iOS App Store,0
14575016660,Tiat229,1,Brand new pronter,I used to love hp but I bought a brand new printer and it does not print,26.3.1,2026-09-20T22:19:16-07:00,global,iOS App Store,0
14575015355,Co26$7,1,Worst Printers,Zero,26.3.1,2026-09-20T22:18:43-07:00,global,iOS App Store,0
14574919961,Tserrat85,5,Hola,Muy fácil de usar la verdad es lo q necesitaba no es tan cara como otras marcas espero q en los cartuchos uno no sea tan caro y dos difíciles de conseguir y q sean durables,26.3.1,2026-09-20T21:34:03-07:00,global,iOS App Store,0
14574873402,alexavega588,5,10/10,Me encanta lo fácil que es imprimir desde esta aplicación y los imprimibles didácticos que tiene disponibles para cualquier cosa,26.3.1,2026-09-20T21:12:34-07:00,global,iOS App Store,0
14574797847,"Muy, bueno",3,Aplicación lenta,Se traba mucho la aplicación,26.3.1,2026-09-20T20:38:13-07:00,global,iOS App Store,0
14574743773,qawertyuhiop,1,Won’t print,"Well it’s connected, sends the file to the printer but never prints. Brand new out the box.. not working",26.3.1,2026-09-20T20:14:25-07:00,global,iOS App Store,0
14574521602,Euphitone,1,Incredibly difficult.,Read the title.,26.3.1,2026-09-20T18:43:22-07:00,global,iOS App Store,0
14574502953,@l31y,5,Muy recomendable,"Excelentes impresiones, facilita muchas cosas",26.3.1,2026-09-20T18:36:01-07:00,global,iOS App Store,0
14574378233,MruthAO,1,Too complicated,It sucks.,26.3.1,2026-09-20T17:47:37-07:00,global,iOS App Store,0
14574252522,Trumpisasackofshit,1,How stupid and cumbersome,How could someone make something that should be so simple so totally cumbersome.  What a joke.  I used to be able to just print off my phone but hp considers this absurdity as progress,26.3.1,2026-09-20T16:57:55-07:00,global,iOS App Store,0
14574140906,Very disappointed x2,1,Very Disppointwd,I am very disappointed in HP right now!! I bought one of their ink printers 2 weeks ago and it still claims it’s not registered!! I need my printer!!,26.3.1,2026-09-20T16:12:45-07:00,global,iOS App Store,0
14573974950,Morthius,1,Una app obsoleta para una marca obsoleta,"En serio, no compréis nada de HP.",26.3.1,2026-09-20T15:06:34-07:00,global,iOS App Store,0
14573947021,Bugged1,1,Never works,"They make this app too complicated. When we 1st purchased the printer it worked. The printer constantly gives problems, there are always error messages even when reset and reconnecting. I’m sure it’s not user error as we never had issues before.",26.3.1,2026-09-20T14:55:42-07:00,global,iOS App Store,0
14573920953,Amy.a mee,4,Beeping,This annoying beep won’t stop no matter what I do/ awful nerves wrecking,26.3.1,2026-09-20T14:45:32-07:00,global,iOS App Store,0
14573824384,xinn_22,2,功能缺陷,没有可以设置一次性正反面打印的功能,26.3.1,2026-09-20T14:08:58-07:00,global,iOS App Store,0
14573784510,AprilReviews.com,1,"It says best of hp in on place, but it’s more like “pest of hp”","Don’t waste your money on a bad printer, but most of all, don’t waste your money on their printers and the app( not bad tho imao)",26.3.1,2026-09-20T13:54:18-07:00,global,iOS App Store,0
14573724374,luissenm,1,Muy lento,Muy lento el proceso / mejor es con cable entonces,26.3.1,2026-09-20T13:32:52-07:00,global,iOS App Store,0
14573695276,mammapigna83,1,Si blocca sempre,Il Wi-Fi è collegato ma ogni volta non arriva o si bloccca l’invio della stampante,26.3.1,2026-09-20T13:22:35-07:00,global,iOS App Store,0
14573642639,Trace j m,5,Printer,"5 start , very easy to use",26.3.1,2026-09-20T13:04:24-07:00,global,iOS App Store,0
14573506155,Printer pictures,1,Printer,It’s confusing to set up and use from my phone and is very slow. Disappointed with this printer. I have always only bought hp products,26.3.1,2026-09-20T12:19:05-07:00,global,iOS App Store,0
14573213496,Adjektiven,5,Funktioniert perfekt,"Die App ist super, mein Drucker funktioniert auch perfekt. Auch von unterwegs kann ich meine Dokumente ausdrucken und es ist alles tip top.",26.3.1,2026-09-20T10:48:17-07:00,global,iOS App Store,0
14572894023,TheGabry07,1,non si collega a niente,l’app non si collega alla stampante e non si collega ai file ne del telefono ne del computer ne di qualsiasi altro dispositivo io abbia,26.3.1,2026-09-20T09:16:27-07:00,global,iOS App Store,0
14572795197,Munchermos,1,Printer that won’t print.,"Purchased the HP Deskjet 2925 at a local target because my wife & I needed a printer for our new home. It was on sale, so i thought I’d give it a chance. One app later, an hour of fighting the printer, turning it on & off again, i finally got the documents i needed, only now im running late to what i needed them for. Thanks HP for making a printer that makes it almost impossible to print without fighting it.",26.3.1,2026-09-20T08:49:23-07:00,global,iOS App Store,0
14572772000,yedmely,5,HP SCANNER,Hp scanner c’est super pratique.,26.3.1,2026-09-20T08:42:54-07:00,global,iOS App Store,0
14572495897,Deer Island Or,1,Printer cartridges AND paper,"If you were going to force us to buy your products, then you need to make the cost comparable to generic product products.",26.3.1,2026-09-20T07:27:48-07:00,global,iOS App Store,0
14572010075,RossTruck,1,Now a Useless Printer,"Since this update, my HP 3772 only prints 1 row across at a time & takes several minutes before it prints another line.
No control & no way to search for quiet mode, which does not exist.",26.3.1,2026-09-20T05:06:03-07:00,global,iOS App Store,0
14571951587,tomasrvigo,4,Completa,Una app muy completa para tus necesidades con tus dispositivos HP. Echo en falta algún aspecto más de personalización.,26.3.1,2026-09-20T04:46:43-07:00,global,iOS App Store,0
14571855015,Varliukas05,1,HP Smart Tank 7305,Wi-Fi Direkt bricht Druck immer mitten in der Seite ab.,26.3.1,2026-09-20T04:13:26-07:00,global,iOS App Store,0
14571752099,Sidnei_2045,5,Bom app,Cumpre o que promete.,26.3.1,2026-09-20T03:35:03-07:00,global,iOS App Store,0
14571689805,Feuer11286,5,Super,"App ,super übersichtlich, einfach zu bedienen",26.3.1,2026-09-20T03:11:04-07:00,global,iOS App Store,0
14571642985,S3mme,1,Funktioniert nicht,"Kaufen Sie sich kein HP Drucker! Die App und die Geräte sind so schlecht, dass sie auf 2,4 GHz laufen. Außerdem funktioniert die App nicht und die Hilfe Funktion ist ohne Funktion.
Kurz gesagt lohnt sich nicht.",26.3.1,2026-09-20T02:52:23-07:00,global,iOS App Store,0
14571557988,pieffedesign,5,Ottima,"Ottima applicazione veloce e intuitiva
www.vento-tecnologia.com",26.3.1,2026-09-20T02:17:48-07:00,global,iOS App Store,0
14571499847,fort deçu,1,Trop compliqué,"Je regrette l’achat, l’imprimante n’a pas toutes les options d’impression… compliqué a configurer… bref mauvais achat",26.3.1,2026-09-20T01:54:05-07:00,global,iOS App Store,0
14571449038,SBrowniefam,1,Double side printing,No double sided option,26.3.1,2026-09-20T01:32:59-07:00,global,iOS App Store,0
14571406008,Vois pas clair,1,´,´,26.3.1,2026-09-20T01:15:16-07:00,global,iOS App Store,0
14571301078,Lorena 💛,5,Excelente,Estoy maravillada con esta impresora es lo máximo !,26.3.1,2026-09-20T00:30:18-07:00,global,iOS App Store,0
14570906459,yuri CJ,1,Te cobran suscripción para usar tu impresora,Es una tontería que tenga que pagar mensualmente por usar un producto que ya compré.,26.3.1,2026-09-19T21:30:44-07:00,global,iOS App Store,0
14570296986,Force awakened 123456789,3,Difficult photo printing,It is difficult to pick how large your photo will print. It would be great if it let you adjust the size of the photo instead of having you drag the corners/sides. I hope they change this in an update.,26.3.1,2026-09-19T17:22:58-07:00,global,iOS App Store,0
14570066796,Eazy Audio,5,HP App,"Great app very easy to use prints from phone or anywhere..,",26.3.1,2026-09-19T15:49:30-07:00,global,iOS App Store,0
14569992888,Sugarplum Dahl,3,Suggestion for Editing,"It would be nice to be able to edit the photos and paper layout to be printed in this app, rather than have to do everything on a separate software & then send that file to this print app.  I wanted to print (3) 3x3 photos on one sheet of photo paper but was not able to do that using only this app. I had to use 3 separate sheets of paper & manually cut the photos out to place them how I want them.",26.3.1,2026-09-19T15:19:39-07:00,global,iOS App Store,0
14569961260,Servimax,1,Una autêntica  mierda!!,Un asco de app. No se puede ni copiar,26.3.1,2026-09-19T15:07:07-07:00,global,iOS App Store,0
14569895708,Tink564,1,Orienter unable toprint,Cannot print direct lu from iPad required to go thé HP app or change wifi to peintre,26.3.1,2026-09-19T14:41:17-07:00,global,iOS App Store,0
14569751597,User 12351,1,Update rendered my printer useless,"After updating my app, my app started crashing whenever I sent a job to my printer. I love when a software bug makes the printer that costs more than a thousands dollars junk. 😇",26.3.1,2026-09-19T13:46:45-07:00,global,iOS App Store,0
14569710434,Mr. Mistake_,1,Conectarla es un caos,"Tengo una impresora serie 2875, cuando la configure nueva sin problemas lo único es que gasta demasiada tinta…
Y ahora 1 año después, me pidió actualizaciones de drivers y no sé qué tanto que ya no puedo imprimir a través de wifi ni conectarme imprime como quiere agarra me da 3 hojas y solo mandé 1",26.3.1,2026-09-19T13:31:36-07:00,global,iOS App Store,0
14569531729,Mgb12345?!$,1,Always a problem,Every time I try to use the printer there is a problem.,26.3.1,2026-09-19T12:29:39-07:00,global,iOS App Store,0
14569436807,Pattiee McTavish,1,this app sucks,"their printers suck, their service sucks, and everything about them is terrible. save yourselves",26.3.1,2026-09-19T11:58:28-07:00,global,iOS App Store,0
14569192147,Aurigenesis,1,New Printer Still Doesn’t Work,"I received my OfficeJet Pro today and haven’t been able to print a single document. I tried connecting directly to my computer and from my phone. I made sure every device was on the 2.4 GHz Wi-Fi band, same as my previous HP Envy 6000, which had similar issues. But still nothing works. After all that setup, this has been a complete waste of time.",26.3.1,2026-09-19T10:41:15-07:00,global,iOS App Store,0
14569135738,Sasaf127,3,تعليقات الطابعة كثيررة,ارجو حل المشكلات,26.3.1,2026-09-19T10:24:10-07:00,global,iOS App Store,0
14568925912,Portelajmp,1,Terrible app,Terrible app. Its main purpose is to sell you cartridges and printers not to help you use your printer,26.3.1,2026-09-19T09:22:28-07:00,global,iOS App Store,0
14568905637,Higginshead,5,Better than expected,I had all kinds of problems but the HP app helped me out.,26.3.1,2026-09-19T09:16:33-07:00,global,iOS App Store,0
14568867473,Jessdom19,1,Escáner no funciona,No me deja usar el escáner de mi impresora desde la app,26.3.1,2026-09-19T09:05:39-07:00,global,iOS App Store,0
14568733949,Jugnoo ooo,1,Very slow time wasting,I waste my money on this printer everytime i need to use it takes more then 15 minutes to print out and then i m seeing there is no print everytime it waste 5 paper then print 1,26.3.1,2026-09-19T08:27:55-07:00,global,iOS App Store,0
14568489433,Lexi666&3’r,1,Horrible,Never works. Can never connect or print,26.3.1,2026-09-19T07:20:23-07:00,global,iOS App Store,0
14568436497,Silva Fiama,5,Bom,Deveria haver a opção de frente e verso no app,26.3.1,2026-09-19T07:05:54-07:00,global,iOS App Store,0
14568306215,Hgt28,1,Fonction scan recto verso ?,Pas de fonctions scan recto verso pour réarranger automatiquement ? Il semble devoir le faire manuellement …,26.3.1,2026-09-19T06:29:35-07:00,global,iOS App Store,0
14567887305,pezzipgm,5,Stampante laser,Stupenda super,26.3.1,2026-09-19T04:19:04-07:00,global,iOS App Store,0
14567861021,villa kunta kinte,5,Einrichten,War sehr zufrieden Ging zügig,26.3.1,2026-09-19T04:09:52-07:00,global,iOS App Store,0
14567622116,Igfxtray,1,Worst app,So frustrating to use. Any click takes ages to respond,26.3.1,2026-09-19T02:39:59-07:00,global,iOS App Store,0
14567396462,Maxxlolo,5,Printer easy,I love how everything is organized and easy to you. Thank you 🤗,26.3.1,2026-09-19T01:10:20-07:00,global,iOS App Store,0
14567196461,Hp sucker,1,Printing,Printer works for a couple months than it stops working,26.3.1,2026-09-18T23:49:00-07:00,global,iOS App Store,0
14567118299,Hhfvv,5,I don’t really want to sign in so that’s how I love it,Love it,26.3.1,2026-09-18T23:16:08-07:00,global,iOS App Store,0
14567071012,ATT prepaid user,1,Broken app,"Always logs me off. Very unintuitive. Can’t do document scanning from printer. The old app was way better. The development team needs to be fired. Can’t you guys make one simple app that prints and scans. Is it too much to ask. Should I always spend 1 hour for print and scan job. How many times should I restart my computer, printer, router. How about you guys take a fresh start and quit your job.",26.3.1,2026-09-18T22:55:58-07:00,global,iOS App Store,0
14566591853,UtahStorm,5,Vintage baby photo,Very clear,26.3.1,2026-09-18T19:34:12-07:00,global,iOS App Store,0
14565974041,Scam2155,1,Scam,Complete scam. So I buy the printer. I buy the paper. I pay for your instant ink so essentially I pay for the ink cartridges. Then I get a $200 charge for USING my printer?  How is that legal?  The instant ink plan. Ok. I get that. But I’m literally using MY printer. MY paper. MY  ink oh and MY electric and WiFi. SO HOW DO I OWE YOU 200 for using my printer???,26.3.1,2026-09-18T15:35:35-07:00,global,iOS App Store,0
14565953066,Mdjxjdorjanxo,1,Scam.,"Horrible printer company nonsense. Scam company really. Haven’t been able to print a single document for months, just cancels my prints. Worked one time, then stopped working.",26.3.1,2026-09-18T15:27:20-07:00,global,iOS App Store,0
14565908440,David ink,5,Hp deskjet 4300,Five stars,26.3.1,2026-09-18T15:09:46-07:00,global,iOS App Store,0
14565862958,gysos@,3,Muy complicada y mucho trabajo para encontrar la Wi-Fi,Creo que una vez que ya se vincula una impresora a una Wi-Fi y un móvil esta debería de estar ya vinculada no no debería de entrar a la aplicación todo el momento para volver a vincularla,26.3.1,2026-09-18T14:52:08-07:00,global,iOS App Store,0
14565835289,Plaza del Río,1,"No sé porqué compre esta marca, puros problemas",No compren están marca no sirve,26.3.1,2026-09-18T14:41:24-07:00,global,iOS App Store,0
14565759339,Pidder22,1,Unübersichtliche App,"Es ist nicht möglich, ein Dokument in DIN-A fünf zu drucken , diese Größen sind einfach nicht hinterlegt",26.3.1,2026-09-18T14:12:40-07:00,global,iOS App Store,0
14565373234,Shahz1985,5,Excellent app,"It’s not often that I would give five stars to an app associated with a printer / hardware but this really does work flawlessly with my OfficeJet Pro 6960, and makes it a better printer even",26.3.1,2026-09-18T11:55:15-07:00,global,iOS App Store,0
14565295978,RosyK21,1,Horrible and DOES NOT HELP,"I’m 21 and pretty technologically savvy, but HP has the absolute worst printers and troubleshooting I’ve ever used. The app is no help, cannot give you any straight answers nor a way to contact anyone for help. 0/5, makes me angry:/",26.3.1,2026-09-18T11:29:35-07:00,global,iOS App Store,0
14564543390,Jen Beeee,1,Katastrophe,"Der Drucker und die App funktionieren nur, wenn sie es möchten. Ich hatte noch nie solche Kopfschmerzen bei einem Drucker wie die von HP. Ständig muss er neu eingestellt werden und die App hilft mir nicht wirklich dabei.",26.3.1,2026-09-18T07:42:42-07:00,global,iOS App Store,0
14564432466,IdaKatt0507,5,Smidigt,Väldigt lätt och smidigt att installera,26.3.1,2026-09-18T07:11:47-07:00,global,iOS App Store,0
14564223714,Jakey12798,1,Feature removed,I used to be able to scan from my printer using the app but this seems to have been removed which now makes the app pointless for me.,26.3.1,2026-09-18T06:12:14-07:00,global,iOS App Store,0
14563922836,Ramamnnnn,1,Sehr schlechte,Immer das selber Problem drücker nicht gefunden oder verbindet aber kann man nicht scannen,26.3.1,2026-09-18T04:39:42-07:00,global,iOS App Store,0
14563904757,Ruyddrick,1,Inservible,"No sirve para nada, un chat de soporte que no da soluciones y es imposible conocer el recuento de páginas de las subscripción.",26.3.1,2026-09-18T04:33:47-07:00,global,iOS App Store,0
14563727708,hamo1990,3,Photo scaner,"Digitalizing photo is painful you have to do it one by one other printer do multiple photos at once even cutting them for you 
Other than that it’s good app",26.3.1,2026-09-18T03:31:45-07:00,global,iOS App Store,0
14563540463,Shabba Ranked,4,Einstellbares Format Ausdruck,Man kann Fotos und Dokumente formatieren und die Position auf dem A4 durch verschieben auswählen. Gut für Post etiketten,26.3.1,2026-09-18T02:16:14-07:00,global,iOS App Store,0
14563523231,Franz 04,1,Drucker funktioniert nie wenn man ihn braucht!,Ich bin total enttäuscht von diesem Drucker!,26.3.1,2026-09-18T02:08:51-07:00,global,iOS App Store,0
14563434469,Fernada20,1,imprime nada,Me marca que está impreso mi documento y no imprime nada,26.3.1,2026-09-18T01:29:25-07:00,global,iOS App Store,0
14563277780,N t69,5,Numérisation,"Fonctionne très bien, pratique",26.3.1,2026-09-18T00:17:17-07:00,global,iOS App Store,0
14562841737,Narutoyt1,5,Impresora hp,Exelente fácil de utilizar,26.3.1,2026-09-17T20:53:20-07:00,global,iOS App Store,0
14562839989,Sbux Obsessed,1,Not User Friendly,I’m trying to print pictures on photo paper and it’s making it complicated. None of my pictures are coming out exactly like the photos on my iPhone. It cuts off the body and zooms in on the face. I do not like this printer.,26.3.1,2026-09-17T20:52:33-07:00,global,iOS App Store,0
14562740862,So alow,1,Hard to connect to internet,We always have to go back and do the step by steps just to print something. And it takes forever. Really annoying,26.3.1,2026-09-17T20:08:18-07:00,global,iOS App Store,0
14562731577,Akki1993!,1,HP Deskjet 4255e,"This the worst printer I have ever seen. Worst design and not so intuitive.
I wasted my money.",26.3.1,2026-09-17T20:04:18-07:00,global,iOS App Store,0
14562611343,Cas_tiel_,1,HP Deskjet 2900,Horrible printer and app. Every time I try to print it says it’s not connected to the internet even though the wifi indicator is on.,26.3.1,2026-09-17T19:13:33-07:00,global,iOS App Store,0
14562565667,kkgoud,1,Worst model,This is the worst printer. Just waste of money.,26.3.1,2026-09-17T18:55:02-07:00,global,iOS App Store,0
14562524860,Owner.12,1,HP+,What a scam,26.3.1,2026-09-17T18:38:44-07:00,global,iOS App Store,0
14562453889,K9 Buster 🐶🐾,1,Don’t even work,This is like $250 printer straight out the box fresh and it even working don’t waste your money,26.3.1,2026-09-17T18:10:36-07:00,global,iOS App Store,0
14562399421,Bimkerly,4,A little difficult sometimes,"I wish I didn’t have to come to the app every time I need to print very occasionally doesn’t let me just send to the printer and select the printer and actually come out. It also takes a few minutes so sometimes I hate it’s not printing, but then it all of a sudden starts printing and sometimes I send to the HP app and then when I open it, it just shows me how much ink I have and stuff it does not show the document.",26.3.1,2026-09-17T17:49:05-07:00,global,iOS App Store,0
14562385076,Anelvisk,5,HP,Ótimo,26.3.1,2026-09-17T17:43:25-07:00,global,iOS App Store,0
14562234603,hereislene,1,Printer sucks,"I used to love this brand before the subscriptions not every time you turn on the printer it’s an issue just to simply use. If you use your printer everyday maybe this is great for you, this is not good for someone who only uses it when needed.",26.3.1,2026-09-17T16:43:54-07:00,global,iOS App Store,0
14562221246,SDson23,1,Never connects. So frustrating!,"This printer is the most frustrating printer I have ever used. It constantly needs to be reconnected. Even hardwiring only sometimes works. Also have to buy color and black cartridges together, which is ridiculous.",26.3.1,2026-09-17T16:38:32-07:00,global,iOS App Store,0
14562037107,carmelhoney59,3,Confusing!!!,Not impressed with all the hoops and circles with trying to g to figure out how to use my scanner!!!!,26.3.1,2026-09-17T15:24:48-07:00,global,iOS App Store,0
14562031053,Loverrr blox,5,Ótimo app,"Melhor aplicativo para imprimir, aplicativo super responsivo, avisa tudo que acontece com a impressora e nunca me deu problema",26.3.1,2026-09-17T15:22:20-07:00,global,iOS App Store,0
14561994228,SandyB19,5,Iron one,I’m just figuring everything out. So I started with iron one with pictures of my dog Mavis and my cat Gabby. Printed perfect. I see a t-shirt with them on it soon.,26.3.1,2026-09-17T15:07:43-07:00,global,iOS App Store,0
14561828264,Chigusa Oda,3,Great little printer,"but I find that it seems like the only/best way to print is through the app instead of direct to print. All of this is done wirelessly, so that helps, but canceling a print job seems to be done only on the printer, physically",26.3.1,2026-09-17T14:03:38-07:00,global,iOS App Store,0
14561812743,Mary2001$$,5,Hp deskjet 4255e,I like it,26.3.1,2026-09-17T13:57:45-07:00,global,iOS App Store,0
14561801484,Ramirorios,5,Exelente,Esta aplicación esta súper 100% recomendada yesss.,26.3.1,2026-09-17T13:53:33-07:00,global,iOS App Store,0
14561786800,Alltakennames,5,Life saver,What a great little app and printer. I love all the features and it’s so easy to use,26.3.1,2026-09-17T13:48:03-07:00,global,iOS App Store,0
14561784015,F.U. Jones,1,Sucks!!!!!!,Overly complicated and a cash grab,26.3.1,2026-09-17T13:47:01-07:00,global,iOS App Store,0
14561781865,Chārl,1,Air print ne fonctionne pas,Je dois passer par l’application pour imprimer…,26.3.1,2026-09-17T13:46:13-07:00,global,iOS App Store,0
14561766161,Czchagas,1,Informe,"O app esta pessimo, imprimindo 1 folha por vez… nao tem mais opções de imprimir varias de uma vez, fica dando erro. Pessimo!!",26.3.1,2026-09-17T13:40:24-07:00,global,iOS App Store,0
14561745405,Taylor Vanae,5,iPhone Printing,Works great!,26.3.1,2026-09-17T13:32:41-07:00,global,iOS App Store,0
14561731590,"Zak, Chicago",5,Great,It’s easy. Means the world.,26.3.1,2026-09-17T13:27:39-07:00,global,iOS App Store,0
14561629011,Horrible Wi-Fi system,1,Horribly complex printer settings for Wi-Fi,I spent six hours with an AI robot and failed. Then I spent another hour with AI after changing my Wi-Fi password. Finally had a live agent during business hour for 41 minutes. HARSHA was great and could see my screen and he Finally got it working. Hurray for HARSHA,26.3.1,2026-09-17T12:50:49-07:00,global,iOS App Store,0
14561617319,Lisette42450,4,Incroyable,Dommage on ne peut pas mettre plusieurs image sur une feuille,26.3.1,2026-09-17T12:46:40-07:00,global,iOS App Store,0
14561473808,Nocatfishforme!,1,Hard to use!!!,Can never connect to the wireless I constantly have difficulty with it!!!,26.3.1,2026-09-17T11:57:03-07:00,global,iOS App Store,0
14561383052,b-slo,5,Great app,"I wish HP office software worked anywhere as good as the Apple software does, just linking up to computers, laptops, etc., and doing the job",26.3.1,2026-09-17T11:26:24-07:00,global,iOS App Store,0
14561310474,Rolf Die,1,Wird nicht gedruckt,Sehr schlecht,26.3.1,2026-09-17T11:02:37-07:00,global,iOS App Store,0
14561178632,clairesque,1,Super slow and constantly freezes,Basically unusable,26.3.1,2026-09-17T10:20:09-07:00,global,iOS App Store,0
14561160711,C.Bossog,5,"Super, ohne Probleme",Auch mit dem Handy super schön und einfach gedruckt,26.3.1,2026-09-17T10:14:30-07:00,global,iOS App Store,0
14561125563,FrankRiverJr,1,Not worth it,Printer printed like 10 pages and stopped working,26.3.1,2026-09-17T10:03:30-07:00,global,iOS App Store,0
14561121399,Frodo T Bagginz,5,Fantastic App!,"This is easily one of the best printing apps I have ever used. Extremly user friendly, even for the not so tech savvy. Tons of orations available for editing any images, documents, etc. they have proven to be extremely useful and i highly recommend this application to anyone!!",26.3.1,2026-09-17T10:02:11-07:00,global,iOS App Store,0
14561080644,Lady Losing her mind,2,Frustrating,"I don’t use it often. A few times a month & when I need to use it it’s like pulling teeth. “ Paper size not correct, ink cartridge issue, printer busy, printer bot found.” Whole time nothing is really the issue. It just decides to work on the 50th time, not the first, or even second. It’s exhausting! Getting toddlers who despise the color greens got to be easier than relying on this printer.",26.3.1,2026-09-17T09:49:31-07:00,global,iOS App Store,0
14560939659,That baller40,1,Doesn’t work,"Plain and simple, doesn’t work",26.3.1,2026-09-17T09:06:44-07:00,global,iOS App Store,0
14560842304,yelp fails again,1,It works different than it used to,"Edit Sept 2026. Have two 8025e. One on subscription plan, other using generic cartridges; both suck. Wasting pages due to imaginary errors that print document twice, unable to flatbed scan to iPhone using HP App; forced to use document feeder. Sad that HP fails at what they had mastered20 years ago. Do not recommend. 
HP OfficeJetPro 8025e, fresh from box refused to print direct from iPhone and insisted on printing via WiFi router over the network. This meant I couldn't print from the third of my house with a weak WiFi but what the heck. After March 2026 firmware update, the printer refused to print over network so I downloaded this app. It resized MS Word document from 2 to 3 pages and wants to give me arcade games, and other stuff when I just do t want to waste more than 15 seconds of my time printing a document that looks like I expect it to. Wish I'd kept my LaserJetIII. That printer was a bulletproof tank when you knew how to write print drivers. Update 2026, still two star; HP App not ready for prime time. Scan Display shows pdf: Basic, size: Medium. No ""Continue"" button visible until you reselect highlighted values. Hidden buttons are not a good design feature.",26.3.1,2026-09-17T08:37:35-07:00,global,iOS App Store,0
14560769259,GulfofMexicoGirl1989,5,Little Workhorse,"We don’t use our printer often, but it is amazing…so easy to use and copy is perfect. I love this little thing!",26.3.1,2026-09-17T08:16:08-07:00,global,iOS App Store,0
14560566512,MadhurimaKez,1,Pathetic,Prints aren’t coming,26.3.1,2026-09-17T07:18:13-07:00,global,iOS App Store,0
14560351787,HaileyNW97,1,Connection issues,Everytime I use my printer it has connection issues,26.3.1,2026-09-17T06:16:15-07:00,global,iOS App Store,0
14560193112,Sergio591,4,Hp,Très dur à mettre en place le wifi sur les appareils mobiles et pc et les imprimantes ça tombe vite en panne après la garantie c’est la dernière fois que j’achète hp,26.3.1,2026-09-17T05:28:43-07:00,global,iOS App Store,0
14560114928,Fita81,5,Genial,Me ha encantado la experiencia de impresión con la app,26.3.1,2026-09-17T05:04:30-07:00,global,iOS App Store,0
14560089697,Lena Oen,5,Sehr gut,Sehr gut,26.3.1,2026-09-17T04:56:27-07:00,global,iOS App Store,0
14559977748,yoursjd,2,"Issue in printing when Black and Gray is selected . However when selected Color, Black prints better",Even though both original cartridge of color and black. When selected color we get better print out but not when selecting either Gray or Black from HP Printer app and from IPhone.,26.3.1,2026-09-17T04:19:32-07:00,global,iOS App Store,0
14559746485,Shambhu19,1,Worst class of printers and apps,Worst class of printers and apps,26.3.1,2026-09-17T02:50:12-07:00,global,iOS App Store,0
14559744463,hafidhya,5,function and nice to use,good,26.3.1,2026-09-17T02:49:19-07:00,global,iOS App Store,0
14559527707,Azhardaznailz,5,Works,right as rain. Especially the remote print version via the HP app is too convenient for words. Brave (not so)New World,26.3.1,2026-09-17T01:09:31-07:00,global,iOS App Store,0
14559519933,VxT53,1,Répertoire,"Le répertoire HP, sur lequel je me retrouve à sauvegarder par erreur des documents est inutile et introuvable…..",26.3.1,2026-09-17T01:05:46-07:00,global,iOS App Store,0
14559299593,virlohi,1,Peor imposible!!!!,"Siempre tiene fallos, antes escribo la copia a mano.",26.3.1,2026-09-16T23:19:22-07:00,global,iOS App Store,0
14559166043,ddmmcc12,3,Reseña,"Aveces funciona bien, así como aveces se bugea mucho la app.",26.3.1,2026-09-16T22:15:20-07:00,global,iOS App Store,0
14559036430,Thee_jasmine,1,🤦‍♀️,App glitches too much. Does not connect to printer. Can’t speak to anybody through the app and have to reset Wi-Fi connection constantly.,26.3.1,2026-09-16T21:14:18-07:00,global,iOS App Store,0
14558958587,Facemoji Fan 69,2,hard to use,extremely hard to use until explained in full by google,26.3.1,2026-09-16T20:38:35-07:00,global,iOS App Store,0
14558808003,LmJ96!,1,Printer,Took forever to print,26.3.1,2026-09-16T19:33:27-07:00,global,iOS App Store,0
14558666528,RaptorsBlood,1,Worst printer ever,Between needing to have a subscription for ink or something else this printer and app is useless. Never feeds paper right never sends anything to print easily from my phone or computer constantly have to baby the printer or the app to get it to use,26.3.1,2026-09-16T18:36:22-07:00,global,iOS App Store,0
14558622289,Aurza,5,As Advertised,HP Customer support is. Excellent.,26.3.1,2026-09-16T18:19:03-07:00,global,iOS App Store,0
14558579021,Pharrout,1,Junk!,"Called support line for setup assistance to be disconnected. Figured it out I thought, until I authorized a firmware update… now won’t print and screen displays setup not complete?!? I just wanted a basic reliable printer. This thing has printed the initial setup page and is now down to 75% black ink. It is super duper good at wasting ink as it has cleaned the print head every time I have attempted to print something unsuccessfully. WOW. Guess I’ll be wasting more of my valuable time in the near future with support after already investing $250.00 for the initial purchase… BOO HP!",26.3.1,2026-09-16T18:02:12-07:00,global,iOS App Store,0
14558448636,LB Buf,1,Worst printer ever!,I’ve only had problems ever since I bought this brand of printer! It is soooo unreliable and I’m ready to toss it in the garbage!,26.3.1,2026-09-16T17:10:19-07:00,global,iOS App Store,0
14558436994,Happiestwhatever,5,Life saver,I have so many responsibilities being an advocate for myself and my children as a single mother. Being able to save time and money has is the best compliment I can give this experience after purchasing my hp printer. Easy to use and stress free,26.3.1,2026-09-16T17:05:44-07:00,global,iOS App Store,0
14558304904,DrCarl52,5,Love my HP PRINTER & ink plan,"You CANNOT BEAT the quality, the low priced ink plan ,nor the support !  THEY ARE GREAT !!!!",26.3.1,2026-09-16T16:12:13-07:00,global,iOS App Store,0
14558215786,madame_highsea,1,"Only works once in a while, not worth the hassle .","At first it will work. Then it will have issues sensing paper, tell you it’s jammed, out of ink, whatever. Support isn’t helpful. This is my second printer with them and I can only blame myself for thinking it was my first one just having issues. This has been 7 years with the same issues. I’m over it.",26.3.1,2026-09-16T15:36:17-07:00,global,iOS App Store,0
14557993112,I wanna kms thanks to hp,1,Least user friendly experience,This app and the printers are the hardest things I use in my life. Nothing works and nothing is easy. Why do we lock down printers more than the White House? It’s impossible to get this thing to work and it’s even more impossible to find any useful information on how to connect to their stupid printers. -100 stars. Every time I use this god forsaken app or printer I want to beat it with a baseball bat. I hate you hp.,26.3.1,2026-09-16T14:08:35-07:00,global,iOS App Store,0
14557864614,coffeeliver15,1,This app,I hate it!! Unable to use my laptop with out this stupid app - what ever happened to to turn on computer and printer is connected,26.3.1,2026-09-16T13:20:53-07:00,global,iOS App Store,0
14557808594,Cuttyrankings,5,Hp,Good,26.3.1,2026-09-16T13:00:50-07:00,global,iOS App Store,0
14557765883,John’s MacBook Pro,5,I love this app,"This app is so easy to use, consistent and reliable! I love the options and how quickly it is to navigate. Thank you so much for keeping this product. A first choice for me!",26.3.1,2026-09-16T12:45:55-07:00,global,iOS App Store,0
14557752616,Ayanjee,1,Works Finicky and Colors are SO OFF,"This updated version of HP is SO TEMPERAMENTAL! When I try to print my stickers, the app will start loading the image but then immediately disappear and the app will close out by itself. I have to constantly log out of the app or turn my printer off and on again to make multiple prints. Even worse, the color settings will butcher the original colors of my prints! Everything prints out with the Brightness blasted so high and some hues just DO NOT translate!",26.3.1,2026-09-16T12:41:16-07:00,global,iOS App Store,0
14557500157,LSjnO,1,Usel,Usel,26.3.1,2026-09-16T11:16:30-07:00,global,iOS App Store,0
14557417480,Issalike,1,The worst printer I’ve ever owned,See above title,26.3.1,2026-09-16T10:49:40-07:00,global,iOS App Store,0
14557364037,stayintheline,5,Wow!!!,Great service,26.3.1,2026-09-16T10:32:31-07:00,global,iOS App Store,0
14557224744,Bien jugado Efraín pumas,5,Sirve,Sirve,26.3.1,2026-09-16T09:49:06-07:00,global,iOS App Store,0
14557213233,"Wenche, aka Farmor",5,My printer,"It’s making printing from my iPhone’s a breeze, love it , I’m happy...💕",26.3.1,2026-09-16T09:45:37-07:00,global,iOS App Store,0
14557136031,happydigga,5,Intuitiv,Lässt sich problemlos bedienen.,26.3.1,2026-09-16T09:22:11-07:00,global,iOS App Store,0
14557104223,Hpsuksyouknowhat,1,WiFi,I’ve never seen a brand that connects to wifi whenever it feels like it.  I printed easily 45 minutes ago.  Spent 20 minutes or more trying to print again.  All WiFi operating. But the stupid printer won’t connect.   I almost took a sledgehammer to it.,26.3.1,2026-09-16T09:12:37-07:00,global,iOS App Store,0
14557041250,Lifanur,5,İsmail,Abbas,26.3.1,2026-09-16T08:53:58-07:00,global,iOS App Store,0
14557023572,Barry U!,1,Not printing,The HP OfficeJet 5212. Totally will not print. Don’t know what’s wrong with the ink brand new printer not able to use.,26.3.1,2026-09-16T08:48:43-07:00,global,iOS App Store,0
14556957095,HansFranzia,1,How is this rated 4.7??,This app is awful. This printer is awful. Never works. App is unusable. I want to chuck the whole thing into a canyon somewhere.,26.3.1,2026-09-16T08:29:15-07:00,global,iOS App Store,0
14556806008,Raven rider 6767,1,Garbage,Worst app ever dont use this app it is garbage not able to process even 1 pdf,26.3.1,2026-09-16T07:46:13-07:00,global,iOS App Store,0
14556798412,SmartShenanigans,1,Bad Hp,Printer won't scan in color. I'm in Mexico and HP won't help me figure it out. Now the printer print very faded…,26.3.1,2026-09-16T07:44:05-07:00,global,iOS App Store,0
14556373011,Brooklyntree,1,Keeps disconnecting and can’t print from iPhone,Can’t believe I fell for it. I thought this would be a decent affordable option.,26.3.1,2026-09-16T05:42:06-07:00,global,iOS App Store,0
14556140470,Twinky2009,1,Terrible,"Loved the service when I signed up. Now months in, it’s a pain to print, there’s always a connection or server issue. It takes minutes to print pages and sometimes they don’t print at all. The glitches and delays are definitely going to have me cancelling my hp print subscription and just changing systems all together.  Highly do not recommend.",26.3.1,2026-09-16T04:30:00-07:00,global,iOS App Store,0
14556096817,SeanHunter24,3,Review,It could be easier to put photos on the same letter size piece of paper. Couldn’t figure it out today.,26.3.1,2026-09-16T04:15:41-07:00,global,iOS App Store,0
14555941763,Euro428,1,Impossible to Read,I have two documents where I cannot get it to print big enough to read. When I go to the screen that says I can change the size it won’t print. When I print it from the only one that will work it’s tiny and not legible.,26.3.1,2026-09-16T03:19:35-07:00,global,iOS App Store,0
14555754492,Al~fred,4,Speicher verwalten,"Zwei Probleme
Beim Scannen von vielen Bildern wird alter Speicher nicht freigegeben. 
Speichern von Fotos ist von der Bedienung sehr umständlich.",26.3.1,2026-09-16T02:02:49-07:00,global,iOS App Store,0
14555434032,kmcmillan2@icloud,1,Instant Ink Not printing color,It took more than 2 weeks to receive my starter kit. Now it’s here. App recognizes it but printer will not print in color.,26.3.1,2026-09-15T23:39:30-07:00,global,iOS App Store,0
14555189091,Jwhire,5,Great app,So far it’s great!!,26.3.1,2026-09-15T21:48:44-07:00,global,iOS App Store,0
14555162725,Saizter21,5,Excellent and Reliable Products,"I have been a HP customer, for as long as I remember. Perhaps, decades, ever since I decided to buy my first printer when I worked and lived in Muscat, Oman back in 2012. I moved to Ireland in 2016, bringing the same printer but buying the inks from Amazon UK as I didn’t realize that HP inks worked based on the world region you bought them from. Lol! Then finally when I moved here in the US in 2024, I decided to buy another HP printer and subscribe to their HP Ink Advantage Program. Perhaps, one of the best decisions I made. I no longer need to worry about buying inks, it keeps track for me. Sure, I have connectivity issues sometimes, but nothing like reconnecting my printer with my HP didn’t solve. Overall, I am happy with HP printers, HP app, HP account plus the Ink Advantage service that I am currently subscribed. I would highly recommend it to anyone looking for good value, durable as well as reliable printers for at home and personal use. Thanks, HP! Keep up the job well done! ⭐️",26.3.1,2026-09-15T21:37:04-07:00,global,iOS App Store,0
14555109364,JesusC666,1,Garbage,"Spent 2 hours with cell phone and laptop attempting to connect to printer over WiFi. I have given up, and will purchase a cable (not included, of course) tomorrow.",26.3.1,2026-09-15T21:13:57-07:00,global,iOS App Store,0
14555068179,Oobsterbay,1,Do not buy HP -both printer and app crashes.,"Your printer will become one large paper weight. HP forces you to use an app. The app constantly crashes, preventing you from ever being able to print. It’s awful. Once was a loyal HP consumer but I will never again buy their products. Waste of money.",26.3.1,2026-09-15T20:56:46-07:00,global,iOS App Store,0
14555032797,Nurrungar,5,It Works!,"Quite simply, the E2E functionality from Printer-Scanner through Home WiFi to iPhone is wonderfully intuitive; it simply works!!",26.3.1,2026-09-15T20:40:31-07:00,global,iOS App Store,0
14554967216,Never Eat Sour Watermelon,5,Camera scan is a game changer,The app is user friendly. It’s reliable. My favorite part is the camera scan…it’s soooo CONVENIENT!!!I’ve had to scan many large documents (10+pages) and HP has made it really simple.,26.3.1,2026-09-15T20:11:36-07:00,global,iOS App Store,0
14554940330,Bmikex4,1,I’m mad,Mad,26.3.1,2026-09-15T20:00:01-07:00,global,iOS App Store,0
14554886502,Eroll&$21,1,Ink sucks,Just got new ink and it’s saying it’s gone,26.3.1,2026-09-15T19:37:12-07:00,global,iOS App Store,0
14554874123,zfkdvgdj dikd,1,Printer Not Printing,I have a printer that’s printing blank pages. Just replaced the ink. I don’t use this printer everyday or even close to regularly so I don’t understand how it just stopped working. Printers SUCK!,26.3.1,2026-09-15T19:31:59-07:00,global,iOS App Store,0
14554796180,guest4177544,1,Junk,I have the hp5101 and the app.. this is the hardest thing to keep connected to WiFi.. as well as it often takes it 3 min to just print a single document if/when you can finally get it to print.. scanning documents is about the same way… snail speed for this whole setup..,26.3.1,2026-09-15T19:00:20-07:00,global,iOS App Store,0
14554781432,Angel Tony Tridiimas,5,Print quality,"I’m impressed I really like how this printer works my only complaint is the feed shoots to the floor, but I solved with a object underneath🤙",26.3.1,2026-09-15T18:54:21-07:00,global,iOS App Store,0
14554702520,Lori LLRF,5,Hp Envy 6155,"Soooo impressed!  I  set this printer up all by myself, considering I’m old, I’m shocked.  Even printed from my phone for 1st time!",26.3.1,2026-09-15T18:23:00-07:00,global,iOS App Store,0
14554682542,joeyjajajaja,5,Hp581,Ótima impressora,26.3.1,2026-09-15T18:15:13-07:00,global,iOS App Store,0
14554666834,cesar 1985,1,We should sue  them,"I’m sick of not being able to use my printer in any way I want it, I purchase it and form some stupid reason I got into signing up to pay for month which I never understood why I was guided to it, even that I’m trying to go back to my own ink still can’t utilize the machine. This needs to stop…!",26.3.1,2026-09-15T18:09:04-07:00,global,iOS App Store,0
14554324581,El hijo del sitio,1,Worst printer,"All paper jam , hard to print from my computer, worst mistake I did it",26.3.1,2026-09-15T15:52:43-07:00,global,iOS App Store,0
14554279933,dragonflish,1,Printer,"Nothing but headaches, paper jam requires major surgery can’t be fixed manually!!! I hate this printer",26.3.1,2026-09-15T15:34:46-07:00,global,iOS App Store,0
14554200919,59 francuzzo,5,Premio,Ottimo prodotto user friendly per un boomer come me,26.3.1,2026-09-15T15:03:18-07:00,global,iOS App Store,0
14554172783,Busy momma56,1,Won’t print!!,Can’t get it to work!Paper comes out blank!!,26.3.1,2026-09-15T14:52:09-07:00,global,iOS App Store,0
14554152371,Make free for all,1,Barley connects,It barely connects to printer,26.3.1,2026-09-15T14:44:05-07:00,global,iOS App Store,0
14554130238,norbertov,5,Y como es HP5100,"No es un avión, pero es confiable y ahorra mucha tinta, tengo 2 años con ella y estoy muy satisfecho.",26.3.1,2026-09-15T14:35:24-07:00,global,iOS App Store,0
14554122436,Elizaneth S,1,Cadê a merd do sacanear no app,CADÊ O BOTÃO PARA EU SCANNEAR QUE FOI SUBSTITUÍDO PELO BOTÃO  DE SCANNER POR FOTO PORR,26.3.1,2026-09-15T14:32:25-07:00,global,iOS App Store,0
14553962146,MessiJ,1,"On s’en fout de votre appli pourrie, on veut juste imprimer","On s’en fout de votre appli pourri, on veut juste imprimer",26.3.1,2026-09-15T13:31:48-07:00,global,iOS App Store,0
14553928822,taijitsuka62,1,Bof,Nul mal expliqué je préfère l’ancienne version,26.3.1,2026-09-15T13:19:39-07:00,global,iOS App Store,0
14553901766,Combhead,5,Good scan,Amazing camera scan,26.3.1,2026-09-15T13:09:47-07:00,global,iOS App Store,0
14553865061,OjaiSusan,5,So easy!,Thanks for making it easy to scan!,26.3.1,2026-09-15T12:56:34-07:00,global,iOS App Store,0
14553819046,Simply_Travel,1,Why is this so complicated,Brand new printer and almost never works,26.3.1,2026-09-15T12:39:43-07:00,global,iOS App Store,0
14553816234,Akanohema,1,Horrible,"Every time I need to print I have to own the app or it no longer prints also, I’ve ask for fraud reasons to remove the other printer but you refuse knowing it was hacked it’s distracting",26.3.1,2026-09-15T12:38:41-07:00,global,iOS App Store,0
14553714516,BobbyClu,5,Excellent Compact Printer,"This printer provides great service at home, high quality print, easy to use and excellent scanner. Most convenient.",26.3.1,2026-09-15T12:02:20-07:00,global,iOS App Store,0
14553590455,kjhgfdsac,5,Problemas,"Tem vezes que não consigo imprimir, fica dando erro ou não encontra a impressora",26.3.1,2026-09-15T11:18:35-07:00,global,iOS App Store,0
14553586381,ML Thangno,5,The first successful printing with my new hpofficejet pro 8138.Thanks. Today,ML Thangno,26.3.1,2026-09-15T11:17:11-07:00,global,iOS App Store,0
14553491907,S2324$$,5,printing scan,great,26.3.1,2026-09-15T10:44:46-07:00,global,iOS App Store,0
14553448960,johndavisxxx,1,"One of these HP air printers, always off-line?",These HP air printers are so frustrating to use. They’re usually not online. So I rebooted the printer and was able to print two pages. I found my third document and it would not print until I turned the printer on and off. Why can’t these things just be ready to use?,26.3.1,2026-09-15T10:30:11-07:00,global,iOS App Store,0
14553374747,Janice Ferguson,5,Im too old for this,I just do not know how to work the damn thing. Maybe they could add a bone I phone version,26.3.1,2026-09-15T10:05:35-07:00,global,iOS App Store,0
14553327306,Lilmammafhhijdhb,1,Sucks,would leave zero stars. Doesn’t work. whole printer was a waste of money,26.3.1,2026-09-15T09:50:05-07:00,global,iOS App Store,0
14553251773,Sassyjewel,1,Scanner feature not working,"After only a month of using the app, the scanner feature is not available on the app. Which is half the reason I bought the printer.",26.3.1,2026-09-15T09:25:44-07:00,global,iOS App Store,0
14553242003,Va all’inferno,1,Pessima,Quando é offline non si riesce mai a riattivare velocemente a volte non stampa mai,26.3.1,2026-09-15T09:22:36-07:00,global,iOS App Store,0
14553109396,kavigm,5,GRACIAS,MUY PRÁCTICO,26.3.1,2026-09-15T08:40:55-07:00,global,iOS App Store,0
14553053455,duweißtnichtwerichbinlol,1,Nicht zum empfehlen,Furchtbar schlechte Drucker und App,26.3.1,2026-09-15T08:23:42-07:00,global,iOS App Store,0
14553032509,Cheapassitalian,5,HP Smart app scan,Great app! I can scan from anywhere.,26.3.1,2026-09-15T08:17:18-07:00,global,iOS App Store,0
14552905514,Noquedanapodoslibresoque?,5,Recomendable,"Tenía mis dudas porque habían muchas impresoras de mayor precio, pero esta es simplemente perfecta, la app es fácil e intuitiva, es una maravilla.",26.3.1,2026-09-15T07:39:02-07:00,global,iOS App Store,0
14552868600,Alejandra Conrado,1,Des configuración,Se desconecta la impresora a cada rato,26.3.1,2026-09-15T07:28:02-07:00,global,iOS App Store,0
14552848964,Sierra King,5,Loving my printer!,"I can do everything in the comfort of my home. Scan, Print and copy. Love it!",26.3.1,2026-09-15T07:22:09-07:00,global,iOS App Store,0
14552625593,Rjones2427,1,Print quality is shocking,Print quality is shocking and app and website just are really outdated,26.3.1,2026-09-15T06:15:06-07:00,global,iOS App Store,0
14552412182,Ours Grrrrrrrrrr,1,Nul de chez nul,Constamment en train de planter . Nul de chez nul.,26.3.1,2026-09-15T05:08:02-07:00,global,iOS App Store,0
14552231306,Donpov,5,Donpov,"Does what it says, a quality product that delivers quality, simplicity, precision, professionalism and satisfaction.",26.3.1,2026-09-15T04:06:21-07:00,global,iOS App Store,0
14552151836,Der rote Shanks,1,App schlecht,Ich verstehe echt nicht wie eine App von HP so schlecht sein kann.,26.3.1,2026-09-15T03:36:23-07:00,global,iOS App Store,0
14552146237,Screechinty,5,Great printer,This printer is perfect+Ty for all my needs.,26.3.1,2026-09-15T03:34:09-07:00,global,iOS App Store,0
14552070382,Aurélie973,1,Configuration nul,Je n’arrive pas à faire ma configuration malgré que j’ai mon imprimante depuis au moins 2ans et aujourd’hui elle me dit que ma configuration n’est pas complète alors que tout allait bien,26.3.1,2026-09-15T03:03:10-07:00,global,iOS App Store,0
14552032732,djbyga16,5,Hp printer,The best love it,26.3.1,2026-09-15T02:46:41-07:00,global,iOS App Store,0
14551859886,Amershamcalling,2,Harder than is should be,"Once working the printer is good. What was difficult was the set up. I now have access to via the phone app, but trying to access on my MacBook still remains very hard work.",26.3.1,2026-09-15T01:26:29-07:00,global,iOS App Store,0
14551401658,SpecialDK1,5,HP Printer,I’m thoroughly enjoying my new printer,26.3.1,2026-09-14T21:40:38-07:00,global,iOS App Store,0
14551323298,Indradrnk,5,Indra,Great,26.3.1,2026-09-14T21:02:30-07:00,global,iOS App Store,0
14551212803,Mr.BG2U,5,I Love this App,I love this app because I can print from just about anywhere. I am scan documents and send emails and faxes right from my phone.,26.3.1,2026-09-14T20:11:10-07:00,global,iOS App Store,0
14551133207,Titan3447,4,HP,Always problematic! Disconnects by itself! Never at the ready!,26.3.1,2026-09-14T19:36:24-07:00,global,iOS App Store,0
14550821638,AdventureBoss,2,Got locked out of my printer?,These idiots will get you to pay $200 for a printer just to brick it THROUGH AN APP and expect me to get another!!! Get real,26.3.1,2026-09-14T17:29:56-07:00,global,iOS App Store,0
14550732146,VonnieVonn,5,Printer,This was not step by step easy,26.3.1,2026-09-14T16:53:34-07:00,global,iOS App Store,0
14550710867,Hp desljet 2900,1,Hard to use printer,Each day I need to turn it off and try again. I don’t like my printer at all.,26.3.1,2026-09-14T16:44:37-07:00,global,iOS App Store,0
14550535978,ddeesdd,1,Do not buy if you use an iPad,This printer sucks for an iPad. It frequently disconnects and I have to go to great pains to reconnect it just to print any job.,26.3.1,2026-09-14T15:32:27-07:00,global,iOS App Store,0
14550508526,Sophielovespuppies,1,Sucks,This sucks,26.3.1,2026-09-14T15:21:07-07:00,global,iOS App Store,0
14550499261,Ethan4411,5,Perfetto!!,I love this printer.,26.3.1,2026-09-14T15:17:18-07:00,global,iOS App Store,0
14550379574,MGL 3D,2,It will not print,So frustrating,26.3.1,2026-09-14T14:28:55-07:00,global,iOS App Store,0
14550281049,maurisandel,3,Espacio,"Ocupa demasiado espacio para lo que ofrece, por lo demás genial",26.3.1,2026-09-14T13:50:20-07:00,global,iOS App Store,0
14550244716,sugarJJP,2,Not happy,Do not like the fact I can not scan documents from my printer and send to my computer with out using the app!!!🥺,26.3.1,2026-09-14T13:36:20-07:00,global,iOS App Store,0
14550127806,Ak:)())),3,Bien mais peut mieux faire,"L'application est intuitive et facile d'utilisation, cependant elle rencontre souvent des bugs désagréables qui oblige à l'a relancée.",26.3.1,2026-09-14T12:52:55-07:00,global,iOS App Store,0
14549817332,bhgyhbu,1,Pessima,Pessima,26.3.1,2026-09-14T11:04:26-07:00,global,iOS App Store,0
14549425787,RAJA-G EKAMBARAM,5,Amazing,One of the best investments in my life,26.3.1,2026-09-14T08:57:53-07:00,global,iOS App Store,0
14549387795,Hernanesdjdhd,1,Horrible,Worst printer of my life,26.3.1,2026-09-14T08:46:21-07:00,global,iOS App Store,0
14549364890,Girltrip,5,Scanning Michael 88 plans forms,HP Scan App is the best. This is the best home work office . Why leave home when you have HP Essentials ❤️❤️,26.3.1,2026-09-14T08:39:26-07:00,global,iOS App Store,0
14549214296,Alfa133,1,Ink draining too fast,One month and started losing comunication to pc or phone,26.3.1,2026-09-14T07:54:18-07:00,global,iOS App Store,0
14549027604,asterized,1,not reliable ink,"replaced a newly opened black ink but was not working/not functioning at all, printout is still blurred",26.3.1,2026-09-14T06:58:48-07:00,global,iOS App Store,0
14549026823,Pancakejohnny,1,Setup,Set up Impossible and troubleshooting issues even worse,26.3.1,2026-09-14T06:58:34-07:00,global,iOS App Store,0
14548895407,hmillette,3,Just ok,"It constantly has to be reset. Sometimes it will take 30 minutes to an hour to eat it to actually print. It’ll shut itself off, but then it had to reset completely just to print to be honest. I probably won’t buy another one, but it will work for now.",26.3.1,2026-09-14T06:18:52-07:00,global,iOS App Store,0
14548783113,Rdvm,5,Review,"Good quality printing 
Easy to use",26.3.1,2026-09-14T05:43:56-07:00,global,iOS App Store,0
14548636970,Butterman65,3,"App Is Incredible, Ink Subscription Horrible","I absolutely love the app, it really makes the paperwork part of my job much, much easier. The camera scan feature is a great time saver. 
I chose not to use the ink subscription. They bricked my printer for more than a week and required me to be on the phone with them for LITERALLY two full days.",26.3.1,2026-09-14T04:56:36-07:00,global,iOS App Store,0
14548613766,Subu048,1,Not printed as per the insustruction,Not printed as per the information.,26.3.1,2026-09-14T04:48:43-07:00,global,iOS App Store,0
14548600783,JB1954@67,1,Unable to reconnect to WiFi after changing provider,"Everything was fine until I changed my service provider.  Unable to fix it, or find a way to contact HP, gave up and bought a printer cable.",26.3.1,2026-09-14T04:44:16-07:00,global,iOS App Store,0
14548587220,Neaky69,5,Printer,I had my printer for 3yrs and I love it! It gets the job done! Wouldn’t tried it.,26.3.1,2026-09-14T04:39:33-07:00,global,iOS App Store,0
14548270301,HASSI SAHARA,5,Todo perfecto,"Si encuentras algo mejor,  no lo compres, infórmate bien y luego decide",26.3.1,2026-09-14T02:35:44-07:00,global,iOS App Store,0
14547734002,Damor84,1,Terrible Product,The fact that HP requires that an app be downloaded to do something as simple as AirPrint a page from my iPhone and iPad shows how terrible of a company they are.,26.3.1,2026-09-13T22:16:57-07:00,global,iOS App Store,0
14547545951,Omar Sir MX,5,Excelente,"La app muy fácil de usar, práctica y rápida, respecto a la impresora 720 es buena, la relación costo - precio es la correcta",26.3.1,2026-09-13T20:47:51-07:00,global,iOS App Store,0
14547236463,Services JA,5,Hp,Muy buena la aplicación la recomiendo muchísimo,26.3.1,2026-09-13T18:35:26-07:00,global,iOS App Store,0
14547217383,persian60,5,Just like a $1000 coffee machine,This is awesome,26.3.1,2026-09-13T18:27:46-07:00,global,iOS App Store,0
14547066418,erlangbi,5,excelente app,"muy fácil de configurar una excelente aplicación, nada menos se puede esperar de HP Super Like muchas gracias👍🏻",26.3.1,2026-09-13T17:26:20-07:00,global,iOS App Store,0
14547060724,A0878MS,1,No se puede conectar desde el teléfono,He tratado muchas veces de imprimir desde el celular y dice q hay problema y lo internet mas tarde. No se puede conectar.,26.3.1,2026-09-13T17:24:02-07:00,global,iOS App Store,0
14547004916,Amansavam,1,Pessima,Ruim,26.3.1,2026-09-13T17:01:35-07:00,global,iOS App Store,0
14547004439,rokc428,2,Crazy how they charge for help,So now that my warranty is done I have to pay for customer service. That’s insane.,26.3.1,2026-09-13T17:01:23-07:00,global,iOS App Store,0
14546773786,Beros507,1,No funciona,El papel se atora en los rodillos para impresión de fotos,26.3.1,2026-09-13T15:26:34-07:00,global,iOS App Store,0
14546747775,Terpies,5,Remote printing,Outstanding!,26.3.1,2026-09-13T15:15:59-07:00,global,iOS App Store,0
14546649189,Dave&Kathe,5,Inicio,Estoy probandola por primera vez y es super efectiva y de calidad … estoy encantado,26.3.1,2026-09-13T14:36:58-07:00,global,iOS App Store,0
14546599788,Apollobuddy,1,So hard to use the printer,It’s very difficult to use the printer and yo are forced to be hp cartridges,26.3.1,2026-09-13T14:18:11-07:00,global,iOS App Store,0
14546545696,Lleb.si,4,Me encanta pero…,Todo me gusta en la app pero lo único es que al enviar fotos para imprimir no se pueden más de 5 y eso tiende a atrasar un poco el proceso de impresión si deseo imprimir grandes cantidades.,26.3.1,2026-09-13T13:58:15-07:00,global,iOS App Store,0
14546430741,Redhead 261,1,"My printer will not print the black ink, even though it’s full","I should be able to leave a message stating that the black ink that I received does not work. I’ve followed all the steps/suggestions. I’ve cleaned the ink heads twice. Nothing works. Unfortunately, I have to wait until the ai chat is open to solve this problem! Hopefully I can get Hp to send more ink fast, as I need it to make copies to print for my job. I think the ink is dried up or something.",26.3.1,2026-09-13T13:17:19-07:00,global,iOS App Store,0
14546363804,ferg2027,2,HP printer,The printer is slow and not wanting to print. I am disappointed at the slowness and lack of ease.,26.3.1,2026-09-13T12:54:24-07:00,global,iOS App Store,0
14546357154,Dianne11,1,Print wireless connectivity issues,"The printer is terrible and trying to connect over Wi-Fi like I’m constantly having to reset network settings Read, the printer I have the troubleshooting connectivity website memorized more than the Bible. 
The print quality of itself is fantastic, but it’s hard to even get it to communicate with computers or phones",26.3.1,2026-09-13T12:52:10-07:00,global,iOS App Store,0
14546341103,Craybill,5,Not the easiest instructions to follow,"It’s finally working, I guess.",26.3.1,2026-09-13T12:46:48-07:00,global,iOS App Store,0
14546163193,Hahajidi,1,Inutile,"Non funziona niente, app ridicola, dice che la stampante non è collegata quando invece lo è, svegliatevi",26.3.1,2026-09-13T11:49:10-07:00,global,iOS App Store,0
14546117588,hp-user000,1,Missing scan option,App seem to remove scan button and only showing camera scan. This is poor quality,26.3.1,2026-09-13T11:34:50-07:00,global,iOS App Store,0
14546009799,Darnicia,4,Need More Shipping Address Options,"I love the convenience of the subscription sending ink and paper when needed. The only problem I have is that it won’t allow me to have (2) different shipping addresses. My son is in college so his printer is with him. I should be able to add his shipping information to his printer so his ink and paper goes to him. While my shipping information for my printer stays as my home address. It would be very inconvenient to have to wait until his items ship to me, all for me to have to turn around and ship them to him. It defeats the purpose of the subscription which is to have the items sent automatically and directly to you. Not to mention adds an additional cost to me.",26.3.1,2026-09-13T11:01:53-07:00,global,iOS App Store,0
14545998253,Will Knot Printt,1,HP,Having hard time trying to locate any of my printers having to do hard resets to placate them.,26.3.1,2026-09-13T10:58:26-07:00,global,iOS App Store,0
14545905879,rubizaida,1,Mal,No deja imprimir 😠,26.3.1,2026-09-13T10:30:55-07:00,global,iOS App Store,0
14545865674,Ellen 1021,5,HP Envy,Great printer. So easy to use and print quality is perfect,26.3.1,2026-09-13T10:19:15-07:00,global,iOS App Store,0
14545753295,nbsluyyz,4,Hard to find human tech support,"Sometimes I have trouble with the fax functionality, and when it stops working there’s no way to reach anyone at HP for help. I also run into issues when I scan documents from the printer to my phone. When I try to save the scanned files to OneDrive, they often don’t appear there later. I end up having to save them to iCloud Drive and also email them to myself just to get them into Microsoft OneDrive. It’s a very strange workflow. Photocopying works fine, printing works fine, and aside from the usual quirks, those features are reliable — but the fax and cloud‑save issues are ongoing. Overall it is a very useful app.",26.3.1,2026-09-13T09:47:06-07:00,global,iOS App Store,0
14545716439,PhotoPostCards,1,No clear iPad instructions,"Would no recommend, not even sure how it was installed on “tool” iPad, trying to disassociate with “html” is a pain. “The best of HP, in one place“, this could be the equivalent of a cyst found in a rectal cavity.",26.3.1,2026-09-13T09:36:49-07:00,global,iOS App Store,0
14545629611,Bastoss74,1,Complètement nulle,"Cette appli est complètement nulle. Dommage, on en a absolument besoin pour numériser les documents. Je déconseille fortement. A fuir absolument.",26.3.1,2026-09-13T09:12:22-07:00,global,iOS App Store,0
14545573257,CBserv,1,App is poorly designed,I brought a brand new HP printer because I have gaff success in the past with this brand. Using the app I find myself stuck in endless loops where all I get is a black screen forcing me to delete the app and reinstalling it hoping for a better result. Bad design.,26.3.1,2026-09-13T08:56:31-07:00,global,iOS App Store,0
14545206516,Bxlady1970,1,Printing Problems,Not sure what is happening but I have sent documents to print from my email and it has not printed and not showing up on my app. Very frustrating,26.3.1,2026-09-13T07:15:25-07:00,global,iOS App Store,0
14544787341,Mery.29,1,Hp à fuir,Deux imprimantes deux n’impriment plus. iPhone ou iPad ne reconnaissent plus les imprimantes.,26.3.1,2026-09-13T05:10:58-07:00,global,iOS App Store,0
14544540717,Matteo Morra,5,Eccezionale,App molto semplice da usare,26.3.1,2026-09-13T03:43:28-07:00,global,iOS App Store,0
14544457331,2112SaS,4,Blue light,There should be a way to shut off. The blue light is driving me crazy,26.3.1,2026-09-13T03:11:21-07:00,global,iOS App Store,0
14544323032,Ruined your printing,2,1/10,The printer keeps on saying the printer is busy please wait and the thing we’re trying to print is way too tiny and big,26.3.1,2026-09-13T02:18:23-07:00,global,iOS App Store,0
14544233157,mohammad imam,5,Easy,Easy,26.3.1,2026-09-13T01:42:51-07:00,global,iOS App Store,0
14543761884,Rae Rae 1503,5,HP app,Using the HP app is better than just using print from your phone. You have way more selections to choose from then you would with just print from your phone. I needed something to be a lot smaller and using the HP app was the only way I was going to achieve that outcome.,26.3.1,2026-09-12T22:24:32-07:00,global,iOS App Store,0
14543728596,Mixtli07,1,Mala actualización,Estaba mejor la versión ante que facilitaba escanear credenciales,26.3.1,2026-09-12T22:10:06-07:00,global,iOS App Store,0
14543685584,Ramos hp,5,Hp,Good,26.3.1,2026-09-12T21:51:15-07:00,global,iOS App Store,0
14543481651,abdulaziz janahi77777,1,.,Very bad application the old one was very easy and simple and this so complicated for a printer 👎🏻👎🏻👎🏻👎🏻👎🏻👎🏻👎🏻👎🏻,26.3.1,2026-09-12T20:25:52-07:00,global,iOS App Store,0
14543318762,Red Engine Service,5,So helpful,The app is great for business!,26.3.1,2026-09-12T19:23:04-07:00,global,iOS App Store,0
14543252294,Kika2bonitas,5,Impresora Desk Jet 2900,Calidad de trabajo,26.3.1,2026-09-12T18:58:03-07:00,global,iOS App Store,0
14543233265,JayFlyWidIt,5,Thumbs up,Quick and easy phone app to use,26.3.1,2026-09-12T18:50:53-07:00,global,iOS App Store,0
14543207015,srrr81,4,Scanning documents size is too large,I am scanning multi page document and is taking too much size. Other than that everything is fine.,26.3.1,2026-09-12T18:40:55-07:00,global,iOS App Store,0
14543077122,Tyesesha,5,HP T210,I love this printer best thing I’ve spent my money on!,26.3.1,2026-09-12T17:51:39-07:00,global,iOS App Store,0
14542866671,1aizak,5,Better than Microsoft App Store lol,WiFi works better on iOS than windows,26.3.1,2026-09-12T16:28:23-07:00,global,iOS App Store,0
14542768115,Chas5692,1,Frustrated,Why can’t they make a printer that actually connects and actually works? In today’s day and age why is this so hard?!,26.3.1,2026-09-12T15:47:56-07:00,global,iOS App Store,0
14542758421,Chekadawrecka!,5,Thankful,Very user friendly!,26.3.1,2026-09-12T15:43:55-07:00,global,iOS App Store,0
14542647344,TAPdW,1,Veel problemen met de app,Heel vaak moeten deinstalleren en installeren.,26.3.1,2026-09-12T14:58:36-07:00,global,iOS App Store,0
14542537793,Maleja3122,5,Impresora,Muy buena,26.3.1,2026-09-12T14:15:30-07:00,global,iOS App Store,0
14542351074,Hendoski,1,Garbage printer. Wastes ink every time I try and print. Notnuser friendly. Prints instruction pages,Garbage product.,26.3.1,2026-09-12T13:06:21-07:00,global,iOS App Store,0
14542272840,OR-YT,5,Funciona muy bien,De casa,26.3.1,2026-09-12T12:39:14-07:00,global,iOS App Store,0
14542215680,Bohjaanrq,1,Too many encumbrances,The security features make it overly difficult to keep the printer connected on Windows. It’s just an app for selling things front and center. The printer requires a pin to connect. There’s so many things that get in the way needlessly,26.3.1,2026-09-12T12:19:47-07:00,global,iOS App Store,0
14542158756,csodo,5,Great little printer,Easy to use. Connects with no problem. I can send documents from a completely different room and it will send it with no problems. Enough settings for custom jobs but not anything too crazy that it’s complicated and I don’t understand it. I love my printer.,26.3.1,2026-09-12T12:00:56-07:00,global,iOS App Store,0
14542084297,tynwistle,1,Intermittent Problems,Sometimes it works. Sometimes it doesn’t.  Sometimes it needs to be unplugged to turn off.  Ink is very expensive and doesn’t last very long.  Finicky is too kind for this thing.,26.3.1,2026-09-12T11:36:34-07:00,global,iOS App Store,0
14542063402,Frogsincannoli,5,So far great,Took awhile to figure it out. Now working well.,26.3.1,2026-09-12T11:29:48-07:00,global,iOS App Store,0
14541599824,SSSK0888,1,Går inte att hitta? rengöra bläckpatron på 2700e,Går inte att hitta? rengöra bläckpatron på 2700e i denna app,26.3.1,2026-09-12T09:09:57-07:00,global,iOS App Store,0
14541430356,ghhhfvg,1,Junk,Don’t buy absolutely piece of junk.,26.3.1,2026-09-12T08:22:18-07:00,global,iOS App Store,0
14541420377,Jroccccccccccc,1,Not good,App is slow as hell doing anything with the printer is more difficult than it has to be keeps sending me through loops when trying to renew,26.3.1,2026-09-12T08:19:33-07:00,global,iOS App Store,0
14541343520,jboogey23,5,Love it,So easy to use.  So easy to refil carriages    I love it,26.3.1,2026-09-12T07:58:31-07:00,global,iOS App Store,0
14541110863,Jed81*,1,Garbage,This app is garbage. Constantly crashes. Doesn’t work. Does not connect to HP Printers.,26.3.1,2026-09-12T06:55:17-07:00,global,iOS App Store,0
14540980697,TW AR,1,Junk,Purchased a 9720 and it is junk.   Will not pick up photo grade paper from the tray.  Printing is not simple anymore.  Too much effort with the app based system.,26.3.1,2026-09-12T06:18:42-07:00,global,iOS App Store,0
14540929748,Avertît,1,Peu recommandée,Plus jamais hp,26.3.1,2026-09-12T06:04:01-07:00,global,iOS App Store,0
14540915274,God's Daughter Dude,1,Horrible,"to print from Iphone to Hp printer is horrible, you can just print 5 pieces a time and it needs forever! Printer often not found! spendet a fortune for this printer and then a app like this destroys the work flow :) if you have a iphone and you want to print with your hp printer... do not download & get yourself a laptop to print :)",26.3.1,2026-09-12T05:59:49-07:00,global,iOS App Store,0
14540801738,Schelmi 31,5,Drucken,"Einfach zu installieren und einfach in der Bedienung.
Bin sehr zufrieden!👍🏻",26.3.1,2026-09-12T05:25:32-07:00,global,iOS App Store,0
14540727775,remisac,1,Printer review hp deskjet 2900,Worst printer ever had,26.3.1,2026-09-12T05:02:12-07:00,global,iOS App Store,0
14540658398,patti Gamma,5,Life changer,"I am BLIND always having to ask others to print for me researched purchase this printer, and oh my goodness I’m enjoying it so much! I can print for my iPhone, which has voiceover and it really has made a difference in everything I’m doing",26.3.1,2026-09-12T04:39:19-07:00,global,iOS App Store,0
14540496211,Jrjrjejene,1,Malísima calidad,"No imprime, tengo que reiniciar celular o impresora para que la detecte",26.3.1,2026-09-12T03:41:57-07:00,global,iOS App Store,0
14540389980,art daddy tore,5,Great 5/5,Great no problems,26.3.1,2026-09-12T03:01:32-07:00,global,iOS App Store,0
14540297209,mahoaga vs feyzoaga,1,Dont buy it,"Connecting a printer to your phone can take an hour, and if you want to connect a second phone, you might as well try to do the hardest job in the world",26.3.1,2026-09-12T02:24:58-07:00,global,iOS App Store,0
14539937417,Akky7us,5,Good,Liked it,26.3.1,2026-09-11T23:59:19-07:00,global,iOS App Store,0
14539642959,JC NORTEÑO,5,Exigente,Los Felicito,26.3.1,2026-09-11T21:52:35-07:00,global,iOS App Store,0
14539612409,PolythenePam9,1,Subscription based printing,I would have never bought your printer had I known I would have to pay to use an object I own every month. It just sits there collecting dust out of principle.,26.3.1,2026-09-11T21:39:24-07:00,global,iOS App Store,0
14539385644,L101202,1,"Recommend no to buy, subscription service has bad support.",I ve had my printer not working intermittently in and off for awhile with HPs subscription service. Their support is atrocious. Last time I ever buy or use their subscription services.,26.3.1,2026-09-11T20:05:24-07:00,global,iOS App Store,0
14539335202,BrenonGirdy,5,Brenon,I love it this app is great,26.3.1,2026-09-11T19:45:27-07:00,global,iOS App Store,0
14539303728,Preethi Vaid,1,Terrible App,Very very user unfriendly app,26.3.1,2026-09-11T19:33:07-07:00,global,iOS App Store,0
14538536507,jafroemke,5,Had to follow instructions.,Had two of us working on it on two days. Not a good idea.,26.3.1,2026-09-11T14:33:32-07:00,global,iOS App Store,0
14538400675,Rvbob1028,5,Novice user,"I had to scan a couple documents for work and at first I was so nervous It was going to be way over my head, but the app and the printer made it so easy.",26.3.1,2026-09-11T13:41:13-07:00,global,iOS App Store,0
14538111563,Bozo7749,1,Smart app (ink),"ink cartridge for black shows full but will not print in black, they have charged me every month but when I go to use it won’t print and won’t let me order new cartridge because it says it’s full",26.3.1,2026-09-11T11:56:40-07:00,global,iOS App Store,0
14537774437,firstleon,1,Fotos,"Für Fotos absolut ungeeignet. Schlechte Ausdrucke, Farben stimmen nicht mit dem Originalbilder überein, jedesmal extremer Rotstich, . Handhabung umständlicher als bei meinem alten HP. Jedesmal muß ein anderer Papiertyp von Hand am Drucker bestätigt werden und jedesmal auch jedes Bild, weil der Drucker das Format nicht erkennt und es als Fehler wertet obwohl ich es Manuel vorgegeben habe und es vom System auch mußte. Mein alter HP Drucker war 1000mal besser . Jedoch war er plötzlich ohne erkennbaren Grund nicht mehr funktionsfähig. Den Drucker würde ich nie wieder kaufen.",26.3.1,2026-09-11T10:04:02-07:00,global,iOS App Store,0
14537771754,Dragon ball y Akira Toriyama,5,Bueno y bueno,"Bueno ,solo muy bueno",26.3.1,2026-09-11T10:03:11-07:00,global,iOS App Store,0
14537756655,Juliiamnch,1,Verbindungsprobleme,Trotzdem das ich über die App gedruckt habe druckt schon wieder der Drucker nicht,26.3.1,2026-09-11T09:58:23-07:00,global,iOS App Store,0
14537744133,Mariogarli,5,Lo mejor !,Muy buena app para comunicarse con la impresora HP,26.3.1,2026-09-11T09:54:25-07:00,global,iOS App Store,0
14537732074,fort deçu,3,Trop compliqué,Je regrette l’achat,26.3.1,2026-09-11T09:50:44-07:00,global,iOS App Store,0
14537604670,Thaliruth,1,mangelnde Barrierefreiheit,"da kauft man sich einen guten Drucker für mehrere 100 €, und HP schafft es leider nicht die entsprechende App barrierefrei zu programmieren. Ich würde es sehr begrüßen, wenn HP die App zugänglicher gestalten könnte für blinde Personen. Weil dann wäre dies für mich auf jeden Fall ein sehr großer Mehrwert. Das Gleiche gilt übrigens auch für die Anwendung am PC. Den Drucker kann ich zum Glück mit einigen Klebe Markierungen bedienen, da ich somit weiß, wo sich die Tasten befinden. Und letztendlich funktioniert auch der AirPrint über WLAN sehr gut. Aber es wäre schön, wenn ich auch die entsprechende App dazu nutzen könnte. Bitte gib dies an eure Entwickler weiter. Ich glaube zwar nicht, dass sich diesbezüglich etwas ändern wird, denn das kennen wir blinde leider nur zu gut.",26.3.1,2026-09-11T09:11:50-07:00,global,iOS App Store,0
14537576307,Deisy95,1,Horrible - DONT BUY HP,HP now charges a monthly fee to print from a printer you BOUGHT and the printer FAILS to be connected via air print alll the timeeeee ! What’s the point !,26.3.1,2026-09-11T09:03:22-07:00,global,iOS App Store,0
14537517967,Archsheena,5,Wow,This is definitely a five out of five because I’m able to scan documents without my computer right now. My computer is being fixed and I’m able to scan documents to my phone and still conduct business,26.3.1,2026-09-11T08:45:58-07:00,global,iOS App Store,0
14537477126,No offline access,2,NO SCAN OPTION,With this new update with the HP app getting rid of HP Smart I’m not able to scan to my phone anymore. It is so annoying and I don’t have a MacBook to set up. So the feature is useless on this printer.,26.3.1,2026-09-11T08:33:52-07:00,global,iOS App Store,0
14537239819,Billyrock8,3,Printer ?,Every time I print from my iPhone it always take a long time to connect,26.3.1,2026-09-11T07:25:42-07:00,global,iOS App Store,0
14537210543,Scorpion300x,4,Great,Excellent easy to use and well thought,26.3.1,2026-09-11T07:17:22-07:00,global,iOS App Store,0
14537014620,angy10_0,1,Non va quando dico io,Va spesso in ibernazione non riesco a capire. Mando la stampa anche da telefonino e non va. Mi metto al computer nulla ogni volta devo  spegnerla e riaccenderla capisci che quando vai di fretta…te li fa girare,26.3.1,2026-09-11T06:21:24-07:00,global,iOS App Store,0
14536860238,tibobreizh,1,Always issue,"Cartridge are always failing each time I print, I do not print regularly. And eveutime I need to reset it all. Waste of time and cartridge and money",26.3.1,2026-09-11T05:35:26-07:00,global,iOS App Store,0
14536789298,I 4got 2 Say,2,HP Envy Inspire,"The HP Envy Inspire could be a Good printer for Home & Small Business uses. However, I have experienced difficulty with printing from IOS phone and HP laptop because of the following;
* Inability to send mobile fax from the above devices due to connectivity issues within the printers ( never disclosed via HP) microchip built within does NOT consistently connect to the WIFI’d devices despite my Modem being right on top of printer.

*IOS devices (which HP suggested me to use the HP app but clearly they are aware of it compatibility limitations) has their own printer app and even using the pre-installed Printer it is inconsistent due to???? I never had this many issues with HP brand.
Lastly, and with all due respect to HP Brand that I have been loyal to for more than 25yrs the HP Envy Inspire 7955e and several other interations I WOULD NOT recommend.",26.3.1,2026-09-11T05:13:36-07:00,global,iOS App Store,0
14536437228,ST2026£&£££,1,Connectivity/print,I have 2 hp printers- both are terrible to connect to and only print half the time.,26.3.1,2026-09-11T03:13:12-07:00,global,iOS App Store,0
14536286431,Heleneberthe,2,Trop de déconnexions,Je suis obligée de passer par le téléphone pour scanner,26.3.1,2026-09-11T02:11:19-07:00,global,iOS App Store,0
14536137535,Jony the Fish,1,HP Deskjet headache,I’ve tried masses of times to connect this to my work PC but the only way is via a usb cable. However it connects perfectly with my phone ???,26.3.1,2026-09-11T01:04:50-07:00,global,iOS App Store,0
14536004057,TheLaso,1,No permite configurar desde la app,"No os la descarguéis para configurar la red de la impresora. Es pura basura que pide cookies y registro para cualquier cosa. 
He devuelto la impresora y he comprado una Dell, que si que saben hacer las cosas bien.",26.3.1,2026-09-11T00:02:58-07:00,global,iOS App Store,0
14535960276,Shylalgbradfordok,5,10 out of 10 recommend,"This app is well made, clear and very user friendly. It makes using HP printers a breeze!!",26.3.1,2026-09-10T23:42:27-07:00,global,iOS App Store,0
14535908199,As96786!,5,HP 8139 Printer,Love it had Epson eco print before Epson sucks no waste your money buy a HP Printer Trust Me! In Hawaii,26.3.1,2026-09-10T23:17:53-07:00,global,iOS App Store,0
14535901956,pmacaus,1,Worst printer ever,Can’t even get 10x pages before the printer stops working for various reasons. Not worth it at all.,26.3.1,2026-09-10T23:14:54-07:00,global,iOS App Store,0
14535535635,Yoyoyoyoghv,1,Pésima,Pésima no la compren,26.3.1,2026-09-10T20:23:24-07:00,global,iOS App Store,0
14535420005,EL CULITO QUE MAS QUIERO,1,Muy tediosa,Se batalla mucho para configurar desde un móvil,26.3.1,2026-09-10T19:34:16-07:00,global,iOS App Store,0
14535399189,pilu🥰,5,Lo mejorrrrr,☺️,26.3.1,2026-09-10T19:25:43-07:00,global,iOS App Store,0
14535256628,LizIsLesbian,5,I luv this app and the printers they make ⭐️⭐️⭐️,I luv the hp printer already but the printing app is easy to use and is free so after you paid ur printer your ready to start printing and it’s really easy to do on here I don’t really seem to find any struggle or confusion using this app I definitely think you should use this app.,26.3.1,2026-09-10T18:29:18-07:00,global,iOS App Store,0
14535062236,agsnavalur1989,1,Hp 2725,Bought this printer 3 years ago and hardly able to successfully print only some pages it always run into some or the other issues. Wordt printer ever,26.3.1,2026-09-10T17:13:18-07:00,global,iOS App Store,0
14534849074,gservan,5,Incrível,"Muito funcional, rápido e fácil",26.3.1,2026-09-10T15:48:28-07:00,global,iOS App Store,0
14534484906,MaBr73,3,HP Ink Rechnung?,"Ab wann ist es möglich das die aktuelle Rechnung von meinem HP Ink Abonement in der HP App in meinem Konto zum Download zur Verfügung steht damit ich nicht 4 Tage benötige bis ich auf die Website komme um mir dann endlich die Rechnung herunterzuladen und auszudrucken zu können?
Das wäre sehr hilfreich für mich.",26.3.1,2026-09-10T13:28:00-07:00,global,iOS App Store,0
14534381386,Mr. Heathcliff,1,Doesn’t work most of the time,It takes me a long time to figure out how to print; machine is on and ready to go but when I click print nothing happens and no error message or anywhere to get help,26.3.1,2026-09-10T12:50:45-07:00,global,iOS App Store,0
14534245667,Nyla099,5,Great app,Technology has changed a lot over the years and I have to say it’s great to be able to use an app to work with my printer. Good job HP.,26.3.1,2026-09-10T12:03:40-07:00,global,iOS App Store,0
14533987215,尺卂メ,5,Great App!,"inside it's a great well advertised well rounded monetised app. Really easy to print as well gives you clear instructions on how to print, or scan especially for the beginners!!",26.3.1,2026-09-10T10:38:46-07:00,global,iOS App Store,0
14533753744,Serge Laurent,5,Numérisation,Bien,26.3.1,2026-09-10T09:26:27-07:00,global,iOS App Store,0
14533725375,lodgecoach,5,Great,I love HP products. Hey are great in my opinion.,26.3.1,2026-09-10T09:17:53-07:00,global,iOS App Store,0
14533657182,ATorres ⭐️,1,Very bad printer. I won’t recommend this printer. Is very low speed with a lot of connectivity issue,"This printer is bad in every single way. I personally won’t recommend any one to buy it, it’s very problematic, very very low speed, very difficult to connect and have the job done. I will recommend CANNON not HP",26.3.1,2026-09-10T08:57:46-07:00,global,iOS App Store,0
14533490184,Okipaga,5,Excelente herramienta,"Es una App indispensable, facilita trabajos cotidianos, escolares, laborales!
Amigable para configurar, usar y solicitar asistencia.",26.3.1,2026-09-10T08:09:25-07:00,global,iOS App Store,0
14532946256,mehboobmehraj,5,HP Smart Printer,It’s lovely app very easy to install and use. I’m very happy with hp services,26.3.1,2026-09-10T05:34:12-07:00,global,iOS App Store,0
14532761499,cryingJJ4Mcat12,5,Actually the best,"The printer works so well and this app just makes it easier, i dont have to open my computer to print every single time, so its really nice!!!!!",26.3.1,2026-09-10T04:37:21-07:00,global,iOS App Store,0
14532673094,JenLew71,1,Don’t buy it.,The price is low but the frustration is high. It’s hard to connect it. It’s hard to replace the cartridges. It’s slow to print. I saved money at the cost of high frustration. Not recommended.,26.3.1,2026-09-10T04:08:32-07:00,global,iOS App Store,0
14532642065,idacu,5,Impresora,Impresionante,26.3.1,2026-09-10T03:57:55-07:00,global,iOS App Store,0
14532371349,dhusbdo,1,Giving up,Tried using the HP Envy 5020 from my iPhone. It’s just so difficult. I’m paying each month for printing I don’t do. There’s miles more technology involved and honestly I’d rather have the old basic printer.,26.3.1,2026-09-10T02:12:36-07:00,global,iOS App Store,0
14532273751,Yomexican,2,Mal,Cuesta que imprima los documentos,26.3.1,2026-09-10T01:29:37-07:00,global,iOS App Store,0
14531999538,Máster 1308,1,Terribles esas impresoras,"Muy mala experiencia con las impresoras hp, no las compren",26.3.1,2026-09-09T23:23:22-07:00,global,iOS App Store,0
14531764104,TBMommy20,1,Printer is not responding,Very slow,26.3.1,2026-09-09T21:33:50-07:00,global,iOS App Store,0
14531697611,Mrmikef,1,Don’t Buy,"Problems from day one, no customer support, confusing or irrelevant trouble shooting instructions.",26.3.1,2026-09-09T21:03:40-07:00,global,iOS App Store,0
14531377728,Kibjcy,1,Printer 2800,"Horrible experience, everyone I want to use it it is disconnected and has to be setup.",26.3.1,2026-09-09T18:51:04-07:00,global,iOS App Store,0
14531227164,Sillybilly27,1,i hate this,im so tired of this stupid app oh my god can you just pront my paper,26.3.1,2026-09-09T17:53:42-07:00,global,iOS App Store,0
14531027306,director average joe,2,So difficult,I’ve always gone with HP Printers.  I now only have a iPhone 15 ProMax and to get a thing to print I now need my software working son to just print a page.,26.3.1,2026-09-09T16:36:37-07:00,global,iOS App Store,0
14530910997,Mr.Uptown3446,1,Could be better speed,Slow to print,26.3.1,2026-09-09T15:51:18-07:00,global,iOS App Store,0
14530892938,sksic,2,It’s just ok…,"Maybe it’s not the app, maybe it’s the printer. But I’m constantly seeing my printer is on and connected and it just won’t print my stuff until I wait a really really long time e",26.3.1,2026-09-09T15:44:11-07:00,global,iOS App Store,0
14530837323,indigochild4u,1,Bought a new printer,And I bought original ink from Amazon . Didn’t work Says we have to buy from HP website . Not only this scanner doesn’t work unless you have ink cartridges which are from HP. Who wants that headache go ahead and buy their printers .,26.3.1,2026-09-09T15:22:25-07:00,global,iOS App Store,0
14530786227,Tink7772777,3,Connecting to WiFi,"I set it up at home, but now I’m in a dorm and I can’t get it connected at all. There’s nothing showing how to connect it without having your printer connected to your phone, which I do and it doesn’t pop up this makes no sense at all. It needs to make more sense or yall need to provide clear cut instructions on how to resolve issues like this because I set it up to avoid this and that did nothing.",26.3.1,2026-09-09T15:02:56-07:00,global,iOS App Store,0
14530718143,0justanumber0,1,App has gone to hell,"Used to be a wonderful way to quickly use your scanner and quickly have a picture/document on your phone. 

As of several updates ago, the app now takes MINUTES to find your printer EACH time you use it, that is, if it doesn’t make you re- add it with each update now. HP refuses to fix this, it seems. This is using the app both on an iPhone 15 Pro and an iPad Air. Same results for both.",26.3.1,2026-09-09T14:36:57-07:00,global,iOS App Store,0
14530701551,Radtothebones,5,👍,👍,26.3.1,2026-09-09T14:30:33-07:00,global,iOS App Store,0
14530696342,T-ago505,1,Freezing,Since the first print it has froze.,26.3.1,2026-09-09T14:28:34-07:00,global,iOS App Store,0
14530695908,Hamida Shema,1,No colour,"Very bad printer 
Very worst experience 
Never recommended to anyone 
Soon i will make a short video & post on social media.",26.3.1,2026-09-09T14:28:24-07:00,global,iOS App Store,0
14530635793,JordiSMBarcelona,5,Impresora,Muy buena para lo que yo la necesito no puede ser mejor,26.3.1,2026-09-09T14:06:04-07:00,global,iOS App Store,0
14530623749,Beanz Cuztom,1,Not printing,It’s didn’t connect to printer to print,26.3.1,2026-09-09T14:01:41-07:00,global,iOS App Store,0
14530422370,I❤️theABCs,1,Not working!!!!!!!’nn,*,26.3.1,2026-09-09T12:48:46-07:00,global,iOS App Store,0
14530323312,Alyssa19254,1,Poor app. Just trying to sell you stuff,Poor app with bugs.,26.3.1,2026-09-09T12:14:20-07:00,global,iOS App Store,0
14530311614,♥‿♥(◕‿◕✿)(｡>﹏<｡),5,👍,Stampa molto chiara,26.3.1,2026-09-09T12:10:21-07:00,global,iOS App Store,0
14530278636,TLGHR,2,Recto verso,Pas de recto verso automatique,26.3.1,2026-09-09T11:59:20-07:00,global,iOS App Store,0
14530274764,m3xortiz,1,Cant connect,"The old hp smart app would let me connect my printer easily. This new app doesnt allow me to setup my printer with wifi, I need to use the cable.",26.3.1,2026-09-09T11:58:04-07:00,global,iOS App Store,0
14530127606,Cricchio1969,5,Superrrrr,Sono una boomer ma ce l’ho fatta 🤣🤣🤣,26.3.1,2026-09-09T11:09:23-07:00,global,iOS App Store,0
14530013137,Onik_28,5,Sb,Bbb,26.3.1,2026-09-09T10:32:42-07:00,global,iOS App Store,0
14529998163,jaqck C,5,10/10,"Ótimo aplicativo, estou satisfeita 😀",26.3.1,2026-09-09T10:27:56-07:00,global,iOS App Store,0
14529929903,DonPapa79,5,Beste Marke,Drucken war noch nie so einfach.,26.3.1,2026-09-09T10:06:42-07:00,global,iOS App Store,0
14529890235,Viktor51,1,Garanzia scaduta? Non ti aiutiamo,Dopo anni che acquisto stampanti hp oggi ho avuto una delusione se la garanzia e’ scaduta cambia stampante perché non ti aiutano mai più HP.,26.3.1,2026-09-09T09:54:42-07:00,global,iOS App Store,0
14529780486,verontwaardige klant,2,Printen,Erg lastig met uit printen pff,26.3.1,2026-09-09T09:21:40-07:00,global,iOS App Store,0
14529641187,“RASS”,5,HP,"HP my go to! Great products great support. Highly recommend, all of their products",26.3.1,2026-09-09T08:40:08-07:00,global,iOS App Store,0
14529637863,tiptoprods,1,Poor controls,The HP app doesn’t allow me to resize labels. I have to print and reduce the copy. Wastes paper and ink!,26.3.1,2026-09-09T08:39:09-07:00,global,iOS App Store,0
14529456226,jcl2003,5,Scanning,Easy to use!,26.3.1,2026-09-09T07:46:22-07:00,global,iOS App Store,0
14529296221,wjbyman,1,No WiFi connection,"Useless instructions spit out, no real person on chat. A hp printer is what can be compared to a useless boat anchor.",26.3.1,2026-09-09T07:01:00-07:00,global,iOS App Store,0
14529226746,caroRR19,1,"Imprimante bloquée, on raquette de 25 € si on veut la débloquer ou prendre un abonnement","Une honte HP, plus jamais, j’en achèterai une chez eux trois fois depuis son achat que les connexions se bloquent. Et vous savez quoi les plus sous garantie, vous propose 25 € ou être abonné",26.3.1,2026-09-09T06:41:04-07:00,global,iOS App Store,0
14528900139,Hunter Masters,1,Printing gives me monkey pox,"Literally these Bluetooth printers suck so bad, I struggle to print one page every 3 months I used this pos",26.3.1,2026-09-09T05:04:18-07:00,global,iOS App Store,0
14528800429,Golf1st.,1,Afdrukken,"Slechte printer met betrekking tot de levensduur.
Na relatief weinig gebruik drukt deze zeer slecht af, ook Nan reiniging en vervanging van de cartridge.
Voortaan ander merk!",26.3.1,2026-09-09T04:32:53-07:00,global,iOS App Store,0
14528771939,Electronic tech .,2,Won’t print half the time,"Printer is new and I send a file , it takes 10 min to print if it does. Fiber WiFi",26.3.1,2026-09-09T04:23:38-07:00,global,iOS App Store,0
14528409740,His Temit,1,Connectivity Issues,"I’m experiencing intermittent connectivity issues between Bluetooth and the broadband network when attempting to print. This is becoming increasingly frustrating, as the connection repeatedly drops and disrupts the printing process.

Please investigate and resolve the issue as soon as possible.",26.3.1,2026-09-09T02:03:21-07:00,global,iOS App Store,0
14528196002,flam404,1,Junk locking.,I really want open sourced printer. Not these 10 times use disposable junks.,26.3.1,2026-09-09T00:24:00-07:00,global,iOS App Store,0
14528126722,Guido Germany,5,Immer eine Freude,Es Klappt fast immer,26.3.1,2026-09-08T23:51:24-07:00,global,iOS App Store,0
14527771916,Lorenit@06,5,Calidad,El acabado es hermoso !!,26.3.1,2026-09-08T21:03:17-07:00,global,iOS App Store,0
14527694952,The peakest peak,5,Review,I’m really enjoying it thank you for making it easy to get the hang of!!!,26.3.1,2026-09-08T20:28:24-07:00,global,iOS App Store,0
14527634102,AndrusIsland,1,Scanning-emailing problems,"Worked a few days ago, now not working. Perhaps a problem with my email account(?).",26.3.1,2026-09-08T20:02:01-07:00,global,iOS App Store,0
14527456931,Chetan vi,1,Worst product by HP,"This printer took 2 hours to set up. There are many connection issues and many software bugs. The material quality, fitme t of trays are flimsy. The scan option is too slow. The instructions are not clear. This is a design and testing failure.",26.3.1,2026-09-08T18:50:14-07:00,global,iOS App Store,0
14527430003,Idk bruh pls don’t take,5,Love HP,The camera scan is a tidy tool. I love how convenient the scanner is,26.3.1,2026-09-08T18:39:47-07:00,global,iOS App Store,0
14527301532,Pobear :>,5,I eat tacos,Lokey awesome (10 year old btw),26.3.1,2026-09-08T17:50:15-07:00,global,iOS App Store,0
14527132277,Rusnicova Olga,5,Amazing model Smart Tank 7603,It was easy don’t steal everything and I’m really satisfied,26.3.1,2026-09-08T16:43:23-07:00,global,iOS App Store,0
14527019027,JKJK83,1,The Worst,The printer is terrible and so is the app. Printer never connects or print anything there’s constantly blinking lights and error messages and the app does not update or tell you how to fix anything. Don’t waste your money.,26.3.1,2026-09-08T15:58:21-07:00,global,iOS App Store,0
14526955772,Gabelias,5,Love it,I love the monthly lease and ink refills.,26.3.1,2026-09-08T15:33:11-07:00,global,iOS App Store,0
14526870647,YUUKIOです,5,Muy buena!,"Muy buena app, me encanta que tiene tutorial paso a paso de lo que le tenemos que poner y quitar, es muy buena para las personas que es la primera vez que tenemos impresora JAJA",26.3.1,2026-09-08T14:59:39-07:00,global,iOS App Store,0
14526768112,CEO of Docusign,1,Bad product,Ink runs out way too fast.It’s very expensive and the printer always needs an update. What’s there to update its prints pictures.,26.3.1,2026-09-08T14:20:22-07:00,global,iOS App Store,0
14526686434,Layette65,1,Terrible application,"My iPhone is stuck in remote print as a printer option. No one at HP or Apple can figure it out. I have reset my router, the printer to factory reset, the iPhone. I have deleted network settings so many times and nothing is fixing this issue. I am ready to send this printer back and cancel my service with HP. I’m better off buying a Cannon or any other printer.",26.3.1,2026-09-08T13:50:51-07:00,global,iOS App Store,0
14526678268,Kbossy26,1,Pos printer,This is absolutely the worst printer ever it takes forever to print anything its just a headache even if i go into the app to print. I wish i never bought this damn thing,26.3.1,2026-09-08T13:47:48-07:00,global,iOS App Store,0
14526660535,Thiago Vilarinho,1,"Always frozen, never works","Paying for a monthly fee for a printer that’s temperamental sucks, goodbye HP",26.3.1,2026-09-08T13:41:12-07:00,global,iOS App Store,0
14526658041,acquired anne,1,Not working,"Nothing is printing, all the pages are blank",26.3.1,2026-09-08T13:40:18-07:00,global,iOS App Store,0
14526630643,Waterlyfe-isbliss,1,Keeps not recognizing my phone,It shows the printer is ready to print by seeing the green dot. Continually says “printer is not available right now “ or printer not found. My husband is having the same problem with his android phone but I have apple. I delete the app and reinstall but continue to get same notification,26.3.1,2026-09-08T13:30:29-07:00,global,iOS App Store,0
14526581412,Sir Pixote,1,Total scam,"Once you buy the cartridge with Hp, you are stuck with their scam ink plans",26.3.1,2026-09-08T13:12:58-07:00,global,iOS App Store,0
14526561324,FORTIN 14,5,IMPRESORA 585,La recomiendo,26.3.1,2026-09-08T13:05:58-07:00,global,iOS App Store,0
14526365152,carvalho_47,2,Muito Ruim,"Lento trava muito era perfeito mudaram ficou muito lento, e so da erro eu. inca tive erro. ou dificuldade não recomendo",26.3.1,2026-09-08T11:59:43-07:00,global,iOS App Store,0
14526345368,Vic 🫶🏻,5,Excelente app,Mi mejor aliado en la oficina FIN.,26.3.1,2026-09-08T11:53:13-07:00,global,iOS App Store,0
14526174757,myname65,2,If you want to struggle,If you have nothing better to do than to waste your time trying to figure out a app that doesn’t make sense at all in any way shape or form then you should definitely do this one,26.3.1,2026-09-08T10:57:19-07:00,global,iOS App Store,0
14526089705,K_chtes,5,Buena marca.,Buen producto. 10 años y operativo.,26.3.1,2026-09-08T10:30:10-07:00,global,iOS App Store,0
14526068578,J. Noori,1,Rubbish,"Big mistake that I bought this, very faulty",26.3.1,2026-09-08T10:23:23-07:00,global,iOS App Store,0
14525764003,TawnyfayeVan,1,Tawny,The most un-user friendly website!!!  The first thing you should see is a print button. Yiu should be able to print from your email…..,26.3.1,2026-09-08T08:50:04-07:00,global,iOS App Store,0
14525702512,Justshandra,1,Worthless,Can’t print anything,26.3.1,2026-09-08T08:31:46-07:00,global,iOS App Store,0
14525697847,Mada72,5,Très bonne mappli de scan,"Facile à utiliser et rapide, bons rendus",26.3.1,2026-09-08T08:30:24-07:00,global,iOS App Store,0
14525506395,skyguy2000000,1,unerklärlich,"ich weiß nicht, was sich der Entwickler dieser App dabei denkt. Ich krieg eine Fehlermeldung nach der andern. In der App sind ganze Seiten rechts abgeschnitten. Ich kann die Texte gar nicht lesen. Das Intro, bis die App lädt, ist viel zu lange, wenn man in die einzelnen Rubrik reingeht muss man teilweise 25 Sekunden warten, bis das nächste Fenster aufgeht. Die Startseite ist ja endlos soll man bis Australien scrollen und dann die Layout zuschneiden Funktion was ist los? Das funktioniert nicht sobald man zuschneiden verschiebt sich’s in die falsche Richtung und das Bild wird irre ran gezoomt und völlig falsch dargestellt Das funktioniert auch nicht. Ich benutz die App seit einer Woche und hab 20 Fehler gefunden. Gravierende Fehler. eine echte Enttäuschung.",26.3.1,2026-09-08T07:34:26-07:00,global,iOS App Store,0
14525459677,Shan123068,1,HP software is a nightmare,"I have installed printer and software, worked fine.  Went to print again a week later snd would not print, cannot download drivers,  tried removing all printers and software and reinstalling and still not working.",26.3.1,2026-09-08T07:20:47-07:00,global,iOS App Store,0
14525307293,paycak,5,Hp,I love hp ❤️,26.3.1,2026-09-08T06:36:19-07:00,global,iOS App Store,0
14525285031,Genomo,5,Reseña EPaez,Muy bien!! Pero aún pueden mejorar. Abrazo!!,26.3.1,2026-09-08T06:29:39-07:00,global,iOS App Store,0
14524972292,Bharat manwani,1,Print and connection,Third class,26.3.1,2026-09-08T04:52:38-07:00,global,iOS App Store,0
14524821188,Gaston Lapelouse,1,Nul ! Fuyez HP !!!,"ARNAQUE !!!
on achète une Imprimante neuve et c’est comme si on l’avait loué, aucune autonomie de fonctionnement et en plus un fonctionnement aléatoire et compliqué,une pompe à fric ! Les cartouches neuves hp 305 sont plus chères que le caviar 🤑 et je suppose qu’elles sont remplies du précieux liquide qu’à moitié !! Message récurent votre niveau d’encre est bas après une petite dizaine d’impressions en mode brouillon… bref, ne vous faites pas piéger comme moi à l’achat de ce type d’imprimante à un prix raisonnable mais HP se gave sur le consommable à prix d’or ! Je précise également que ces imprimantes doivent être connectées en permanence à un réseau HP pour en avoir toutes les fonctionnalités (déplorable)… Bon, vous avez compris, je me suis fait avoir 🐦",26.3.1,2026-09-08T04:00:24-07:00,global,iOS App Store,0
14524575192,Matrix26779,1,Sempre problemi!!,"Dopo l’ultimo aggiornamento dell’app, mi sono state cancellate tutte le stampanti già configurate e ora non riesco nemmeno più ad associarle xché non vengono trovate nella ricerca. Sempre problemi con hp ….😔",26.3.1,2026-09-08T02:19:31-07:00,global,iOS App Store,0
14524227275,emy gabby lopez,1,Not get,Sucks,26.3.1,2026-09-07T23:33:03-07:00,global,iOS App Store,0
14523874242,BetoFley,5,Excelente,Pero no sé si se le da mantenimiento llevo dos años con ella y hasta ahora me sale como una línea cuando imprimo en negro,26.3.1,2026-09-07T20:43:42-07:00,global,iOS App Store,0
14523740259,Msnabs,1,Scanning sucks,Was scanning photos for my moms obit—- the app crashed and lost the photos that I’d scanned.. why is there not a feature to save your progress..,26.3.1,2026-09-07T19:45:32-07:00,global,iOS App Store,0
14523713507,Brooke.22,1,Bad experience,Printing time is low in instant ink subscription. All pages used and charged for end unite recycling bin. Frustrating and quite the rip off,26.3.1,2026-09-07T19:34:24-07:00,global,iOS App Store,0
14523575163,Mariodesantalola,5,Impressora,"Aplicativo muito completo, sempre que minha impressora dá problema ele me salva.",26.3.1,2026-09-07T18:38:55-07:00,global,iOS App Store,0
14523555027,Harrison234,1,Your App,And hardware and the listing of the hardware absolutely sucks. What do you do have a kindergarten who didn’t know how to do their ABCs organize the files? I’ve had multiple problems at HP. I would not buy from them again.,26.3.1,2026-09-07T18:30:57-07:00,global,iOS App Store,0
14523448974,Rj8484,1,Horrible customer service,"I haven’t used my printer in a little while because I don’t need to, but I got it for stuff that I want to print and today I turned it on try to print nothing says I have to log on and talk to HP support I didn’t buy the printer to have to call people nothing’s happened to this thing it’s the same Wi-Fi. Everything is the same but I go ahead and try to get on there. That’s when I find out. HP has the most horrible customer service I’ve ever",26.3.1,2026-09-07T17:49:09-07:00,global,iOS App Store,0
14523427849,MaryCocoTrejo,5,Excelente aplicación,"Muy amigable
Aplicación y súper fácil de configurar con la impresora",26.3.1,2026-09-07T17:40:45-07:00,global,iOS App Store,0
14523323406,huddlemama,1,Ink,It says my ink level are great in the app. But u can barely read what’s printed. Need new ink. Tried to order and didn’t work,26.3.1,2026-09-07T16:59:20-07:00,global,iOS App Store,0
14523074550,sivaD navE,2,app crashes,App crashes every time i try to use a the printables,26.3.1,2026-09-07T15:19:44-07:00,global,iOS App Store,0
14523058749,Raja Qasim Ali,5,Fantastic,Superior quality print,26.3.1,2026-09-07T15:13:33-07:00,global,iOS App Store,0
14522972291,Jessfifty,4,Can’t use my laptop for printing,Why can’t I use this app directly from my own laptop so I can print files without sending it to my mobile phone first? This is a lot of hassle.,26.3.1,2026-09-07T14:39:52-07:00,global,iOS App Store,0
14522660899,Texgirl52199,3,Photos,I’m having trouble with it saying it’s jammed but I can’t find a jam.,26.3.1,2026-09-07T12:48:04-07:00,global,iOS App Store,0
14522652508,nicola_i62,1,Troppe forzature,Non va bene che ogni passo sia una forzatura ad acquisti e che cercare le features significhi navigare tra proposte commerciali. Per il resto potrebbe essere ok,26.3.1,2026-09-07T12:45:15-07:00,global,iOS App Store,0
14522516953,Ch Rk,3,Problème de sauvegarde,Difficulté à sauvegarder sur le Cloud Onedrive,26.3.1,2026-09-07T12:01:05-07:00,global,iOS App Store,0
14522246208,lolohuahine,1,Ce met toujours en erreur,"Je n’est eu que des problème depuis son achat, elle imprime que quand elle veux c’est très pénible! Ne recommande pas !",26.3.1,2026-09-07T10:36:52-07:00,global,iOS App Store,0
14522070288,lak_hda,5,La meilleure application du monde continue comme ça c’est la meilleure,"C’est la meilleure application du monde, continue comme ça",26.3.1,2026-09-07T09:43:52-07:00,global,iOS App Store,0
14521945591,vvgbbkkvgjo,1,Daten Datenschutz,"es wären so viele Daten abgefragt. Standort, zum Beispiel Name des Großeltern etc. als ob ich ein Kredit oder ein Darling für 30 Jahren beauftragen, möchte es es handelt sich nur um drücken WLAN Verbindung drücken. Mehr braucht man nicht totale abzocke und nicht mehr. Das hat funktioniert",26.3.1,2026-09-07T09:07:41-07:00,global,iOS App Store,0
14521943267,caroline_st,1,Difficult to connect,"Everyone I need to reconnect the printer, always a 15-20 min process. Not intuitive",26.3.1,2026-09-07T09:07:02-07:00,global,iOS App Store,0
14521827473,Vansma,1,Demasiado difícil la conectividad para imprimir,Jamás volveré a comprar algo hp,26.3.1,2026-09-07T08:34:16-07:00,global,iOS App Store,0
14521726599,sod orf,4,Hp 2900 do,"I never give a full house unless exceptional, SO FAR it’s close so maybe a 4 1/2",26.3.1,2026-09-07T08:06:01-07:00,global,iOS App Store,0
14521638583,Pakap94,2,UTILE SOLO PER SCANSIONE,"La utilizzo solo per la scansione foto in PDF, mentre per utilizzare le stampanti HP è terribile: si scollega di continuo, si disconnette e non permette di inserire automaticamente i campi utente e password, lenta e macchinosa.",26.3.1,2026-09-07T07:41:27-07:00,global,iOS App Store,0
14521472288,kalibom,5,Amando minha impressora,10,26.3.1,2026-09-07T06:54:31-07:00,global,iOS App Store,0
14521307459,Bemo73,1,Trovatevi un lavoro vero,Ma cosa belino vi aggiornate se non siete capaci,26.3.1,2026-09-07T06:05:14-07:00,global,iOS App Store,0
14520682464,Violetvallencourt,1,Awful,"Attempting print photos and it’s zooming in, cutting off half of the photo and then the next one is small with everyone’s heads missing. It’s meant to be auto detect and I’ve checked the alignment and run cleaning. Just absolutely awful.",26.3.1,2026-09-07T02:05:22-07:00,global,iOS App Store,0
14520625029,пользователь 404077,1,Scannen nach Update nicht mehr verfügbar,"Nach dem Update der App ist die Scan-Funktion meines HP-Multifunktionsdruckers wieder nicht verfügbar bzw. nicht mehr auffindbar. Statt einfach direkt über den eingebauten Scanner scannen zu können, muss ich die App neu installieren, das Gerät entfernen und erneut hinzufügen oder andere Umwege ausprobieren. Das kostet unnötig viel Zeit und ist sehr frustrierend. Für eine App eines großen Herstellers ist das äußerst unprofessionell. Eine grundlegende Funktion wie das Scannen sollte nach einem Update zuverlässig und sofort verfügbar sein.",26.3.1,2026-09-07T01:38:13-07:00,global,iOS App Store,0
14520240270,Printer issue all pages in 1,2,Not printing complete doc,Only one pager print is showing for all pages,26.3.1,2026-09-06T22:33:49-07:00,global,iOS App Store,0
14520233089,Ashkhu1601,1,Cannot access my files in an off-line mode,"While the app is good, it only works as long as you’re connected to the basic printer and once you store the files on the HP Drive, there is no way you can access them off-line. If you’re out of the printer connection zone or if you want to access them outside the house? I think in that case this pretty useless. It defeats the basic purpose of having files stored online.",26.3.1,2026-09-06T22:30:21-07:00,global,iOS App Store,0
14520214601,Pantzer gun,5,Excepcional,"Supero mis expectativas, aunque tengo relativamente poco usándola, 1 mes aproximadamente",26.3.1,2026-09-06T22:21:34-07:00,global,iOS App Store,0
14519944145,Aarónoner,1,Donde verggas está el puto icono de scan,"Donde chingados pusieron el puto icono de scan como chingan con scan desde la cámara, quiero hacerlo desde la pinche impresora si hubiera querido hacerlo de la pinche cámara del celular para que chibgados compro una impresora con scanner culeros aparte no tienen a un puto número donde marcar",26.3.1,2026-09-06T20:17:41-07:00,global,iOS App Store,0
14519897941,qfbACG,1,Podría ser mejor,No funciona del todo bien y no es tan intuitiva como otras. Falla mucho,26.3.1,2026-09-06T19:57:40-07:00,global,iOS App Store,0
14519525376,cusjun,1,Dissatisfied,Failed to contact with printer despite good connectivity,26.3.1,2026-09-06T17:24:57-07:00,global,iOS App Store,0
14519447311,qweryyjbgfcbkjig,5,Convenient and quality printing at home,I am so happy subscribing to the monthly printing program. It is affordable and easy.,26.3.1,2026-09-06T16:52:25-07:00,global,iOS App Store,0
14519404199,Bewerter 12,1,Mit IPhone 17 Pro Katastrophal,Ich bin von einem iPhone 14 Pro auf ein iPhone 17 Pro umgestiegen und seitdem funktioniert die App kaum noch. Ich kann nicht mehr scannen etc.,26.3.1,2026-09-06T16:34:01-07:00,global,iOS App Store,0
14519401259,Andrés gomita,4,Funciona bien pero hay un detalle,La impresora y la aplicación son fáciles de usar con embargo hay q esperar a q agarren bien,26.3.1,2026-09-06T16:32:47-07:00,global,iOS App Store,0
14519379502,nerdinnash,1,It sucks,"This app prints photos in terrible formats, doesn’t frame the photos to what was intended, it cuts parts off unless you go to every photo and select “fit” every time. And if I reverse a photo in my photo app, when I print it, it only prints the original version and not the reversed version.",26.3.1,2026-09-06T16:23:37-07:00,global,iOS App Store,0
14519298932,Péquelas y,5,Facilísimo,"Encontró mi impresora sin preguntarme nada, la configuro y pude escanear sin ningún problema, súper fácil, me encantó
Se puede escanear con la cámara de mi móvil y escanear una imagen del álbum fotográfico de mi móvil",26.3.1,2026-09-06T15:50:04-07:00,global,iOS App Store,0
14519089952,Sillywabbit25,1,Worst Scanning Feature ever,I’ve never had such a miserable experience with trying to scan a document Until this POS printer! The app is useless My printer is basically new and It was a waste of money!,26.3.1,2026-09-06T14:25:05-07:00,global,iOS App Store,0
14518978344,Duclea,5,Print from cell phone,"I cannot believe how easy it was for me to print a document from my cell phone! Love this printer. Set up was easy, especially for somebody who’s low tech lol",26.3.1,2026-09-06T13:42:23-07:00,global,iOS App Store,0
14518956760,Vintage BFG,1,Je déconseille cette imprimante !!!!,Imprimante qui imprime quand elle le décide. Le Bluetooth se déconnecte quand il le souhaite. Elle vit sa vie !!! Je mets une étoile car impossible de mettre zéro. L’encre s’évapore à une vitesse exponentielle alors que très peu d’utilisation. Impression des documents très lente. Numérisation est excessivement longue page par page. Je déconseille fortement cette imprimante et j’en suis très mécontente.,26.3.1,2026-09-06T13:34:22-07:00,global,iOS App Store,0
14518899694,1x.n,1,Tomorrow will be MY 6th Call to you to TRY TO GET THIS 2 WEEK OLD PRINTER TO WORK!!!!!!!!!,It prints from my computer - for a few days - then will not print!!!!!!!!!,26.3.1,2026-09-06T13:13:25-07:00,global,iOS App Store,0
14518856984,Kevin rrh,5,Específico,Muy bien explicado todo cuando compras un dispositivo te da las opciones más a tu favor y excelentes productos,26.3.1,2026-09-06T12:58:18-07:00,global,iOS App Store,0
14518583460,he choose me 🙌,1,Nope,"Do not buy, constantly kicking off of the intranet , won’t print.",26.3.1,2026-09-06T11:26:04-07:00,global,iOS App Store,0
14518523093,waleed m45,1,Slow,Too slow. The app to printer communication is very slow,26.3.1,2026-09-06T11:06:49-07:00,global,iOS App Store,0
14518401667,Gurprreet,1,How bad,the colour wont print out properly at all,26.3.1,2026-09-06T10:28:42-07:00,global,iOS App Store,0
14518252073,IanSh,1,Useless,"Does not permit camera scan printing on any European paper size other than A4.  And if you use A4, chops the bottom of the image off.

Has a serious problem listing printers. My Office Jet Pro (listed as “My Printer 2”) keeps being deleted and replaced with a non existent “My Printer 4”

Also the problem with using a Sky TV box on the iPad has not been resolved. Basically, it is not possible to access and view stored Sky material unless the HP app is also running.",26.3.1,2026-09-06T09:43:11-07:00,global,iOS App Store,0
14518031033,yekratsnod,2,Absolutely Cantankerous,Never ever in life have I experienced any machine that is as temperamental in communicating with the app than this “Smart” Tank 5103,26.3.1,2026-09-06T08:38:39-07:00,global,iOS App Store,0
14517813607,thiagohcp,2,Imprime frente e verso?,"Não estou conseguindo imprimir frente e verso pelo celular, da pra usar essa função ?",26.3.1,2026-09-06T07:37:08-07:00,global,iOS App Store,0
14517799310,Madhusudharsanan,5,HP PRINTER,HP PRINT FROM ANYWHERE IS AN AWESOME FEATURE ABSOLUTELY LOVED IT,26.3.1,2026-09-06T07:33:08-07:00,global,iOS App Store,0
14517765283,Mayooraunni,5,Wowew,User friendly😋😋😋😁,26.3.1,2026-09-06T07:23:30-07:00,global,iOS App Store,0
14517475504,Arijit Bagchi,1,Service,Servicing is very bad and after 4-5 years printer not working properly,26.3.1,2026-09-06T05:59:08-07:00,global,iOS App Store,0
14517204929,sara1979sa,5,Top,Perfetta,26.3.1,2026-09-06T04:29:56-07:00,global,iOS App Store,0
14517152301,Campunknita,1,Horrible connection and nightmare ux,It is shocking how this app can be live. Such a frustrating app to use,26.3.1,2026-09-06T04:11:01-07:00,global,iOS App Store,0
14516885462,E has dvvgand d,3,Hp,Me gusta mucho la facilidad pero algunas impresiones me salen borrosas o no se ajustan al papel y no me sale completa,26.3.1,2026-09-06T02:26:29-07:00,global,iOS App Store,0
14516599199,COR333666999,1,Shocking,"An app as terrible as the printer it “supports”
I spent several hours, over numerous days trying to get this app and the HP Deskjet I bought. Even AI couldn’t help. 
Absolute trash, I gave up and returned the printer and bought a Canon, which was a breeze to set up.
I can’t comment on the printing capabilities of the Deskjet, as I never actually got to see it in action.",26.3.1,2026-09-06T00:30:26-07:00,global,iOS App Store,0
14516595438,Beppe#5,2,Gestione Complessa,"Del proprio account , dove l’applicazione non è proprio tale in quanto la navigazione è farcita di continuo relink e pagine esterne che chiedono sempre il login per accedere a qualunque informazione. 
complicato arrivare ai metodi di pagamento agli indirizzi ed alla pagina di ricorderò wi-fi. A queste condizioni da bocciare.",26.3.1,2026-09-06T00:28:51-07:00,global,iOS App Store,0
14515671507,JanetBorders,5,Printing my business license,Yeah it works,26.3.1,2026-09-05T18:07:19-07:00,global,iOS App Store,0
14515318318,brittyhorne,1,Frustrating,It never prints when i need it too. I don’t know if it’s me or the printer but printing shouldn’t be this complicated every time.,26.3.1,2026-09-05T15:44:55-07:00,global,iOS App Store,0
14515112754,Jackienavea,5,Amazing,Amazing,26.3.1,2026-09-05T14:21:55-07:00,global,iOS App Store,0
14514920607,jjowa53,1,Confusing to scan,"I’m not the most tech savvy, but I haven’t figured out how to scan from my printer and save to my computer? Send I HAVE to use my phone…?",26.3.1,2026-09-05T13:10:12-07:00,global,iOS App Store,0
14514708471,Leesaaaahh10,5,Reccomend!,Great printer!! Use it for photos and the quality is always amazing!!,26.3.1,2026-09-05T11:57:24-07:00,global,iOS App Store,0
14514614172,Tanzen,1,Poor app design,Every time I try to print the app says the tray is empty. Turns out the app is so dumb it warns tray is empty even if u want to print from main tray not the photo tray. So u have to load photo tray even if u are not using it. Only figured this out from an user on a forum. Stupid HP support couldn’t even figure it out.,26.3.1,2026-09-05T11:26:07-07:00,global,iOS App Store,0
14514293270,memamaorjfhfhsks,3,Connecting,This printer loses connection often and is hard to reconnect.,26.3.1,2026-09-05T09:47:20-07:00,global,iOS App Store,0
14514277226,masmoncada,5,Intuitivo,Molto intuitivo e semplice da usare,26.3.1,2026-09-05T09:42:44-07:00,global,iOS App Store,0
14513956928,Mikalil 20,5,Highly recommended,Best printer for any kind of work.,26.3.1,2026-09-05T08:12:12-07:00,global,iOS App Store,0
14513723558,DennisBeechwood,4,Too dark,The printer prints darker than the actual picture - especially faces,26.3.1,2026-09-05T07:08:01-07:00,global,iOS App Store,0
14513662848,LangGreen,5,Printed a picture from my phone,"Excellent, thank you",26.3.1,2026-09-05T06:51:13-07:00,global,iOS App Store,0
14513135350,M4boj,2,Connectivity,Having real trouble connecting to the printer using my Mac.  Followed HP troubleshooter and Google answers but no connectivity.  Uninstalled the printer but now the App cannot see the printer.  iPad works fine.,26.3.1,2026-09-05T04:06:23-07:00,global,iOS App Store,0
14512375480,Jperez5597,5,Get it!,"Yes I had to stop and write a review! I love my printer and the accessibility it’s so easy to understand, use the app, scan, ink all of it great",26.3.1,2026-09-04T23:01:05-07:00,global,iOS App Store,0
14512182143,I_Want_Candy,1,Hp envy 6531e,Worst printer for photos. Keeps saying it’s jammed when it’s not,26.3.1,2026-09-04T21:36:31-07:00,global,iOS App Store,0
14512108470,Yuri Grace,5,Best printer ever!,"I’ve owned so many printers over the years, and the HP Smart Tank 7602 is by far the best! It’s incredibly easy to set up, fast, reliable, and the print quality is excellent. I especially love how much ink it holds, no constantly running out or replacing cartridges. It has made printing so much easier and less expensive. I honestly couldn’t be happier with this printer and highly recommend it!",26.3.1,2026-09-04T21:04:32-07:00,global,iOS App Store,0
14512100723,Pongan servidores en español,5,Súper,La acabo de instalar y hasta ahora todo súper,26.3.1,2026-09-04T21:01:21-07:00,global,iOS App Store,0
14512085614,IonHazard,1,Worst printer ever purchased,3 hours later and it still has no idea how to connect,26.3.1,2026-09-04T20:55:00-07:00,global,iOS App Store,0
14511932465,jum739466,1,HP 2900,Wildly overcomplicated for all I want. Simple print copy scan,26.3.1,2026-09-04T19:53:02-07:00,global,iOS App Store,0
14511890665,Mat965,1,Works when it wants to,Some times it works and it does not when needed the most,26.3.1,2026-09-04T19:36:43-07:00,global,iOS App Store,0
14511845448,El ezquividi,5,Fantástico,Es muy buena aplicación la recomiendo,26.3.1,2026-09-04T19:19:27-07:00,global,iOS App Store,0
14511343464,Ptrentini,5,Do I have to tell the truth?,The truth is: You can do it all from your phone. Thanks HP.,26.3.1,2026-09-04T16:05:52-07:00,global,iOS App Store,0
14511228779,Allen Dakota,1,HP instant ink printer experience is the worst I’ve ever had with any technology,"The printer prints 10% of the time. It’s not reliable at all. The app doesn’t work to print most of the time. It’s not integrated into iOS or windows well. Couldn’t process my subscription despite everything being current. Air print works sometimes - other times not. Sometimes I can print via usb. Other times not. Sometimes I don’t think it works and then it prints 10 copies of failed attempts despite having cleared the printing queue. The app is no help. No one else in the house can get their devices to print wirelessly, so they have to send to me. I have wasted hours. Sucks on windows, MacOS, and Windows. We will be replacing this hp printer and never purchasing another as long as I live. I didn’t realise I was buying a machine that would lock me into a subscription service. Thought I’d give it a go. Nothing but regret. Terrible experience.",26.3.1,2026-09-04T15:20:23-07:00,global,iOS App Store,0
14511173609,Bk63567,3,Mobile FAX section broken,The mobile Fax portion of this app is broken if you go to send a fax it will say that it is ringing even after it’s already successfully connected and sent your Fax if it’s unsuccessful you wouldn’t know about it until later,26.3.1,2026-09-04T14:58:53-07:00,global,iOS App Store,0
14511054083,Isabella Tessarim,5,Muito útil,"Não estava conseguindo imprimir sem o app mesmo já tenho feito sempre sem o app, com o app me
Conectei funcionou tudo certo e até digitalizar vai direto pro celular muito bom, além da opção de fax entre contas no genial",26.3.1,2026-09-04T14:12:34-07:00,global,iOS App Store,0
14511007002,RoninLP57,1,No connection,Won’t connect with devices to print.,26.3.1,2026-09-04T13:54:46-07:00,global,iOS App Store,0
14510818891,Jpollyyeh,5,First printer,">>be me
>>25(f) 
>>hoping to establish independence
>>buy printer
>>it works",26.3.1,2026-09-04T12:46:19-07:00,global,iOS App Store,0
14510794339,trashgamelolol,1,Stupid,"This is the most useless app, 90% of the time the print button doesnt work and out of a 3 page document it will print one page",26.3.1,2026-09-04T12:37:41-07:00,global,iOS App Store,0
14510692988,Anti tech tipe,4,App use,Excellent and easy,26.3.1,2026-09-04T12:02:38-07:00,global,iOS App Store,0
14510517804,Lulu/D,5,Numérisation avec application mobile,Facile d’utilisation et très pratique.,26.3.1,2026-09-04T11:03:41-07:00,global,iOS App Store,0
14510422990,Pierre C77,1,Can’t download app to printer because it’s saying there’s billing problems what type of sc is this,I can’t even download this printer without putting a credit card on it why,26.3.1,2026-09-04T10:32:40-07:00,global,iOS App Store,0
14510412217,Wyoming Tiny Nana,4,Good quality Great Price,"I really like this HP 6500. It was easy setup, even for those like me that are technologically challenged. It responds great from one room to another and doesn’t take that much space. Recommend",26.3.1,2026-09-04T10:29:12-07:00,global,iOS App Store,0
14510396305,Neiser-96,5,Excelente,Buen servicio y calidad a tope de gama,26.3.1,2026-09-04T10:24:06-07:00,global,iOS App Store,0
14510364506,Not a BOT UGH,1,HORRIBLE,The agents don’t comprehend English! The printer takes forever to setup and print! They don’t send the paper or ink unlimited as stated.,26.3.1,2026-09-04T10:14:01-07:00,global,iOS App Store,0
14510357068,MoniCece,5,Love my printer/scanner/ fax,Amazing tool to work at home!!!I discover today that I can fax!!! Love my printer,26.3.1,2026-09-04T10:11:42-07:00,global,iOS App Store,0
14510232352,RollerMJR,2,Connectivity,Constantly disconnects from Wi-Fi,26.3.1,2026-09-04T09:33:20-07:00,global,iOS App Store,0
14510139213,Franzita,5,Ottimo,"Perfetta in tutte le sue funzioni 
Consigliatissimo",26.3.1,2026-09-04T09:05:27-07:00,global,iOS App Store,0
14510076173,Lennartabcdefgh,1,Garbage app,Any time I want to print something I need an hour of fighting the app and the printer before it works.,26.3.1,2026-09-04T08:46:59-07:00,global,iOS App Store,0
14510044877,Cocotheonly,5,Love the ease of the HP,"Excellent quality print, fast, easy installation, just perfect",26.3.1,2026-09-04T08:37:56-07:00,global,iOS App Store,0
14509703387,Scarson4,1,Printer,Does always connect to internet therefore delaying printing,26.3.1,2026-09-04T07:02:20-07:00,global,iOS App Store,0
14509650861,Evaanjotsingh,2,Good,Ho print app is very good,26.3.1,2026-09-04T06:47:50-07:00,global,iOS App Store,0
14509151854,Huey the Handyman,1,Printer hardware & software,"Nothing but trouble, problem after problem connecting iPad to printer, loading software & trying to print
Redundant device sitting in the corner collecting dust",26.3.1,2026-09-04T04:18:26-07:00,global,iOS App Store,0
14508941315,Angus Gibson,5,Installation ok,Éteindre parfois car imprimante non trouvée,26.3.1,2026-09-04T03:02:30-07:00,global,iOS App Store,0
14508782067,Ciccio6996,5,Stampante HP,"Ottima e professionale! Perfetta per file, documenti, Fax si connette perfettamente al Wii-Fii!!",26.3.1,2026-09-04T01:57:33-07:00,global,iOS App Store,0
14508383535,ce ulme,5,STAMPANTE ENVY 6132 e. Tutto ok,STAMPANTE ENVY 6132 e. Tutto ok     FUNZIONA TUTTO ANCHE APP,26.3.1,2026-09-03T22:56:42-07:00,global,iOS App Store,0
14508159118,MaeBelleG,5,HP Dealer 2900,I’m enjoying this printer. Very easy to set up. Instructions are straightforward. I’m glad I purchased this printer!,26.3.1,2026-09-03T21:12:47-07:00,global,iOS App Store,0
14508005511,ChetCat,1,Doesn’t Work,HP Can’t Find My Printer on the Network,26.3.1,2026-09-03T20:04:18-07:00,global,iOS App Store,0
14507864499,alaskabeaner,1,Printer not set up correctly.,Bad.,26.3.1,2026-09-03T19:05:56-07:00,global,iOS App Store,0
14507839083,jdjxjzz,1,Es bueno pero tiene fallas,Al mandar a imprimir mi impresora imprime el archivo mal faltando información del documento o dejándolo a medias haciendo que pierda hojas de papel en impresiones,26.3.1,2026-09-03T18:55:47-07:00,global,iOS App Store,0
14507819183,ALWde,5,HP Great,HP is always helpful when l run into a issue wether it’s with agent or with Sage thanks HP,26.3.1,2026-09-03T18:47:53-07:00,global,iOS App Store,0
14507808167,nikinot,5,I love my printer,I have used this printer a lot and it is very good would recommend,26.3.1,2026-09-03T18:43:29-07:00,global,iOS App Store,0
14507638597,madticketbuyer,1,HP Printer Setup,A new printer setup which should only take 30 minutes is taking hours to troubleshoot. This has been the worst experience with HP ever and my previous printer was an HP. Everything is setup but I can’t get any documents to print from my laptop or mobile. They are more worried about getting a subscription for ink. SMH.,26.3.1,2026-09-03T17:36:08-07:00,global,iOS App Store,0
14507531195,cocobaby55,5,My ho printer,"This printer is remarkable, live everything about it.",26.3.1,2026-09-03T16:52:36-07:00,global,iOS App Store,0
14507479530,Ducati ST,1,Always trouble printing,"I have an iPad and the HP print rarely if ever works,basically rendered my printer an anchor,  App doesn’t help, as useful as a chocolate fire guard",26.3.1,2026-09-03T16:31:39-07:00,global,iOS App Store,0
14507461664,KIYA7@,5,Numérisation,Top et rapide !,26.3.1,2026-09-03T16:24:27-07:00,global,iOS App Store,0
14507442403,Set Up is Awful,1,Set up,HP Color LaserJet Pro MFP 3301e,26.3.1,2026-09-03T16:16:50-07:00,global,iOS App Store,0
14507222699,Archer350,1,HP Printer,We have nothing but trouble with this printer. We bought it as we were told the ink lasts forever. Probably because we can never get anything to print.,26.3.1,2026-09-03T14:49:35-07:00,global,iOS App Store,0
14507220193,None / Available,5,Optional,Optional,26.3.1,2026-09-03T14:48:35-07:00,global,iOS App Store,0
14507144291,西湖一舟,5,质量靠硬,只用用惠普打印机，稳定耐用，省耗材。,26.3.1,2026-09-03T14:18:49-07:00,global,iOS App Store,0
14507060781,b41t3d-&-c4ught,1,Another scammy subscription,"I never would have gotten the printer if I knew it required an Instant Ink subscription. I can’t print unless I pay them monthly, have to estimate my monthly printing needs in advance, and if I cancel the subscription they remotely disable the ink cartridges I have, even if they’re full. Wasteful, scammy, designed to get as much money out of their users as they can under the guise of “convenience.”",26.3.1,2026-09-03T13:47:04-07:00,global,iOS App Store,0
14506869056,Jose de la Playa,5,Envy 6110r,Everything works as it should. Fairly simple to understand. Good quality printing.,26.3.1,2026-09-03T12:37:00-07:00,global,iOS App Store,0
14506774633,Ld1986,1,Absolute bane of my life,Your printer and your ap is absolutely horrendous. Every time I try to print something off for work I end up pulling my hair out. Something that should be so simple made ridiculously hard for no reason what so ever. It’s always a new problem that I can’t print something even when I’ve spent 3 hours a week ago just trying to print one document. And I end up paying a printer firm to print my drawings for me even though I bough your over-priced and completely useless headache printer. Rating:  -10/100,26.3.1,2026-09-03T12:04:02-07:00,global,iOS App Store,0
14506726434,Pine barons,5,Hp smart,"I loved my hp smart 8030 model. Although I bought it a few years ago it had worked  wonderfully well and with hp services on it, it works excellently whether on my iPhone, iPad or laptop.
     I upgraded to the 9125E Printer, which is one of the best decisions I’ve made in a while. As a technology has moved on with AI and being involved in everything today, the 9/25e is a much-needed Printer.",26.3.1,2026-09-03T11:47:26-07:00,global,iOS App Store,0
14506671378,Should Have Bought an Epson,1,Operating System Sucks,I’ve never had so much trouble printing from my phone for being the latest technology. This printer sucks so far.,26.3.1,2026-09-03T11:28:45-07:00,global,iOS App Store,0
14506639291,Babyfacegene,1,Printer sucks,Can’t print 5x7 pictures and that is the reason why I bought it. No good to me. And it’s their brand paper!!!,26.3.1,2026-09-03T11:18:06-07:00,global,iOS App Store,0
14506568025,Skymanbart,1,Rubbish,Will never buy ever again,26.3.1,2026-09-03T10:55:02-07:00,global,iOS App Store,0
14506554028,Lruiz1,5,THE BEST FOR REMOTE WORK,"I don’t have a fax machine to work from home with and I can do everything with this. Scan, fax, get fax confirmations, print anything, order toner, see toner levels, and more. This is great!",26.3.1,2026-09-03T10:50:25-07:00,global,iOS App Store,0
14506484904,kiltielass,4,Scan 2-2,"This little printer might seem tiny, but it is mighty. The only thing I wish it would scan and or print double-sided to double-sided.",26.3.1,2026-09-03T10:27:41-07:00,global,iOS App Store,0
14506331651,Ruben >:3,1,KYS,stupid printer doesn’t work kya,26.3.1,2026-09-03T09:39:16-07:00,global,iOS App Store,0
14505588338,Realfriendsonly,5,DESKJET 4355,Easy to set up. Easy print. Thanks,26.3.1,2026-09-03T05:59:48-07:00,global,iOS App Store,0
14505506969,Ramblers 92,1,Horrible,"Printer often doesn’t respond when print jobs are sent. When the printer does cooperate, HP engages in extortion and charges me 2.00 to print on MY BOUGHT AND PAID FOR PRINTER",26.3.1,2026-09-03T05:35:04-07:00,global,iOS App Store,0
14505334943,berndttiberg,3,Mycket lagg,Vill inte skriva ut från dator/mac. Omstart krävs av både dator och skrivare. Försöker få igång skrivaren. Efter två timmar ger jag upp och försöker skriva ut dokumentet från hp-appen i min mobil. Och då! Då plötsligt fungerar skrivaren. Fattar ingenting.,26.3.1,2026-09-03T04:41:13-07:00,global,iOS App Store,0
14505102538,CosminLungu,1,Ya no existe el escaneo de impresora,"Que sin sentido tiene pagar por una impresora y que por actualizar la aplicacion ya no me permita ESCANEAR UNA HOJA desde la impresora que he pagado. Estamos locos? Como vais a quitar una de las funciones mas basicas de una impresora, me parece absurdo esto.",26.3.1,2026-09-03T03:18:42-07:00,global,iOS App Store,0
14504960279,Nervenkrieg,1,Permanente Werbung,Ich möchte eine Druckersoftware und keine unendlichen Hinweise Druckerpatronen zu bestellen.,26.3.1,2026-09-03T02:19:59-07:00,global,iOS App Store,0
14504940188,hp.nf,5,Kamera Scan funktioniert super,Kamera Scan funktioniert super,26.3.1,2026-09-03T02:11:26-07:00,global,iOS App Store,0
14504774656,coppinjo,5,"So far, so good",Just set up today. Set up SUPER easy. Already printing away & all is going great. Day 1 = 0 complaints,26.3.1,2026-09-03T00:56:39-07:00,global,iOS App Store,0
14504224428,Ashlab home improvement,5,Very handy,It works great still and l have it for five years.,26.3.1,2026-09-02T20:38:42-07:00,global,iOS App Store,0
14504200382,#4F,5,Great printer,This Wi-Fi printer is easy to set up- directions are understandable by a “ not technically inclined “ person. Just take your time between steps. Nice quality,26.3.1,2026-09-02T20:28:08-07:00,global,iOS App Store,0
