id,author,rating,title,content,version,date,country,platform,vote_count
14615580038,Martuchys79,3,Se traba la App,Se des configura y se traba muy fácil el equipo y no hay buena comunicación entre la app y mi equipo,26.3.1,2026-10-01T09:31:24-07:00,us,iOS App Store,0
14615450922,redrosepink,1,Hp smart tank 615,"i bought my printer for just over a year but it has been bugging down already…technician had come and check on it for 4 to 5 times but after he left, printer is in trouble again😩",26.3.1,2026-10-01T08:52:42-07:00,us,iOS App Store,0
14614638635,Toxicberryz,1,Don’t get,Horrible app as well as horrible company printer stop working because it need a subscription now,26.3.1,2026-10-01T04:57:01-07:00,us,iOS App Store,0
14613504784,Holyballer27,1,Hp printers are the worst,So hard to get this printer to print,26.3.1,2026-09-30T21:12:01-07:00,us,iOS App Store,0
14613475182,Nord keyboard,1,Hp,"Difficulty getting printer to connect to internet. I have done everything I know to do. At times it will connect after waiting a while, other times will not connect at all. Very frustrating.",26.3.1,2026-09-30T20:59:43-07:00,us,iOS App Store,0
14613187301,Buena inversión,5,Increíble,Excelente calidad,26.3.1,2026-09-30T19:04:48-07:00,us,iOS App Store,0
14613147649,Slonk41,1,It sucks,It’s a POS,26.3.1,2026-09-30T18:49:57-07:00,us,iOS App Store,0
14612595269,richie d 53,4,Scanning issues,Cell phone and scanning unit don’t always connect easily scanner asks for password which we don’t have then 10 mins later lets you scan frustration,26.3.1,2026-09-30T15:16:39-07:00,us,iOS App Store,0
14612520699,Quani55,5,HP Printer,I love it so easy to use,26.3.1,2026-09-30T14:47:18-07:00,us,iOS App Store,0
14612468994,Sgnarly42,1,Can’t print without connectivity,Do you love troubleshooting printers.. well look no further.  HP has created a new infuriating failure path.  The printer must have connectivity to HP cloud to print.  This happens so they can track your usage for insta ink but is required even if you purchase the cartridges yourself.  I have excellent WiFi.  The printer diagnostics even said I had excellent WiFi.  It was the connection handshake to their own cloud that stopped me and my business in its tracks.  4 hours total troubleshooting on a 2 month old printer,26.3.1,2026-09-30T14:26:55-07:00,us,iOS App Store,0
14612458457,Władysław Anders,1,No assistance,Can’t get help doing anything,26.3.1,2026-09-30T14:22:53-07:00,us,iOS App Store,0
14612364021,I must be an astronaut,1,Pay to play?,For the life of me I’m not sure why I would have to pay to use my (the one I purchased in full wit my money) in order to print a document. If I don’t need ink for a month that shouldn’t preclude me from printing. Terrible business model don’t sign up!,26.3.1,2026-09-30T13:46:54-07:00,us,iOS App Store,0
14612204549,BelievingJames,4,Photos,"My biggest wish is a way to put multiple images on the same page and create sizes like 4x6 and 5x7, otherwise it’s easy and friendly.",26.3.1,2026-09-30T12:48:19-07:00,us,iOS App Store,0
14612159034,Fucc3Facebook,1,Rip off,HP is a total rip off. They does rip you off and making you buy stuff that you can’t use so it’s a ripoff. I don’t recommend.,26.3.1,2026-09-30T12:32:12-07:00,us,iOS App Store,0
14612144919,nicolepereira4,5,Angelo was the best!!!,Angelo helped me out today and he was wonderful!,26.3.1,2026-09-30T12:27:17-07:00,us,iOS App Store,0
14612110879,salma Elkady,5,Se,This is excellent i am impressed,26.3.1,2026-09-30T12:15:39-07:00,us,iOS App Store,0
14611889253,Make it easy s,1,Bad connection for scanning,Really bad connection when it comes to scanning with cell app,26.3.1,2026-09-30T11:01:20-07:00,us,iOS App Store,0
14611474470,jlap2494,1,Login to print?,Insane that I need an account and to login to print from my phone. Absolutely absurd business choice.,26.3.1,2026-09-30T08:53:32-07:00,us,iOS App Store,0
14611425431,D C-J,5,Printing,I finally got my printer to print what I need after spending time on the phone with so many people to help me the only way I can print is by having the HP app on my phone and transferring it,26.3.1,2026-09-30T08:39:03-07:00,us,iOS App Store,0
14610844553,GaryUpa,1,Unable to scan from machine!,"It’s pathetic when it comes to scan using machine or app! I mean when we have physical machine, why we are forced to scan with app!!?? All the steps are so non user friendly! Never expected such thing from HP!",26.3.1,2026-09-30T05:49:59-07:00,us,iOS App Store,0
14610433974,Myron Jacobs,5,Work horse,This app helps me and make the job pleasant to perform. Very happy with my HP.,26.3.1,2026-09-30T03:32:41-07:00,us,iOS App Store,0
14609488804,This printer suckss,1,Printer sucks,Printer app and printer suck,26.3.1,2026-09-29T20:19:08-07:00,us,iOS App Store,0
14609216196,quantum gravity's vision,1,Print connection,"Sometimes I have to turn the printer off or I have to turn the phone off to connect it back to my phone
The old printer I had from HP worked perfectly

I’ve returned one HP
To get this one it’s no better

as soon as I can I’m going to throw it away",26.3.1,2026-09-29T18:26:52-07:00,us,iOS App Store,0
14609105525,Borreguito22,1,Bad printer,Stupid printer,26.3.1,2026-09-29T17:43:10-07:00,us,iOS App Store,0
14609100292,LupeLu54,1,App broken again IPAD only,Now on my ipad I cannot display the number of pages that I have printed.  It worked this morning but now this afternoon it is broken.  Did all the troubleshooting steps and it still won’t work.  It works on my iPhone.  NOTE:   I can go directly to the website portal.hpsmart.com and the information pulls up.,26.3.1,2026-09-29T17:41:03-07:00,us,iOS App Store,0
14608753780,Bazart es lo máximo,5,Muy buena máquina,Hp una de las mejores impresoras . Fácil  de usar . Me encanta 😊,26.3.1,2026-09-29T15:19:25-07:00,us,iOS App Store,0
14608701911,Ddiorio,5,Fed up,"Printer acts up , says it’s asleep then it says ready and I can’t get anything to print",26.3.1,2026-09-29T14:58:18-07:00,us,iOS App Store,0
14608670856,Joe Hinrichs,3,Clunky app,Sometimes more tech is less efficient than old school ways of printing.  Im still not sure where to find my IP address for my printer.  It’s completely wireless and difficult to reconnect too.,26.3.1,2026-09-29T14:45:50-07:00,us,iOS App Store,0
14608616780,Chenhtom,5,HP printer,"Keep up the great work, good",26.3.1,2026-09-29T14:24:06-07:00,us,iOS App Store,0
14607917072,great CA FX,5,Hp printer,Hp printers are the only printers I bought because they always worked for me.,26.3.1,2026-09-29T10:17:01-07:00,us,iOS App Store,0
14607720083,carvalho_47,1,Muito Ruim,"Lento trava muito era perfeito mudaram ficou muito lento, e so da  erro nunca tive problema para encontrar minha hp 5822 agora so resetando ai encontra depois não encontra mais,  não recomendo",26.3.1,2026-09-29T09:14:50-07:00,us,iOS App Store,0
14607583016,JulietShell68,5,Best printer!,This is the best printer and I’ve been having so much fun with the HP app printable’s section and I love how it tells me how much ink is left in the printer I would highly recommend,26.3.1,2026-09-29T08:33:28-07:00,us,iOS App Store,0
14607124819,Victor Jung,1,Instant print is sham,You buy your printer. Why can’t we print as we go … this is crazy where you cancel the service and you can’t print,26.3.1,2026-09-29T06:19:28-07:00,us,iOS App Store,0
14605809107,SpicyNuglet,1,Never buy Hp printer,the printer ink does not work just installed took four hours run run far away,26.3.1,2026-09-28T21:07:57-07:00,us,iOS App Store,0
14605505534,Gillebrown61,5,Love the Convenience,It is do easy to scan from my phone and love the ink refills that come in a timely manner.,26.3.1,2026-09-28T18:55:25-07:00,us,iOS App Store,0
14605299470,Flavor scientist,1,Can’t read pages,"I just printed a 14 page doc twice because I couldn’t read it the first time so I checked the ink, still full. Printed it again, still can’t read it.",26.3.1,2026-09-28T17:33:24-07:00,us,iOS App Store,0
14604730716,Pretty_slim,1,Worst printer,This is my 3rd HP Printer. It’s always breaking after 1 to 2 months of use. I barely print anything. Smh,26.3.1,2026-09-28T13:43:42-07:00,us,iOS App Store,0
14604518936,Nodrama46,5,HP 7600,"I am still learning and setting up features, but I love this printer.  Would love to have it in the black color.",26.3.1,2026-09-28T12:26:22-07:00,us,iOS App Store,0
14604439071,lauren22145,5,Easy to use,This app is easy to use and very clean. It doesn’t feel cluttered and is easy to navigate. I love the free printables,26.3.1,2026-09-28T11:58:41-07:00,us,iOS App Store,0
14604242301,edpollio,1,The worst,I truly think that HP printers are the worst a nightmare to set up never works properly with the Wi-Fi. Took me an hour to get a page printed and it’s the wrong size.,26.3.1,2026-09-28T10:52:34-07:00,us,iOS App Store,0
14604175982,Kvyl3n,2,Color pay off,Not printing pure black is gray,26.3.1,2026-09-28T10:30:51-07:00,us,iOS App Store,0
14604117363,Kizuta,1,/:,"Printers hate me, maybe partly iPhone?",26.3.1,2026-09-28T10:11:46-07:00,us,iOS App Store,0
14603821159,ORVOREO,4,Simply user Friendly,As a person who is not computer savvy the software is easy to use and navigate.,26.3.1,2026-09-28T08:39:03-07:00,us,iOS App Store,0
14603695989,HP DeskJet ultra 4828,5,HP DeskJet ❤️,The best app for my printer. Everything is convenient and easy to customise. Thank you! Ink Advantage Ultra 4828 in the heart❤️,26.3.1,2026-09-28T08:01:38-07:00,us,iOS App Store,0
14603569223,shaka928,5,Week,Review,26.3.1,2026-09-28T07:24:00-07:00,us,iOS App Store,0
14603520724,lbdell,1,Horrifically bad scanner.  The AI  seems to intentionally mess up every page.,Do not use if you can help it.,26.3.1,2026-09-28T07:09:49-07:00,us,iOS App Store,0
14603246623,Sraphel,1,Can’t scan documents,"Sometimes the scan option shows up on the app, sometimes it doesn’t. Not user friendly.",26.3.1,2026-09-28T05:47:09-07:00,us,iOS App Store,0
14603169888,rose1630,1,What a waste,"The printer never connect correctly. I spend hours trying to make it work, then it works and stops the next day. There’s no easy troubleshooting and their AI help is absolutely no help at all.",26.3.1,2026-09-28T05:22:45-07:00,us,iOS App Store,0
14602998614,Jbeamon5,5,Great App,So glad I came upon this App. I use it for during worship services and during conferences and meetings.,26.3.1,2026-09-28T04:24:59-07:00,us,iOS App Store,0
14602701627,Peter62000,1,Don’t want auto ink deliveries,"If you don’t accept the items the printer stops printing!! This is insane. Account issues??? I’m at home. My printer should print! It’s a tool. I bought it now I use it. It’s maintenance and use isn’t predicated on the paper and ink delivery I don’t need. A hammer, hammers! A printer prints. Get out of my house. It’s fully operational except a note on screen reading ‘account issue, your printer will not print.’ Forget the account",26.3.1,2026-09-28T02:24:34-07:00,us,iOS App Store,0
14601985959,Amit alampally,1,Worst set up experience,Terrible UX and even worse discovery of printers,26.3.1,2026-09-27T20:40:35-07:00,us,iOS App Store,0
14601778615,rox3509,5,Easy to use,Setting up the new home printer with the app was a Breeze.,26.3.1,2026-09-27T19:10:30-07:00,us,iOS App Store,0
14601753984,Luvs2print,5,Best lil printer,Office Jet Pro 8120e is perfect for home office !!! Great price too,26.3.1,2026-09-27T19:00:29-07:00,us,iOS App Store,0
14601750240,RevJmtgyfsswftfhh,1,Multi photo/page prints,The inability to add multiple images to the same page to utilize space is very wasteful when printing photos.,26.3.1,2026-09-27T18:58:56-07:00,us,iOS App Store,0
14601585063,Janet GL,5,Me encanta,Muy buena aplicación y sobre todo gratis 🤭,26.3.1,2026-09-27T17:51:53-07:00,us,iOS App Store,0
14601583418,mommmma07,5,Top performance,"I have had this printer for several years now, It has never let me down, working from home, arts and crafts projects, high school and college needs, scans, emails it does it all!",26.3.1,2026-09-27T17:51:14-07:00,us,iOS App Store,0
14601547256,$$EVIL,1,Slow,It takes forever to be able to print jobs take long to send!,26.3.1,2026-09-27T17:36:43-07:00,us,iOS App Store,0
14601304124,Worst ever purchase,1,Not happy,This printer constantly jams and there is no screen to tell you what’s wrong. App doesn’t even tell you what’s wrong. So tired of messing with it just to print a few pages. Worse purchase ever.,26.3.1,2026-09-27T15:55:00-07:00,us,iOS App Store,0
14601076609,Mrlolo30,5,Great printer/Scanner,"I just got it on 9/27/26. Installing was super easy and the quality of the prints and scans are great. Hopefully this printer isn't going to fail me down the road when I need it the most, like other have done.",26.3.1,2026-09-27T14:23:10-07:00,us,iOS App Store,0
14600824212,blueyedcntrygirl89,1,They suck,HP sucks. Random subscription charges. Never works when you need it. Always disconnects from my WiFi. Knows how to take your money but doesn’t know how to print. Would have never purchased this had I known how much everyone hates HP. No wonder their stuff is so cheap.,26.3.1,2026-09-27T12:51:11-07:00,us,iOS App Store,0
14600744688,DaRopeCuttaz,3,Scanning Issue,"Whenever I attempt to scan with the HP app, my printer shuts off.",26.3.1,2026-09-27T12:24:23-07:00,us,iOS App Store,0
14600387215,ZoraArkDun,2,Does not batch scan,I’ve now run a batch of 85 documents through my scanner using this app 3 times to have it fail to save the file at the end. Waste of time.,26.3.1,2026-09-27T10:31:46-07:00,us,iOS App Store,0
14599774211,ArwenEvenstar0761,1,Terrible,"I used to subscribe to HP’s Instant Ink program but stopped over a year ago as I don’t print enough documents to need a monthly subscription. I recently had to get a new router and cable box through my cable/internet service provider which ended up changing my WiFi network, so I now need to connect my printer to my new WiFi network. However, as I’m trying to do this, I keep getting messages that unless I update my payment method and resubscribe to the Instant Ink program, I cannot print using the cartridges that are literally already in my printer and have been for MONTHS as I BOUGHT AND PAID FOR THEM OVER A YEAR AGO!!! How is this even legal! Not only that, but the fact that HP can literally hold your printer hostage and stop you from using ink cartridges you own is enraging, disgusting, and terrifying. 

I’ve had HP printers and computers for many years, but I will NEVER buy another HP product ever again!!",26.3.1,2026-09-27T07:34:50-07:00,us,iOS App Store,0
14599598806,Ahunkocheese,1,Horrible app,"It took me over a day and a half to set up my printer and print exactly one correct page. HP sucks, their printers suck, horrid app design go buy from epson.",26.3.1,2026-09-27T06:44:38-07:00,us,iOS App Store,0
14599347304,Endzii0311,1,Garbage,"90% of the time the app doesn’t work. When I try to use the scan feature, it always disappears. App glitches out a bunch and freezes after selecting any other option and I’m tired of being bugged about signing up for their dumb ink subscription. I selected no once and am HOUNDED 3 more times after if I’m sure I wanna opt out. I’m gonna buy a different brand printer and just use this thing as target practice. Never again will I ever in my life own an HP printer.",26.3.1,2026-09-27T05:27:55-07:00,us,iOS App Store,0
14598575346,Michael-FSG,5,Got the OfficeJet Pro 8126,Works great! Very easy set up!,26.3.1,2026-09-27T00:28:48-07:00,us,iOS App Store,0
14598064081,JGRCK,5,HP,"Exelente producto, exelente aplicacion, me encanta 👍",26.3.1,2026-09-26T20:44:41-07:00,us,iOS App Store,0
14597897580,User_m_0321,5,User0321,Great app for printer related and all in one features app. Works very well and easy to use.,26.3.1,2026-09-26T19:37:22-07:00,us,iOS App Store,0
14597768898,Mira shah,1,WiFi connection,"Difficult to connect to wifi, time consuming.",26.3.1,2026-09-26T18:47:02-07:00,us,iOS App Store,0
14597659404,Caro M-193,5,Great,Great,26.3.1,2026-09-26T18:04:37-07:00,us,iOS App Store,0
14597620750,GrenGrass,1,Envy 6455 sucks,Don’t ever buy this machine. HP blew it with this printer. It is better used as a target for my kids to throw balls at. The Wi-Fi setup is the most ridiculous thing I’ve ever seen. DON’T BUY,26.3.1,2026-09-26T17:49:17-07:00,us,iOS App Store,0
14597459637,Dezfaithlady,3,Difficult to set up,Setup was difficult and not intuitive.,26.3.1,2026-09-26T16:44:26-07:00,us,iOS App Store,0
14597344186,nusgjobgh,1,Ink quality the worst,"Very bad printing quality even when ink cartridges are full and after maintenance cleaning done. Very frustrated 
!",26.3.1,2026-09-26T15:56:15-07:00,us,iOS App Store,0
14597177617,Poppy877,1,Printer queue and upselling,No way to check your printer’s queue through the app and keeps trying to sell me a new printer. Nothing is wrong with the one I have.,26.3.1,2026-09-26T14:47:09-07:00,us,iOS App Store,0
14596806835,Astaria3110,1,Garbage Products,Title speaks volumes! Don't waste your time or money on this garbage. The app is even worse. Just don't. You thank yourself later by spending a little more with a better product.,26.3.1,2026-09-26T12:28:37-07:00,us,iOS App Store,0
14596791231,Thatgirlnanamom,5,Hp,Excellent printer for the price,26.3.1,2026-09-26T12:23:13-07:00,us,iOS App Store,0
14596779145,arewekiddingwithnickname,1,Piece of junk,This printer and app both suck! So very little good to say about it. This printer is confused constantly. Sometimes i can even get it to print.,26.3.1,2026-09-26T12:19:08-07:00,us,iOS App Store,0
14596636848,Phi11ie,1,What are you all doing,HP has genuinely fell off so insanely hard. You’re printers are abysmal. Your application is pure trash. Also charging people a subscription to use the printer THEY PURCHASED AND ARE PURCHASING TONER FOR?? I would use other words but I won’t. You’re all terrible.,26.3.1,2026-09-26T11:31:36-07:00,us,iOS App Store,0
14596605904,faijq,1,Upset,Worst printer,26.3.1,2026-09-26T11:21:23-07:00,us,iOS App Store,0
14596433248,calrdae2,5,Camera scan,"I love this feature. Very well put together, and I use it more than the default camera on the phone.",26.3.1,2026-09-26T10:26:34-07:00,us,iOS App Store,0
14596257323,rye-bread2020,1,The inadequate experience is provided,experience long run times hour to set up error bugs nasty execution horrific needs multiple bug fixes,26.3.1,2026-09-26T09:33:14-07:00,us,iOS App Store,0
14595860490,Kikifrass1,1,Connecting issues,Having issues with connecting to wifi,26.3.1,2026-09-26T07:38:56-07:00,us,iOS App Store,0
14595511059,peggyfindit,3,Making changes,So when I first got a printer that required HP I was very frustrated half the time the printer didn’t work and then two years later it was outdated and I had to get a new printer so I just got a new printer and it just seems to take 45 minutes longer than it needs to to print a document. I hope you are making changes to make this a better experience in taking honest feedback from your consumers. I am glad to chime in.,26.3.1,2026-09-26T05:58:18-07:00,us,iOS App Store,0
14594712885,princisivi,5,Muy buena,Me encanta esta aplicación,26.3.1,2026-09-26T01:02:04-07:00,us,iOS App Store,0
14594259587,aNgEe WoOlY,5,Effortless,I’ve had my HP printer and app for several years now and it has made my printing needs so effortless!,26.3.1,2026-09-25T21:45:01-07:00,us,iOS App Store,0
14594109115,SixDodgers,1,HORRIBLE PRINTERS,Your printers stink!!! Prints one thing and then stops! They are horrible!!!,26.3.1,2026-09-25T20:39:37-07:00,us,iOS App Store,0
14593570241,Francois 16,1,Insatisfecho,No ay ayuda eficaz y en español para resolver un problema,26.3.1,2026-09-25T17:08:32-07:00,us,iOS App Store,0
14593245114,Tajinderpsingh,5,Great app,Great app,26.3.1,2026-09-25T14:55:56-07:00,us,iOS App Store,0
14593198330,nik12121,1,"Most of the time, app does not print seamlessly",Not good quality app,26.3.1,2026-09-25T14:36:59-07:00,us,iOS App Store,0
14593064074,Dr Free A,3,Scanning is ridiculous,I hate I have to download as App just to scan a document,26.3.1,2026-09-25T13:44:42-07:00,us,iOS App Store,0
14593033220,Me the printer,5,Muy bueno,Muy buena opcion para imprimir documentos,26.3.1,2026-09-25T13:32:55-07:00,us,iOS App Store,0
14593006207,dancing Nanma,5,Using printer set up,"Once I worked out how to download and set up printer 
Everything went smoothly",26.3.1,2026-09-25T13:22:35-07:00,us,iOS App Store,0
14593001693,xStoriTimex,5,Love it!!!,Gone with the headaches of trying to send things from my computer to the printer!!! I love how I just get packages of ink instead of stressing about running to the store and hoping they have it! I can print pictures and photos of documents as well!! Love this app,26.3.1,2026-09-25T13:20:55-07:00,us,iOS App Store,0
14592455657,Shame on slave dynasty,5,Appreciate the app,Really great result,26.3.1,2026-09-25T10:11:39-07:00,us,iOS App Store,0
14592413794,HP Rebel,1,Unnecessary,Completely unnecessary app that only complicates the process. Time suck.,26.3.1,2026-09-25T09:58:19-07:00,us,iOS App Store,0
14592384814,Paxjc,1,HP,Don’t bother buying Hp FRUSTRATING,26.3.1,2026-09-25T09:49:07-07:00,us,iOS App Store,0
14591592532,Sandra1ne,1,Printer occasionally works,These printers often won’t work. You have to spend 30 min just trying to print something,26.3.1,2026-09-25T05:55:50-07:00,us,iOS App Store,0
14590671425,Savyasachisagar,3,Settings options are less,I need my printer feeder to scan front and back but it don’t give me an option of flipping my bunch and running it again like the other printers,26.3.1,2026-09-25T00:05:48-07:00,us,iOS App Store,0
14590371458,Luis Brito Ar,5,Práctico,"Súper práctico, útil y sobre todo amigable",26.3.1,2026-09-24T21:52:38-07:00,us,iOS App Store,0
14590113297,Reef75,1,All this extra stuff just to print!! Why?,Why is it so difficult and we have to go through hoops in order to print something to a printer that we have already purchased and now we have to do a subscription in order to print our own stuff? that is ridiculous. HP should be ashamed that they’re taking extra money for people trying to work. We already purchased your product and you’re charging us extra just to print. It is not fair.,26.3.1,2026-09-24T20:00:55-07:00,us,iOS App Store,0
14590053490,Terrible printer never buy,1,This printer is terrible,I hate this printer so much,26.3.1,2026-09-24T19:36:49-07:00,us,iOS App Store,0
14590045897,DBDallison,5,Installation,Needed Customer Support to get past a software hiccup. Great support and easy walkthrough.,26.3.1,2026-09-24T19:33:45-07:00,us,iOS App Store,0
14589985922,onbehalfofallokc,1,Printer never works,It takes more than 10 minutes to print 1 thing,26.3.1,2026-09-24T19:10:12-07:00,us,iOS App Store,0
14589841196,Nutbustd,1,Internet doesn’t always work,"HP.  FIX THIS INTERNET PROBLEM!!   Printer works great on my IPhone 17. On my laptop? NO COMMUNICATION!! Same frequency. 5hz or 2.4?  Same results then the no driver available issue.  HP software hasn’t added the needed software. I have a HP Omen laptop, top of the line but still no communication. Even took the printer to a Microsoft technician of 35 years experience.  He told me only about 40% of the various laptops communicated with this printer. The other 60%? No communication. Buying a real nice Brother 5010 tomorrow. I gave up on HP!!!",26.3.1,2026-09-24T18:15:32-07:00,us,iOS App Store,0
14589503910,ptmoments,1,Dont buy HP,Complete rip off having to subscribe to print after paying for this expensive printer.,26.3.1,2026-09-24T16:02:46-07:00,us,iOS App Store,0
14589413060,Bigger junk,1,Garbage,This printer is garbage,26.3.1,2026-09-24T15:25:09-07:00,us,iOS App Store,0
14589391031,Al Xenrhae,4,Good but difficult,It’s good it’s nice. It’s so great since my printer is an Eco tank but it’s hard to use like just printing like putting like difficulties like the printers having difficult business and such. It’s very hard but worth it,26.3.1,2026-09-24T15:16:02-07:00,us,iOS App Store,0
14589368749,YourDesertAgent,5,Great app,I have used the pdf scanning ability for years. It is awesome!!,26.3.1,2026-09-24T15:06:51-07:00,us,iOS App Store,0
14589237284,Dori Denson,2,Picture printing,Tried printing photos and all come out blurry and I can’t reach anyone to explain why,26.3.1,2026-09-24T14:13:32-07:00,us,iOS App Store,0
14589207110,Jake074,5,Handy,"Works great in the office, even better from my phone when I am on the go.",26.3.1,2026-09-24T14:01:35-07:00,us,iOS App Store,0
14588990874,honestlybeinggenuine,2,Printer Error,Every time I make an attempt to print paperwork for my child’s studies the printer stops during a queue to print. So frustrating!,26.3.1,2026-09-24T12:39:30-07:00,us,iOS App Store,0
14588962111,Blackg20,2,Constantly disconnects,"The frustration is overwhelming. The printer constantly disconnects from the internet and I get sent in circles to reconnect. It shouldn’t be like this. This is not due to any power outages. It disconnects on its own and I’ve gone on so many circles to try and reconnect, I don’t even know the process any more. I’m just about ready to go with a different brand.",26.3.1,2026-09-24T12:29:04-07:00,us,iOS App Store,0
14588909390,MJ'sMOM,5,Easy,It was so easy to set up the new printer. I also scanned from my phone.,26.3.1,2026-09-24T12:10:19-07:00,us,iOS App Store,0
14588575494,omoyems,5,Easy,I love the ease of having everything in one place,26.3.1,2026-09-24T10:14:55-07:00,us,iOS App Store,0
14588270023,81yppaH,5,Helped sending email my new printer,The person I spoke with was very knowledgeable and helpful and explain to me how to use my phone to use my printer. He changed my initial annoyance with this new computer to total relief.,26.3.1,2026-09-24T08:40:49-07:00,us,iOS App Store,0
14587957144,Nmifgjyg,1,Mala calidad,Llevo dos días que compré la impresora y ya no tiene tinta no imprime bien todo borroso,26.3.1,2026-09-24T07:10:05-07:00,us,iOS App Store,0
14587930972,Cali_JW,1,Not intuitive-cumbersome process,It is ridiculous that you have to use your phone in order to send a fax or essentially scan something that you want to email. You should really be able to do it on the device itself if you needed to type in the name that you were sending it to it really isn’t that simple?,26.3.1,2026-09-24T07:02:33-07:00,us,iOS App Store,0
14586816735,ATM AUTO SALES,5,Printer,"Wow easy to hook up and even input WiFi information 
The app is well designed 
Thanks",26.3.1,2026-09-24T00:10:50-07:00,us,iOS App Store,0
14586752447,Chrisfjj,5,Scanning,So easy to scan with many easy options to work on your document,26.3.1,2026-09-23T23:39:56-07:00,us,iOS App Store,0
14586686418,Lilmeow444,5,Excited,I love this,26.3.1,2026-09-23T23:07:49-07:00,us,iOS App Store,0
14586624362,Tell your friends,1,Everything Wrong with America,I can’t believe all the rumors are true. Executives at HP should be pulled to testify in front of Congress.,26.3.1,2026-09-23T22:37:56-07:00,us,iOS App Store,0
14586475438,highlifeja420,1,Hp deskjet 2827e,This printer is really horrible like I regret this purchase so much,26.3.1,2026-09-23T21:28:05-07:00,us,iOS App Store,0
14586294206,Hxhahahebfjcksnakenrncksk123,1,Pay to Print??,"So I spent money on this printer, paid to buy ink from Walmart and it’s telling me I can’t print anything until I update my payment method for ink deliveries? Wow.",26.3.1,2026-09-23T20:04:56-07:00,us,iOS App Store,0
14586244983,NJP4300unggff,1,Crashes,App gets stuck at loading page,26.3.1,2026-09-23T19:43:50-07:00,us,iOS App Store,0
14586231471,Mjdph,2,Hard to manuver,I need to change the amount of paper used per month. It used to be extremely easy to do this. I’ve messed with this for a while and still can’t figure it out. Let’s make it easier please!!,26.3.1,2026-09-23T19:38:07-07:00,us,iOS App Store,0
14586144110,HEXCOSTA,2,Not user friendly,Not much to say. Is not an user friendly app.,26.3.1,2026-09-23T19:02:24-07:00,us,iOS App Store,0
14586140539,Julian in Chicago,1,The connection is always messed up,I can never get the app to work with the printer the first time. I download files and attempt to print and it always gives me different reasons not to print,26.3.1,2026-09-23T19:01:01-07:00,us,iOS App Store,0
14585895732,Rossangela14,5,Review,The best,26.3.1,2026-09-23T17:24:57-07:00,us,iOS App Store,0
14585664196,Mloverson,1,Doesn’t work.,This is the worst printer I’ve ever used. It does not print. It always has a printer error. It’s the worst. Please don’t waste your money,26.3.1,2026-09-23T15:50:44-07:00,us,iOS App Store,0
14585628388,it doesn’t go through,1,Takes to long to connect,If you don’t use it all the time it takes forever to connect to your phone and to print.,26.3.1,2026-09-23T15:36:04-07:00,us,iOS App Store,0
14585558318,CosmoHart,5,Mobile app is great,Seems to work flawlessly. The pc version will not work though.,26.3.1,2026-09-23T15:07:19-07:00,us,iOS App Store,0
14585411956,95dali,5,Excelente producto,Muy fácil de usar y práctica,26.3.1,2026-09-23T14:08:52-07:00,us,iOS App Store,0
14585226211,Adrianoja97,5,Hp,The best,26.3.1,2026-09-23T12:58:40-07:00,us,iOS App Store,0
14584908698,DrTica,5,Dr . Lettica Highsmith DNP,Love it so convenient and helpful!!!,26.3.1,2026-09-23T11:08:03-07:00,us,iOS App Store,0
14584839393,Dueteromonies,5,OperationPerformance.,"Reliable,Consistant with ExcellentQuality.
MoreFaithful in Performance and in EfficientOperatiom.
•••••",26.3.1,2026-09-23T10:44:49-07:00,us,iOS App Store,0
14584722641,madddmals,1,Slow,Very slow and takes long to connect,26.3.1,2026-09-23T10:06:50-07:00,us,iOS App Store,0
14584550113,rakis1973,5,Magic wonders!!,Extremely Reliable!!,26.3.1,2026-09-23T09:12:40-07:00,us,iOS App Store,0
14584460849,EANNHOFF,1,Annoying,It always prints a report which wastes ink and paper. This print I hate,26.3.1,2026-09-23T08:45:35-07:00,us,iOS App Store,0
14583967984,Hate it here 234,1,Not printing,Everything is connected. App says ready to print and when i print nothing comes out.,26.3.1,2026-09-23T06:22:31-07:00,us,iOS App Store,0
14583735835,187Ssss,1,Horrible Interface,I had a prior HP envy and it was so easy to print . I have done so many troubleshooting that the only one left to do is throw it in the trash,26.3.1,2026-09-23T05:14:00-07:00,us,iOS App Store,0
14582608614,patty cruz,5,Great printer,I love this printer. I don’t have to run to CVS anymore to print anything it prints better than that professional printer,26.3.1,2026-09-22T21:19:36-07:00,us,iOS App Store,0
14582471203,GamerProboy12731/JuanV,5,I love this app,So worth it,26.3.1,2026-09-22T20:19:23-07:00,us,iOS App Store,0
14582421827,Eedsm,3,Difficulty in Setup,Still having issues with getting the scanner to work on this new App.. Can do on iPhone but not Computer..,26.3.1,2026-09-22T19:58:52-07:00,us,iOS App Store,0
14582172780,Eká,1,Always have issues printing. Hate it!,Hate it. Always have issues,26.3.1,2026-09-22T18:23:38-07:00,us,iOS App Store,0
14581638301,Shadowm22,1,Horrendous,"I could not fathom in my greatest
dramas such a terrible app or product. if you locked me in a room and forced me to make a more deceptively simple yet nonfunctional app or product i would be unable to never once had this apps simple abblity to just print things ever worked and i despise it",26.3.1,2026-09-22T14:58:41-07:00,us,iOS App Store,0
14581165984,ATAG Guy,2,Blocks you from printing,Heads up! If you use off brand ink this app will not let you print with it. Disappointing buying their printer isn’t enough money I guess.,26.3.1,2026-09-22T12:04:26-07:00,us,iOS App Store,0
14580695859,Gómezjoseph,1,It doesn’t want do printing,Bad,26.3.1,2026-09-22T09:31:04-07:00,us,iOS App Store,0
14580197317,God banish 56 o7,5,Printer HP SMART TANK 5001,"This printer is wonderful. I recommend for use in home. 
Thank you HP.",26.3.1,2026-09-22T07:03:35-07:00,us,iOS App Store,0
14580163669,Thandungen,1,Garbage,Garbage,26.3.1,2026-09-22T06:53:49-07:00,us,iOS App Store,0
14580006382,okwudilli,5,Office coordinator,Excellent application and I’m recommending all to use it.,26.3.1,2026-09-22T06:07:33-07:00,us,iOS App Store,0
14579911447,TWpenguin,3,"Prints great, Auto Toner Subsc is a rip off","The print quality is great, fairly easy to set up, can print from my phone, the forced subscription to toner or you can’t print is a total rip-off. I wouldn’t have bought it if I realized that’s how it worked, and I normally love hP printers.",26.3.1,2026-09-22T05:38:53-07:00,us,iOS App Store,0
14578787475,ryandid911,1,terrible product terrible app plagued with connectivity issues and headaches,damn,26.3.1,2026-09-21T21:44:19-07:00,us,iOS App Store,0
14578629058,GPur10,5,"HP printer, scanner and fax","This has been such a great little unit. I do a lot of coping and faxing and this was been so easy to set up and use from home, quick WIFI connection and the best part is that it doesn’t break me when I need to buy ink cartridges.",26.3.1,2026-09-21T20:31:59-07:00,us,iOS App Store,0
14578458867,Any advice 786,1,Poor quality,It took forever to set up and had repeated errors,26.3.1,2026-09-21T19:20:45-07:00,us,iOS App Store,0
14578323401,Msjones30,1,It Works When It Wants to..zero stars.,Horrible! I hate I spent all this money on a printer that does not work when I need. I have to troubleshoot for EVERY print job. And the printer is often “ no airprint printers found” from cell phone.  The app is worse. It shows that the print job is in queue and will not print.,26.3.1,2026-09-21T18:27:44-07:00,us,iOS App Store,0
14578218521,Ok bro..kk,5,H,Excellent don’t have to do anything just download they. App and dose everything for you,26.3.1,2026-09-21T17:47:11-07:00,us,iOS App Store,0
14578124724,evinnc,1,Horrible,Did I say this app is horrible???,26.3.1,2026-09-21T17:11:06-07:00,us,iOS App Store,0
14578041617,Lor-Lor21,5,Print from phone,"I love the ability to print from my cell phone, easy to use and a lifesaver!",26.3.1,2026-09-21T16:38:32-07:00,us,iOS App Store,0
14577730770,Bobbaboyy,5,Easy and Usefull,Love the scanning features!! And scan from phone. Zero Issues,26.3.1,2026-09-21T14:34:55-07:00,us,iOS App Store,0
14577664476,_-littlecharm14-_,4,DUDE :|,ITS SMUDGED >:0 but btw tysm for ts,26.3.1,2026-09-21T14:09:22-07:00,us,iOS App Store,0
14577567822,Charo 1222,3,Printer HP OfficeJet Pro 830e series,Llevo varios semanas con problemas con mi printer. Concuerdan desde que Apple empezó con una serie de actualizaciónes nueva. Por favor verifiquen pues hay problemas y creo no debo ser el único. Por favor.,26.3.1,2026-09-21T13:33:23-07:00,us,iOS App Store,0
14577548494,Lalina.1,4,Does okay,"So far does the job of printing out paperwork, but it does have a hard time reading my connection when I’m trying to connect from my phone",26.3.1,2026-09-21T13:26:22-07:00,us,iOS App Store,0
14577461110,ifwp,1,Printer will not run,Need assistance,26.3.1,2026-09-21T12:55:34-07:00,us,iOS App Store,0
14577368198,AK Altamimi,1,Slow,So slow,26.3.1,2026-09-21T12:23:37-07:00,us,iOS App Store,0
14577266496,StarsBucks Liker,1,Too complicated,It’s too complicated to use. I don’t understand why some functions are operated by your phone. I don’t like that I have to keep my subscription to continue to print (customer service told me I didn’t).,26.3.1,2026-09-21T11:49:44-07:00,us,iOS App Store,0
14577168738,Bahamas Sparker,4,Easy Scanning!,This basic scanner seems remarkably easy to use.,26.3.1,2026-09-21T11:17:14-07:00,us,iOS App Store,0
14577038253,LakeGirl/Croire,1,Re-connecting,"I’m not sure what happens however, my printer frequently drops the connection set up to print through my Internet setting then it makes me choose the printer as my Internet to print through and does not connect through that does not connect through my Internet address and it frustrates me every single time I have to do this which is quite frequently just waiting to print one document and I am ready to just get a new printer because this is the tango which does not have a lot of functionality other than for quick printing in my mind and it’s driving me crazy.  It was never like that a few years ago.",26.3.1,2026-09-21T10:35:15-07:00,us,iOS App Store,0
14577005599,4LuvBugs,1,Doesn’t Recognize Poor Printing Issues,"I have a fairly new like six months old. He looked pack the printer and I’m having major print issues so I decided to download the app to see if that would help and it did not have at all. It shows the ink is full, but the printer is very faded with brand new and cartridges and I don’t see how the app does not recognize that.",26.3.1,2026-09-21T10:25:02-07:00,us,iOS App Store,0
14576977308,jtb1234567890123,1,Average,Can’t delete a printer from the app. Can’t even find where to put the paper in my new printer. Who designs these.,26.3.1,2026-09-21T10:16:10-07:00,us,iOS App Store,0
14576967134,BriSCarson,5,Easy/Quick Set up,"So far, so good. I can appreciate the cheap subscription for ink. Set up was good too. Printers does what I need!",26.3.1,2026-09-21T10:13:00-07:00,us,iOS App Store,0
14576936383,GaijinLatino,1,Can’t scan,Trying yo scan but don’t know were is my document,26.3.1,2026-09-21T10:03:28-07:00,us,iOS App Store,0
14576292409,1941jaw,3,Features,Need more How To videos. Set up is not easy because I don’t know what feature to use and its value or limits.,26.3.1,2026-09-21T06:52:05-07:00,us,iOS App Store,0
14576278253,clo37573,5,Great,Love the app,26.3.1,2026-09-21T06:47:51-07:00,us,iOS App Store,0
14576044537,sh9040,5,Good,Good,26.3.1,2026-09-21T05:35:50-07:00,us,iOS App Store,0
14575770121,Petch123,5,Great,Easy to use,26.3.1,2026-09-21T04:00:59-07:00,us,iOS App Store,0
14575049862,Lydia Cameron,5,HP help ! I cannot have done it alone !! Shortcuts set up for everything my new biz needs!,GRATEFUL! It was easy; now my new biz has all the pro set up! Thanks for the help from HP!,26.3.1,2026-09-20T22:34:56-07:00,us,iOS App Store,0
14575016660,Tiat229,1,Brand new pronter,I used to love hp but I bought a brand new printer and it does not print,26.3.1,2026-09-20T22:19:16-07:00,us,iOS App Store,0
14575015355,Co26$7,1,Worst Printers,Zero,26.3.1,2026-09-20T22:18:43-07:00,us,iOS App Store,0
14574743773,qawertyuhiop,1,Won’t print,"Well it’s connected, sends the file to the printer but never prints. Brand new out the box.. not working",26.3.1,2026-09-20T20:14:25-07:00,us,iOS App Store,0
14574521602,Euphitone,1,Incredibly difficult.,Read the title.,26.3.1,2026-09-20T18:43:22-07:00,us,iOS App Store,0
14574378233,MruthAO,1,Too complicated,It sucks.,26.3.1,2026-09-20T17:47:37-07:00,us,iOS App Store,0
14574252522,Trumpisasackofshit,1,How stupid and cumbersome,How could someone make something that should be so simple so totally cumbersome.  What a joke.  I used to be able to just print off my phone but hp considers this absurdity as progress,26.3.1,2026-09-20T16:57:55-07:00,us,iOS App Store,0
14574140906,Very disappointed x2,1,Very Disppointwd,I am very disappointed in HP right now!! I bought one of their ink printers 2 weeks ago and it still claims it’s not registered!! I need my printer!!,26.3.1,2026-09-20T16:12:45-07:00,us,iOS App Store,0
14573947021,Bugged1,1,Never works,"They make this app too complicated. When we 1st purchased the printer it worked. The printer constantly gives problems, there are always error messages even when reset and reconnecting. I’m sure it’s not user error as we never had issues before.",26.3.1,2026-09-20T14:55:42-07:00,us,iOS App Store,0
14573920953,Amy.a mee,4,Beeping,This annoying beep won’t stop no matter what I do/ awful nerves wrecking,26.3.1,2026-09-20T14:45:32-07:00,us,iOS App Store,0
14573506155,Printer pictures,1,Printer,It’s confusing to set up and use from my phone and is very slow. Disappointed with this printer. I have always only bought hp products,26.3.1,2026-09-20T12:19:05-07:00,us,iOS App Store,0
14572795197,Munchermos,1,Printer that won’t print.,"Purchased the HP Deskjet 2925 at a local target because my wife & I needed a printer for our new home. It was on sale, so i thought I’d give it a chance. One app later, an hour of fighting the printer, turning it on & off again, i finally got the documents i needed, only now im running late to what i needed them for. Thanks HP for making a printer that makes it almost impossible to print without fighting it.",26.3.1,2026-09-20T08:49:23-07:00,us,iOS App Store,0
14572495897,Deer Island Or,1,Printer cartridges AND paper,"If you were going to force us to buy your products, then you need to make the cost comparable to generic product products.",26.3.1,2026-09-20T07:27:48-07:00,us,iOS App Store,0
14570906459,yuri CJ,1,Te cobran suscripción para usar tu impresora,Es una tontería que tenga que pagar mensualmente por usar un producto que ya compré.,26.3.1,2026-09-19T21:30:44-07:00,us,iOS App Store,0
14570296986,Force awakened 123456789,3,Difficult photo printing,It is difficult to pick how large your photo will print. It would be great if it let you adjust the size of the photo instead of having you drag the corners/sides. I hope they change this in an update.,26.3.1,2026-09-19T17:22:58-07:00,us,iOS App Store,0
14570066796,Eazy Audio,5,HP App,"Great app very easy to use prints from phone or anywhere..,",26.3.1,2026-09-19T15:49:30-07:00,us,iOS App Store,0
14569992888,Sugarplum Dahl,3,Suggestion for Editing,"It would be nice to be able to edit the photos and paper layout to be printed in this app, rather than have to do everything on a separate software & then send that file to this print app.  I wanted to print (3) 3x3 photos on one sheet of photo paper but was not able to do that using only this app. I had to use 3 separate sheets of paper & manually cut the photos out to place them how I want them.",26.3.1,2026-09-19T15:19:39-07:00,us,iOS App Store,0
14569895708,Tink564,1,Orienter unable toprint,Cannot print direct lu from iPad required to go thé HP app or change wifi to peintre,26.3.1,2026-09-19T14:41:17-07:00,us,iOS App Store,0
14569531729,Mgb12345?!$,1,Always a problem,Every time I try to use the printer there is a problem.,26.3.1,2026-09-19T12:29:39-07:00,us,iOS App Store,0
14569436807,Pattiee McTavish,1,this app sucks,"their printers suck, their service sucks, and everything about them is terrible. save yourselves",26.3.1,2026-09-19T11:58:28-07:00,us,iOS App Store,0
14569192147,Aurigenesis,1,New Printer Still Doesn’t Work,"I received my OfficeJet Pro today and haven’t been able to print a single document. I tried connecting directly to my computer and from my phone. I made sure every device was on the 2.4 GHz Wi-Fi band, same as my previous HP Envy 6000, which had similar issues. But still nothing works. After all that setup, this has been a complete waste of time.",26.3.1,2026-09-19T10:41:15-07:00,us,iOS App Store,0
14569135738,Sasaf127,3,تعليقات الطابعة كثيررة,ارجو حل المشكلات,26.3.1,2026-09-19T10:24:10-07:00,us,iOS App Store,0
14568925912,Portelajmp,1,Terrible app,Terrible app. Its main purpose is to sell you cartridges and printers not to help you use your printer,26.3.1,2026-09-19T09:22:28-07:00,us,iOS App Store,0
14568733949,Jugnoo ooo,1,Very slow time wasting,I waste my money on this printer everytime i need to use it takes more then 15 minutes to print out and then i m seeing there is no print everytime it waste 5 paper then print 1,26.3.1,2026-09-19T08:27:55-07:00,us,iOS App Store,0
14568489433,Lexi666&3’r,1,Horrible,Never works. Can never connect or print,26.3.1,2026-09-19T07:20:23-07:00,us,iOS App Store,0
14567196461,Hp sucker,1,Printing,Printer works for a couple months than it stops working,26.3.1,2026-09-18T23:49:00-07:00,us,iOS App Store,0
14567071012,ATT prepaid user,1,Broken app,"Always logs me off. Very unintuitive. Can’t do document scanning from printer. The old app was way better. The development team needs to be fired. Can’t you guys make one simple app that prints and scans. Is it too much to ask. Should I always spend 1 hour for print and scan job. How many times should I restart my computer, printer, router. How about you guys take a fresh start and quit your job.",26.3.1,2026-09-18T22:55:58-07:00,us,iOS App Store,0
14566591853,UtahStorm,5,Vintage baby photo,Very clear,26.3.1,2026-09-18T19:34:12-07:00,us,iOS App Store,0
14565974041,Scam2155,1,Scam,Complete scam. So I buy the printer. I buy the paper. I pay for your instant ink so essentially I pay for the ink cartridges. Then I get a $200 charge for USING my printer?  How is that legal?  The instant ink plan. Ok. I get that. But I’m literally using MY printer. MY paper. MY  ink oh and MY electric and WiFi. SO HOW DO I OWE YOU 200 for using my printer???,26.3.1,2026-09-18T15:35:35-07:00,us,iOS App Store,0
14565953066,Mdjxjdorjanxo,1,Scam.,"Horrible printer company nonsense. Scam company really. Haven’t been able to print a single document for months, just cancels my prints. Worked one time, then stopped working.",26.3.1,2026-09-18T15:27:20-07:00,us,iOS App Store,0
14565908440,David ink,5,Hp deskjet 4300,Five stars,26.3.1,2026-09-18T15:09:46-07:00,us,iOS App Store,0
14565862958,gysos@,3,Muy complicada y mucho trabajo para encontrar la Wi-Fi,Creo que una vez que ya se vincula una impresora a una Wi-Fi y un móvil esta debería de estar ya vinculada no no debería de entrar a la aplicación todo el momento para volver a vincularla,26.3.1,2026-09-18T14:52:08-07:00,us,iOS App Store,0
14565295978,RosyK21,1,Horrible and DOES NOT HELP,"I’m 21 and pretty technologically savvy, but HP has the absolute worst printers and troubleshooting I’ve ever used. The app is no help, cannot give you any straight answers nor a way to contact anyone for help. 0/5, makes me angry:/",26.3.1,2026-09-18T11:29:35-07:00,us,iOS App Store,0
14562839989,Sbux Obsessed,1,Not User Friendly,I’m trying to print pictures on photo paper and it’s making it complicated. None of my pictures are coming out exactly like the photos on my iPhone. It cuts off the body and zooms in on the face. I do not like this printer.,26.3.1,2026-09-17T20:52:33-07:00,us,iOS App Store,0
14562740862,So alow,1,Hard to connect to internet,We always have to go back and do the step by steps just to print something. And it takes forever. Really annoying,26.3.1,2026-09-17T20:08:18-07:00,us,iOS App Store,0
14562731577,Akki1993!,1,HP Deskjet 4255e,"This the worst printer I have ever seen. Worst design and not so intuitive.
I wasted my money.",26.3.1,2026-09-17T20:04:18-07:00,us,iOS App Store,0
14562611343,Cas_tiel_,1,HP Deskjet 2900,Horrible printer and app. Every time I try to print it says it’s not connected to the internet even though the wifi indicator is on.,26.3.1,2026-09-17T19:13:33-07:00,us,iOS App Store,0
14562565667,kkgoud,1,Worst model,This is the worst printer. Just waste of money.,26.3.1,2026-09-17T18:55:02-07:00,us,iOS App Store,0
14562524860,Owner.12,1,HP+,What a scam,26.3.1,2026-09-17T18:38:44-07:00,us,iOS App Store,0
14562453889,K9 Buster 🐶🐾,1,Don’t even work,This is like $250 printer straight out the box fresh and it even working don’t waste your money,26.3.1,2026-09-17T18:10:36-07:00,us,iOS App Store,0
14562399421,Bimkerly,4,A little difficult sometimes,"I wish I didn’t have to come to the app every time I need to print very occasionally doesn’t let me just send to the printer and select the printer and actually come out. It also takes a few minutes so sometimes I hate it’s not printing, but then it all of a sudden starts printing and sometimes I send to the HP app and then when I open it, it just shows me how much ink I have and stuff it does not show the document.",26.3.1,2026-09-17T17:49:05-07:00,us,iOS App Store,0
14562234603,hereislene,1,Printer sucks,"I used to love this brand before the subscriptions not every time you turn on the printer it’s an issue just to simply use. If you use your printer everyday maybe this is great for you, this is not good for someone who only uses it when needed.",26.3.1,2026-09-17T16:43:54-07:00,us,iOS App Store,0
14562221246,SDson23,1,Never connects. So frustrating!,"This printer is the most frustrating printer I have ever used. It constantly needs to be reconnected. Even hardwiring only sometimes works. Also have to buy color and black cartridges together, which is ridiculous.",26.3.1,2026-09-17T16:38:32-07:00,us,iOS App Store,0
14562037107,carmelhoney59,3,Confusing!!!,Not impressed with all the hoops and circles with trying to g to figure out how to use my scanner!!!!,26.3.1,2026-09-17T15:24:48-07:00,us,iOS App Store,0
14561994228,SandyB19,5,Iron one,I’m just figuring everything out. So I started with iron one with pictures of my dog Mavis and my cat Gabby. Printed perfect. I see a t-shirt with them on it soon.,26.3.1,2026-09-17T15:07:43-07:00,us,iOS App Store,0
14561828264,Chigusa Oda,3,Great little printer,"but I find that it seems like the only/best way to print is through the app instead of direct to print. All of this is done wirelessly, so that helps, but canceling a print job seems to be done only on the printer, physically",26.3.1,2026-09-17T14:03:38-07:00,us,iOS App Store,0
14561812743,Mary2001$$,5,Hp deskjet 4255e,I like it,26.3.1,2026-09-17T13:57:45-07:00,us,iOS App Store,0
14561801484,Ramirorios,5,Exelente,Esta aplicación esta súper 100% recomendada yesss.,26.3.1,2026-09-17T13:53:33-07:00,us,iOS App Store,0
14561784015,F.U. Jones,1,Sucks!!!!!!,Overly complicated and a cash grab,26.3.1,2026-09-17T13:47:01-07:00,us,iOS App Store,0
14561745405,Taylor Vanae,5,iPhone Printing,Works great!,26.3.1,2026-09-17T13:32:41-07:00,us,iOS App Store,0
14561731590,"Zak, Chicago",5,Great,It’s easy. Means the world.,26.3.1,2026-09-17T13:27:39-07:00,us,iOS App Store,0
14561629011,Horrible Wi-Fi system,1,Horribly complex printer settings for Wi-Fi,I spent six hours with an AI robot and failed. Then I spent another hour with AI after changing my Wi-Fi password. Finally had a live agent during business hour for 41 minutes. HARSHA was great and could see my screen and he Finally got it working. Hurray for HARSHA,26.3.1,2026-09-17T12:50:49-07:00,us,iOS App Store,0
14561473808,Nocatfishforme!,1,Hard to use!!!,Can never connect to the wireless I constantly have difficulty with it!!!,26.3.1,2026-09-17T11:57:03-07:00,us,iOS App Store,0
14561383052,b-slo,5,Great app,"I wish HP office software worked anywhere as good as the Apple software does, just linking up to computers, laptops, etc., and doing the job",26.3.1,2026-09-17T11:26:24-07:00,us,iOS App Store,0
14561178632,clairesque,1,Super slow and constantly freezes,Basically unusable,26.3.1,2026-09-17T10:20:09-07:00,us,iOS App Store,0
14561125563,FrankRiverJr,1,Not worth it,Printer printed like 10 pages and stopped working,26.3.1,2026-09-17T10:03:30-07:00,us,iOS App Store,0
14561121399,Frodo T Bagginz,5,Fantastic App!,"This is easily one of the best printing apps I have ever used. Extremly user friendly, even for the not so tech savvy. Tons of orations available for editing any images, documents, etc. they have proven to be extremely useful and i highly recommend this application to anyone!!",26.3.1,2026-09-17T10:02:11-07:00,us,iOS App Store,0
14561080644,Lady Losing her mind,2,Frustrating,"I don’t use it often. A few times a month & when I need to use it it’s like pulling teeth. “ Paper size not correct, ink cartridge issue, printer busy, printer bot found.” Whole time nothing is really the issue. It just decides to work on the 50th time, not the first, or even second. It’s exhausting! Getting toddlers who despise the color greens got to be easier than relying on this printer.",26.3.1,2026-09-17T09:49:31-07:00,us,iOS App Store,0
14560939659,That baller40,1,Doesn’t work,"Plain and simple, doesn’t work",26.3.1,2026-09-17T09:06:44-07:00,us,iOS App Store,0
14560842304,yelp fails again,1,It works different than it used to,"Edit Sept 2026. Have two 8025e. One on subscription plan, other using generic cartridges; both suck. Wasting pages due to imaginary errors that print document twice, unable to flatbed scan to iPhone using HP App; forced to use document feeder. Sad that HP fails at what they had mastered20 years ago. Do not recommend. 
HP OfficeJetPro 8025e, fresh from box refused to print direct from iPhone and insisted on printing via WiFi router over the network. This meant I couldn't print from the third of my house with a weak WiFi but what the heck. After March 2026 firmware update, the printer refused to print over network so I downloaded this app. It resized MS Word document from 2 to 3 pages and wants to give me arcade games, and other stuff when I just do t want to waste more than 15 seconds of my time printing a document that looks like I expect it to. Wish I'd kept my LaserJetIII. That printer was a bulletproof tank when you knew how to write print drivers. Update 2026, still two star; HP App not ready for prime time. Scan Display shows pdf: Basic, size: Medium. No ""Continue"" button visible until you reselect highlighted values. Hidden buttons are not a good design feature.",26.3.1,2026-09-17T08:37:35-07:00,us,iOS App Store,0
14560769259,GulfofMexicoGirl1989,5,Little Workhorse,"We don’t use our printer often, but it is amazing…so easy to use and copy is perfect. I love this little thing!",26.3.1,2026-09-17T08:16:08-07:00,us,iOS App Store,0
14560351787,HaileyNW97,1,Connection issues,Everytime I use my printer it has connection issues,26.3.1,2026-09-17T06:16:15-07:00,us,iOS App Store,0
14559744463,hafidhya,5,function and nice to use,good,26.3.1,2026-09-17T02:49:19-07:00,us,iOS App Store,0
14559036430,Thee_jasmine,1,🤦‍♀️,App glitches too much. Does not connect to printer. Can’t speak to anybody through the app and have to reset Wi-Fi connection constantly.,26.3.1,2026-09-16T21:14:18-07:00,us,iOS App Store,0
14558958587,Facemoji Fan 69,2,hard to use,extremely hard to use until explained in full by google,26.3.1,2026-09-16T20:38:35-07:00,us,iOS App Store,0
14558808003,LmJ96!,1,Printer,Took forever to print,26.3.1,2026-09-16T19:33:27-07:00,us,iOS App Store,0
14558666528,RaptorsBlood,1,Worst printer ever,Between needing to have a subscription for ink or something else this printer and app is useless. Never feeds paper right never sends anything to print easily from my phone or computer constantly have to baby the printer or the app to get it to use,26.3.1,2026-09-16T18:36:22-07:00,us,iOS App Store,0
14558622289,Aurza,5,As Advertised,HP Customer support is. Excellent.,26.3.1,2026-09-16T18:19:03-07:00,us,iOS App Store,0
14558579021,Pharrout,1,Junk!,"Called support line for setup assistance to be disconnected. Figured it out I thought, until I authorized a firmware update… now won’t print and screen displays setup not complete?!? I just wanted a basic reliable printer. This thing has printed the initial setup page and is now down to 75% black ink. It is super duper good at wasting ink as it has cleaned the print head every time I have attempted to print something unsuccessfully. WOW. Guess I’ll be wasting more of my valuable time in the near future with support after already investing $250.00 for the initial purchase… BOO HP!",26.3.1,2026-09-16T18:02:12-07:00,us,iOS App Store,0
14558448636,LB Buf,1,Worst printer ever!,I’ve only had problems ever since I bought this brand of printer! It is soooo unreliable and I’m ready to toss it in the garbage!,26.3.1,2026-09-16T17:10:19-07:00,us,iOS App Store,0
14558436994,Happiestwhatever,5,Life saver,I have so many responsibilities being an advocate for myself and my children as a single mother. Being able to save time and money has is the best compliment I can give this experience after purchasing my hp printer. Easy to use and stress free,26.3.1,2026-09-16T17:05:44-07:00,us,iOS App Store,0
14558304904,DrCarl52,5,Love my HP PRINTER & ink plan,"You CANNOT BEAT the quality, the low priced ink plan ,nor the support !  THEY ARE GREAT !!!!",26.3.1,2026-09-16T16:12:13-07:00,us,iOS App Store,0
14558215786,madame_highsea,1,"Only works once in a while, not worth the hassle .","At first it will work. Then it will have issues sensing paper, tell you it’s jammed, out of ink, whatever. Support isn’t helpful. This is my second printer with them and I can only blame myself for thinking it was my first one just having issues. This has been 7 years with the same issues. I’m over it.",26.3.1,2026-09-16T15:36:17-07:00,us,iOS App Store,0
14557993112,I wanna kms thanks to hp,1,Least user friendly experience,This app and the printers are the hardest things I use in my life. Nothing works and nothing is easy. Why do we lock down printers more than the White House? It’s impossible to get this thing to work and it’s even more impossible to find any useful information on how to connect to their stupid printers. -100 stars. Every time I use this god forsaken app or printer I want to beat it with a baseball bat. I hate you hp.,26.3.1,2026-09-16T14:08:35-07:00,us,iOS App Store,0
14557864614,coffeeliver15,1,This app,I hate it!! Unable to use my laptop with out this stupid app - what ever happened to to turn on computer and printer is connected,26.3.1,2026-09-16T13:20:53-07:00,us,iOS App Store,0
14557808594,Cuttyrankings,5,Hp,Good,26.3.1,2026-09-16T13:00:50-07:00,us,iOS App Store,0
14557765883,John’s MacBook Pro,5,I love this app,"This app is so easy to use, consistent and reliable! I love the options and how quickly it is to navigate. Thank you so much for keeping this product. A first choice for me!",26.3.1,2026-09-16T12:45:55-07:00,us,iOS App Store,0
14557752616,Ayanjee,1,Works Finicky and Colors are SO OFF,"This updated version of HP is SO TEMPERAMENTAL! When I try to print my stickers, the app will start loading the image but then immediately disappear and the app will close out by itself. I have to constantly log out of the app or turn my printer off and on again to make multiple prints. Even worse, the color settings will butcher the original colors of my prints! Everything prints out with the Brightness blasted so high and some hues just DO NOT translate!",26.3.1,2026-09-16T12:41:16-07:00,us,iOS App Store,0
14557364037,stayintheline,5,Wow!!!,Great service,26.3.1,2026-09-16T10:32:31-07:00,us,iOS App Store,0
14557104223,Hpsuksyouknowhat,1,WiFi,I’ve never seen a brand that connects to wifi whenever it feels like it.  I printed easily 45 minutes ago.  Spent 20 minutes or more trying to print again.  All WiFi operating. But the stupid printer won’t connect.   I almost took a sledgehammer to it.,26.3.1,2026-09-16T09:12:37-07:00,us,iOS App Store,0
14557023572,Barry U!,1,Not printing,The HP OfficeJet 5212. Totally will not print. Don’t know what’s wrong with the ink brand new printer not able to use.,26.3.1,2026-09-16T08:48:43-07:00,us,iOS App Store,0
14556957095,HansFranzia,1,How is this rated 4.7??,This app is awful. This printer is awful. Never works. App is unusable. I want to chuck the whole thing into a canyon somewhere.,26.3.1,2026-09-16T08:29:15-07:00,us,iOS App Store,0
14556798412,SmartShenanigans,1,Bad Hp,Printer won't scan in color. I'm in Mexico and HP won't help me figure it out. Now the printer print very faded…,26.3.1,2026-09-16T07:44:05-07:00,us,iOS App Store,0
14556373011,Brooklyntree,1,Keeps disconnecting and can’t print from iPhone,Can’t believe I fell for it. I thought this would be a decent affordable option.,26.3.1,2026-09-16T05:42:06-07:00,us,iOS App Store,0
14556140470,Twinky2009,1,Terrible,"Loved the service when I signed up. Now months in, it’s a pain to print, there’s always a connection or server issue. It takes minutes to print pages and sometimes they don’t print at all. The glitches and delays are definitely going to have me cancelling my hp print subscription and just changing systems all together.  Highly do not recommend.",26.3.1,2026-09-16T04:30:00-07:00,us,iOS App Store,0
14556096817,SeanHunter24,3,Review,It could be easier to put photos on the same letter size piece of paper. Couldn’t figure it out today.,26.3.1,2026-09-16T04:15:41-07:00,us,iOS App Store,0
14555941763,Euro428,1,Impossible to Read,I have two documents where I cannot get it to print big enough to read. When I go to the screen that says I can change the size it won’t print. When I print it from the only one that will work it’s tiny and not legible.,26.3.1,2026-09-16T03:19:35-07:00,us,iOS App Store,0
14555434032,kmcmillan2@icloud,1,Instant Ink Not printing color,It took more than 2 weeks to receive my starter kit. Now it’s here. App recognizes it but printer will not print in color.,26.3.1,2026-09-15T23:39:30-07:00,us,iOS App Store,0
14555189091,Jwhire,5,Great app,So far it’s great!!,26.3.1,2026-09-15T21:48:44-07:00,us,iOS App Store,0
14555162725,Saizter21,5,Excellent and Reliable Products,"I have been a HP customer, for as long as I remember. Perhaps, decades, ever since I decided to buy my first printer when I worked and lived in Muscat, Oman back in 2012. I moved to Ireland in 2016, bringing the same printer but buying the inks from Amazon UK as I didn’t realize that HP inks worked based on the world region you bought them from. Lol! Then finally when I moved here in the US in 2024, I decided to buy another HP printer and subscribe to their HP Ink Advantage Program. Perhaps, one of the best decisions I made. I no longer need to worry about buying inks, it keeps track for me. Sure, I have connectivity issues sometimes, but nothing like reconnecting my printer with my HP didn’t solve. Overall, I am happy with HP printers, HP app, HP account plus the Ink Advantage service that I am currently subscribed. I would highly recommend it to anyone looking for good value, durable as well as reliable printers for at home and personal use. Thanks, HP! Keep up the job well done! ⭐️",26.3.1,2026-09-15T21:37:04-07:00,us,iOS App Store,0
14555068179,Oobsterbay,1,Do not buy HP -both printer and app crashes.,"Your printer will become one large paper weight. HP forces you to use an app. The app constantly crashes, preventing you from ever being able to print. It’s awful. Once was a loyal HP consumer but I will never again buy their products. Waste of money.",26.3.1,2026-09-15T20:56:46-07:00,us,iOS App Store,0
14554940330,Bmikex4,1,I’m mad,Mad,26.3.1,2026-09-15T20:00:01-07:00,us,iOS App Store,0
14554886502,Eroll&$21,1,Ink sucks,Just got new ink and it’s saying it’s gone,26.3.1,2026-09-15T19:37:12-07:00,us,iOS App Store,0
14554874123,zfkdvgdj dikd,1,Printer Not Printing,I have a printer that’s printing blank pages. Just replaced the ink. I don’t use this printer everyday or even close to regularly so I don’t understand how it just stopped working. Printers SUCK!,26.3.1,2026-09-15T19:31:59-07:00,us,iOS App Store,0
14554796180,guest4177544,1,Junk,I have the hp5101 and the app.. this is the hardest thing to keep connected to WiFi.. as well as it often takes it 3 min to just print a single document if/when you can finally get it to print.. scanning documents is about the same way… snail speed for this whole setup..,26.3.1,2026-09-15T19:00:20-07:00,us,iOS App Store,0
14554781432,Angel Tony Tridiimas,5,Print quality,"I’m impressed I really like how this printer works my only complaint is the feed shoots to the floor, but I solved with a object underneath🤙",26.3.1,2026-09-15T18:54:21-07:00,us,iOS App Store,0
14554702520,Lori LLRF,5,Hp Envy 6155,"Soooo impressed!  I  set this printer up all by myself, considering I’m old, I’m shocked.  Even printed from my phone for 1st time!",26.3.1,2026-09-15T18:23:00-07:00,us,iOS App Store,0
14554666834,cesar 1985,1,We should sue  them,"I’m sick of not being able to use my printer in any way I want it, I purchase it and form some stupid reason I got into signing up to pay for month which I never understood why I was guided to it, even that I’m trying to go back to my own ink still can’t utilize the machine. This needs to stop…!",26.3.1,2026-09-15T18:09:04-07:00,us,iOS App Store,0
14554324581,El hijo del sitio,1,Worst printer,"All paper jam , hard to print from my computer, worst mistake I did it",26.3.1,2026-09-15T15:52:43-07:00,us,iOS App Store,0
14554279933,dragonflish,1,Printer,"Nothing but headaches, paper jam requires major surgery can’t be fixed manually!!! I hate this printer",26.3.1,2026-09-15T15:34:46-07:00,us,iOS App Store,0
14554172783,Busy momma56,1,Won’t print!!,Can’t get it to work!Paper comes out blank!!,26.3.1,2026-09-15T14:52:09-07:00,us,iOS App Store,0
14554152371,Make free for all,1,Barley connects,It barely connects to printer,26.3.1,2026-09-15T14:44:05-07:00,us,iOS App Store,0
14554130238,norbertov,5,Y como es HP5100,"No es un avión, pero es confiable y ahorra mucha tinta, tengo 2 años con ella y estoy muy satisfecho.",26.3.1,2026-09-15T14:35:24-07:00,us,iOS App Store,0
14553901766,Combhead,5,Good scan,Amazing camera scan,26.3.1,2026-09-15T13:09:47-07:00,us,iOS App Store,0
14553865061,OjaiSusan,5,So easy!,Thanks for making it easy to scan!,26.3.1,2026-09-15T12:56:34-07:00,us,iOS App Store,0
14553819046,Simply_Travel,1,Why is this so complicated,Brand new printer and almost never works,26.3.1,2026-09-15T12:39:43-07:00,us,iOS App Store,0
14553816234,Akanohema,1,Horrible,"Every time I need to print I have to own the app or it no longer prints also, I’ve ask for fraud reasons to remove the other printer but you refuse knowing it was hacked it’s distracting",26.3.1,2026-09-15T12:38:41-07:00,us,iOS App Store,0
14553586381,ML Thangno,5,The first successful printing with my new hpofficejet pro 8138.Thanks. Today,ML Thangno,26.3.1,2026-09-15T11:17:11-07:00,us,iOS App Store,0
14553491907,S2324$$,5,printing scan,great,26.3.1,2026-09-15T10:44:46-07:00,us,iOS App Store,0
14553448960,johndavisxxx,1,"One of these HP air printers, always off-line?",These HP air printers are so frustrating to use. They’re usually not online. So I rebooted the printer and was able to print two pages. I found my third document and it would not print until I turned the printer on and off. Why can’t these things just be ready to use?,26.3.1,2026-09-15T10:30:11-07:00,us,iOS App Store,0
14553327306,Lilmammafhhijdhb,1,Sucks,would leave zero stars. Doesn’t work. whole printer was a waste of money,26.3.1,2026-09-15T09:50:05-07:00,us,iOS App Store,0
14553251773,Sassyjewel,1,Scanner feature not working,"After only a month of using the app, the scanner feature is not available on the app. Which is half the reason I bought the printer.",26.3.1,2026-09-15T09:25:44-07:00,us,iOS App Store,0
14553032509,Cheapassitalian,5,HP Smart app scan,Great app! I can scan from anywhere.,26.3.1,2026-09-15T08:17:18-07:00,us,iOS App Store,0
14552848964,Sierra King,5,Loving my printer!,"I can do everything in the comfort of my home. Scan, Print and copy. Love it!",26.3.1,2026-09-15T07:22:09-07:00,us,iOS App Store,0
14552032732,djbyga16,5,Hp printer,The best love it,26.3.1,2026-09-15T02:46:41-07:00,us,iOS App Store,0
14551401658,SpecialDK1,5,HP Printer,I’m thoroughly enjoying my new printer,26.3.1,2026-09-14T21:40:38-07:00,us,iOS App Store,0
14551212803,Mr.BG2U,5,I Love this App,I love this app because I can print from just about anywhere. I am scan documents and send emails and faxes right from my phone.,26.3.1,2026-09-14T20:11:10-07:00,us,iOS App Store,0
14551133207,Titan3447,4,HP,Always problematic! Disconnects by itself! Never at the ready!,26.3.1,2026-09-14T19:36:24-07:00,us,iOS App Store,0
14550732146,VonnieVonn,5,Printer,This was not step by step easy,26.3.1,2026-09-14T16:53:34-07:00,us,iOS App Store,0
14550710867,Hp desljet 2900,1,Hard to use printer,Each day I need to turn it off and try again. I don’t like my printer at all.,26.3.1,2026-09-14T16:44:37-07:00,us,iOS App Store,0
14550535978,ddeesdd,1,Do not buy if you use an iPad,This printer sucks for an iPad. It frequently disconnects and I have to go to great pains to reconnect it just to print any job.,26.3.1,2026-09-14T15:32:27-07:00,us,iOS App Store,0
14550508526,Sophielovespuppies,1,Sucks,This sucks,26.3.1,2026-09-14T15:21:07-07:00,us,iOS App Store,0
14550499261,Ethan4411,5,Perfetto!!,I love this printer.,26.3.1,2026-09-14T15:17:18-07:00,us,iOS App Store,0
14550379574,MGL 3D,2,It will not print,So frustrating,26.3.1,2026-09-14T14:28:55-07:00,us,iOS App Store,0
14550244716,sugarJJP,2,Not happy,Do not like the fact I can not scan documents from my printer and send to my computer with out using the app!!!🥺,26.3.1,2026-09-14T13:36:20-07:00,us,iOS App Store,0
14549387795,Hernanesdjdhd,1,Horrible,Worst printer of my life,26.3.1,2026-09-14T08:46:21-07:00,us,iOS App Store,0
14549364890,Girltrip,5,Scanning Michael 88 plans forms,HP Scan App is the best. This is the best home work office . Why leave home when you have HP Essentials ❤️❤️,26.3.1,2026-09-14T08:39:26-07:00,us,iOS App Store,0
14548895407,hmillette,3,Just ok,"It constantly has to be reset. Sometimes it will take 30 minutes to an hour to eat it to actually print. It’ll shut itself off, but then it had to reset completely just to print to be honest. I probably won’t buy another one, but it will work for now.",26.3.1,2026-09-14T06:18:52-07:00,us,iOS App Store,0
14548636970,Butterman65,3,"App Is Incredible, Ink Subscription Horrible","I absolutely love the app, it really makes the paperwork part of my job much, much easier. The camera scan feature is a great time saver. 
I chose not to use the ink subscription. They bricked my printer for more than a week and required me to be on the phone with them for LITERALLY two full days.",26.3.1,2026-09-14T04:56:36-07:00,us,iOS App Store,0
14548613766,Subu048,1,Not printed as per the insustruction,Not printed as per the information.,26.3.1,2026-09-14T04:48:43-07:00,us,iOS App Store,0
14548587220,Neaky69,5,Printer,I had my printer for 3yrs and I love it! It gets the job done! Wouldn’t tried it.,26.3.1,2026-09-14T04:39:33-07:00,us,iOS App Store,0
14547734002,Damor84,1,Terrible Product,The fact that HP requires that an app be downloaded to do something as simple as AirPrint a page from my iPhone and iPad shows how terrible of a company they are.,26.3.1,2026-09-13T22:16:57-07:00,us,iOS App Store,0
14547217383,persian60,5,Just like a $1000 coffee machine,This is awesome,26.3.1,2026-09-13T18:27:46-07:00,us,iOS App Store,0
14547060724,A0878MS,1,No se puede conectar desde el teléfono,He tratado muchas veces de imprimir desde el celular y dice q hay problema y lo internet mas tarde. No se puede conectar.,26.3.1,2026-09-13T17:24:02-07:00,us,iOS App Store,0
14547004439,rokc428,2,Crazy how they charge for help,So now that my warranty is done I have to pay for customer service. That’s insane.,26.3.1,2026-09-13T17:01:23-07:00,us,iOS App Store,0
14546773786,Beros507,1,No funciona,El papel se atora en los rodillos para impresión de fotos,26.3.1,2026-09-13T15:26:34-07:00,us,iOS App Store,0
14546599788,Apollobuddy,1,So hard to use the printer,It’s very difficult to use the printer and yo are forced to be hp cartridges,26.3.1,2026-09-13T14:18:11-07:00,us,iOS App Store,0
14546545696,Lleb.si,4,Me encanta pero…,Todo me gusta en la app pero lo único es que al enviar fotos para imprimir no se pueden más de 5 y eso tiende a atrasar un poco el proceso de impresión si deseo imprimir grandes cantidades.,26.3.1,2026-09-13T13:58:15-07:00,us,iOS App Store,0
14546430741,Redhead 261,1,"My printer will not print the black ink, even though it’s full","I should be able to leave a message stating that the black ink that I received does not work. I’ve followed all the steps/suggestions. I’ve cleaned the ink heads twice. Nothing works. Unfortunately, I have to wait until the ai chat is open to solve this problem! Hopefully I can get Hp to send more ink fast, as I need it to make copies to print for my job. I think the ink is dried up or something.",26.3.1,2026-09-13T13:17:19-07:00,us,iOS App Store,0
14546363804,ferg2027,2,HP printer,The printer is slow and not wanting to print. I am disappointed at the slowness and lack of ease.,26.3.1,2026-09-13T12:54:24-07:00,us,iOS App Store,0
14546357154,Dianne11,1,Print wireless connectivity issues,"The printer is terrible and trying to connect over Wi-Fi like I’m constantly having to reset network settings Read, the printer I have the troubleshooting connectivity website memorized more than the Bible. 
The print quality of itself is fantastic, but it’s hard to even get it to communicate with computers or phones",26.3.1,2026-09-13T12:52:10-07:00,us,iOS App Store,0
14546341103,Craybill,5,Not the easiest instructions to follow,"It’s finally working, I guess.",26.3.1,2026-09-13T12:46:48-07:00,us,iOS App Store,0
14546117588,hp-user000,1,Missing scan option,App seem to remove scan button and only showing camera scan. This is poor quality,26.3.1,2026-09-13T11:34:50-07:00,us,iOS App Store,0
14546009799,Darnicia,4,Need More Shipping Address Options,"I love the convenience of the subscription sending ink and paper when needed. The only problem I have is that it won’t allow me to have (2) different shipping addresses. My son is in college so his printer is with him. I should be able to add his shipping information to his printer so his ink and paper goes to him. While my shipping information for my printer stays as my home address. It would be very inconvenient to have to wait until his items ship to me, all for me to have to turn around and ship them to him. It defeats the purpose of the subscription which is to have the items sent automatically and directly to you. Not to mention adds an additional cost to me.",26.3.1,2026-09-13T11:01:53-07:00,us,iOS App Store,0
14545998253,Will Knot Printt,1,HP,Having hard time trying to locate any of my printers having to do hard resets to placate them.,26.3.1,2026-09-13T10:58:26-07:00,us,iOS App Store,0
14545865674,Ellen 1021,5,HP Envy,Great printer. So easy to use and print quality is perfect,26.3.1,2026-09-13T10:19:15-07:00,us,iOS App Store,0
14545716439,PhotoPostCards,1,No clear iPad instructions,"Would no recommend, not even sure how it was installed on “tool” iPad, trying to disassociate with “html” is a pain. “The best of HP, in one place“, this could be the equivalent of a cyst found in a rectal cavity.",26.3.1,2026-09-13T09:36:49-07:00,us,iOS App Store,0
14545573257,CBserv,1,App is poorly designed,I brought a brand new HP printer because I have gaff success in the past with this brand. Using the app I find myself stuck in endless loops where all I get is a black screen forcing me to delete the app and reinstalling it hoping for a better result. Bad design.,26.3.1,2026-09-13T08:56:31-07:00,us,iOS App Store,0
14545206516,Bxlady1970,1,Printing Problems,Not sure what is happening but I have sent documents to print from my email and it has not printed and not showing up on my app. Very frustrating,26.3.1,2026-09-13T07:15:25-07:00,us,iOS App Store,0
14544457331,2112SaS,4,Blue light,There should be a way to shut off. The blue light is driving me crazy,26.3.1,2026-09-13T03:11:21-07:00,us,iOS App Store,0
14543761884,Rae Rae 1503,5,HP app,Using the HP app is better than just using print from your phone. You have way more selections to choose from then you would with just print from your phone. I needed something to be a lot smaller and using the HP app was the only way I was going to achieve that outcome.,26.3.1,2026-09-12T22:24:32-07:00,us,iOS App Store,0
14543685584,Ramos hp,5,Hp,Good,26.3.1,2026-09-12T21:51:15-07:00,us,iOS App Store,0
14543481651,abdulaziz janahi77777,1,.,Very bad application the old one was very easy and simple and this so complicated for a printer 👎🏻👎🏻👎🏻👎🏻👎🏻👎🏻👎🏻👎🏻,26.3.1,2026-09-12T20:25:52-07:00,us,iOS App Store,0
14543318762,Red Engine Service,5,So helpful,The app is great for business!,26.3.1,2026-09-12T19:23:04-07:00,us,iOS App Store,0
14543252294,Kika2bonitas,5,Impresora Desk Jet 2900,Calidad de trabajo,26.3.1,2026-09-12T18:58:03-07:00,us,iOS App Store,0
14543233265,JayFlyWidIt,5,Thumbs up,Quick and easy phone app to use,26.3.1,2026-09-12T18:50:53-07:00,us,iOS App Store,0
14543207015,srrr81,4,Scanning documents size is too large,I am scanning multi page document and is taking too much size. Other than that everything is fine.,26.3.1,2026-09-12T18:40:55-07:00,us,iOS App Store,0
14543077122,Tyesesha,5,HP T210,I love this printer best thing I’ve spent my money on!,26.3.1,2026-09-12T17:51:39-07:00,us,iOS App Store,0
14542866671,1aizak,5,Better than Microsoft App Store lol,WiFi works better on iOS than windows,26.3.1,2026-09-12T16:28:23-07:00,us,iOS App Store,0
14542768115,Chas5692,1,Frustrated,Why can’t they make a printer that actually connects and actually works? In today’s day and age why is this so hard?!,26.3.1,2026-09-12T15:47:56-07:00,us,iOS App Store,0
14542758421,Chekadawrecka!,5,Thankful,Very user friendly!,26.3.1,2026-09-12T15:43:55-07:00,us,iOS App Store,0
14542215680,Bohjaanrq,1,Too many encumbrances,The security features make it overly difficult to keep the printer connected on Windows. It’s just an app for selling things front and center. The printer requires a pin to connect. There’s so many things that get in the way needlessly,26.3.1,2026-09-12T12:19:47-07:00,us,iOS App Store,0
14542158756,csodo,5,Great little printer,Easy to use. Connects with no problem. I can send documents from a completely different room and it will send it with no problems. Enough settings for custom jobs but not anything too crazy that it’s complicated and I don’t understand it. I love my printer.,26.3.1,2026-09-12T12:00:56-07:00,us,iOS App Store,0
14542084297,tynwistle,1,Intermittent Problems,Sometimes it works. Sometimes it doesn’t.  Sometimes it needs to be unplugged to turn off.  Ink is very expensive and doesn’t last very long.  Finicky is too kind for this thing.,26.3.1,2026-09-12T11:36:34-07:00,us,iOS App Store,0
14542063402,Frogsincannoli,5,So far great,Took awhile to figure it out. Now working well.,26.3.1,2026-09-12T11:29:48-07:00,us,iOS App Store,0
14541430356,ghhhfvg,1,Junk,Don’t buy absolutely piece of junk.,26.3.1,2026-09-12T08:22:18-07:00,us,iOS App Store,0
14541420377,Jroccccccccccc,1,Not good,App is slow as hell doing anything with the printer is more difficult than it has to be keeps sending me through loops when trying to renew,26.3.1,2026-09-12T08:19:33-07:00,us,iOS App Store,0
14541343520,jboogey23,5,Love it,So easy to use.  So easy to refil carriages    I love it,26.3.1,2026-09-12T07:58:31-07:00,us,iOS App Store,0
14540980697,TW AR,1,Junk,Purchased a 9720 and it is junk.   Will not pick up photo grade paper from the tray.  Printing is not simple anymore.  Too much effort with the app based system.,26.3.1,2026-09-12T06:18:42-07:00,us,iOS App Store,0
14540658398,patti Gamma,5,Life changer,"I am BLIND always having to ask others to print for me researched purchase this printer, and oh my goodness I’m enjoying it so much! I can print for my iPhone, which has voiceover and it really has made a difference in everything I’m doing",26.3.1,2026-09-12T04:39:19-07:00,us,iOS App Store,0
14540389980,art daddy tore,5,Great 5/5,Great no problems,26.3.1,2026-09-12T03:01:32-07:00,us,iOS App Store,0
14539612409,PolythenePam9,1,Subscription based printing,I would have never bought your printer had I known I would have to pay to use an object I own every month. It just sits there collecting dust out of principle.,26.3.1,2026-09-11T21:39:24-07:00,us,iOS App Store,0
14539335202,BrenonGirdy,5,Brenon,I love it this app is great,26.3.1,2026-09-11T19:45:27-07:00,us,iOS App Store,0
14539303728,Preethi Vaid,1,Terrible App,Very very user unfriendly app,26.3.1,2026-09-11T19:33:07-07:00,us,iOS App Store,0
14538536507,jafroemke,5,Had to follow instructions.,Had two of us working on it on two days. Not a good idea.,26.3.1,2026-09-11T14:33:32-07:00,us,iOS App Store,0
14538400675,Rvbob1028,5,Novice user,"I had to scan a couple documents for work and at first I was so nervous It was going to be way over my head, but the app and the printer made it so easy.",26.3.1,2026-09-11T13:41:13-07:00,us,iOS App Store,0
14538111563,Bozo7749,1,Smart app (ink),"ink cartridge for black shows full but will not print in black, they have charged me every month but when I go to use it won’t print and won’t let me order new cartridge because it says it’s full",26.3.1,2026-09-11T11:56:40-07:00,us,iOS App Store,0
14537576307,Deisy95,1,Horrible - DONT BUY HP,HP now charges a monthly fee to print from a printer you BOUGHT and the printer FAILS to be connected via air print alll the timeeeee ! What’s the point !,26.3.1,2026-09-11T09:03:22-07:00,us,iOS App Store,0
14537517967,Archsheena,5,Wow,This is definitely a five out of five because I’m able to scan documents without my computer right now. My computer is being fixed and I’m able to scan documents to my phone and still conduct business,26.3.1,2026-09-11T08:45:58-07:00,us,iOS App Store,0
14537477126,No offline access,2,NO SCAN OPTION,With this new update with the HP app getting rid of HP Smart I’m not able to scan to my phone anymore. It is so annoying and I don’t have a MacBook to set up. So the feature is useless on this printer.,26.3.1,2026-09-11T08:33:52-07:00,us,iOS App Store,0
14537239819,Billyrock8,3,Printer ?,Every time I print from my iPhone it always take a long time to connect,26.3.1,2026-09-11T07:25:42-07:00,us,iOS App Store,0
14537210543,Scorpion300x,4,Great,Excellent easy to use and well thought,26.3.1,2026-09-11T07:17:22-07:00,us,iOS App Store,0
14536860238,tibobreizh,1,Always issue,"Cartridge are always failing each time I print, I do not print regularly. And eveutime I need to reset it all. Waste of time and cartridge and money",26.3.1,2026-09-11T05:35:26-07:00,us,iOS App Store,0
14536789298,I 4got 2 Say,2,HP Envy Inspire,"The HP Envy Inspire could be a Good printer for Home & Small Business uses. However, I have experienced difficulty with printing from IOS phone and HP laptop because of the following;
* Inability to send mobile fax from the above devices due to connectivity issues within the printers ( never disclosed via HP) microchip built within does NOT consistently connect to the WIFI’d devices despite my Modem being right on top of printer.

*IOS devices (which HP suggested me to use the HP app but clearly they are aware of it compatibility limitations) has their own printer app and even using the pre-installed Printer it is inconsistent due to???? I never had this many issues with HP brand.
Lastly, and with all due respect to HP Brand that I have been loyal to for more than 25yrs the HP Envy Inspire 7955e and several other interations I WOULD NOT recommend.",26.3.1,2026-09-11T05:13:36-07:00,us,iOS App Store,0
14535908199,As96786!,5,HP 8139 Printer,Love it had Epson eco print before Epson sucks no waste your money buy a HP Printer Trust Me! In Hawaii,26.3.1,2026-09-10T23:17:53-07:00,us,iOS App Store,0
14535399189,pilu🥰,5,Lo mejorrrrr,☺️,26.3.1,2026-09-10T19:25:43-07:00,us,iOS App Store,0
14535256628,LizIsLesbian,5,I luv this app and the printers they make ⭐️⭐️⭐️,I luv the hp printer already but the printing app is easy to use and is free so after you paid ur printer your ready to start printing and it’s really easy to do on here I don’t really seem to find any struggle or confusion using this app I definitely think you should use this app.,26.3.1,2026-09-10T18:29:18-07:00,us,iOS App Store,0
14535062236,agsnavalur1989,1,Hp 2725,Bought this printer 3 years ago and hardly able to successfully print only some pages it always run into some or the other issues. Wordt printer ever,26.3.1,2026-09-10T17:13:18-07:00,us,iOS App Store,0
14534381386,Mr. Heathcliff,1,Doesn’t work most of the time,It takes me a long time to figure out how to print; machine is on and ready to go but when I click print nothing happens and no error message or anywhere to get help,26.3.1,2026-09-10T12:50:45-07:00,us,iOS App Store,0
14534245667,Nyla099,5,Great app,Technology has changed a lot over the years and I have to say it’s great to be able to use an app to work with my printer. Good job HP.,26.3.1,2026-09-10T12:03:40-07:00,us,iOS App Store,0
14533725375,lodgecoach,5,Great,I love HP products. Hey are great in my opinion.,26.3.1,2026-09-10T09:17:53-07:00,us,iOS App Store,0
14533657182,ATorres ⭐️,1,Very bad printer. I won’t recommend this printer. Is very low speed with a lot of connectivity issue,"This printer is bad in every single way. I personally won’t recommend any one to buy it, it’s very problematic, very very low speed, very difficult to connect and have the job done. I will recommend CANNON not HP",26.3.1,2026-09-10T08:57:46-07:00,us,iOS App Store,0
14532673094,JenLew71,1,Don’t buy it.,The price is low but the frustration is high. It’s hard to connect it. It’s hard to replace the cartridges. It’s slow to print. I saved money at the cost of high frustration. Not recommended.,26.3.1,2026-09-10T04:08:32-07:00,us,iOS App Store,0
14531764104,TBMommy20,1,Printer is not responding,Very slow,26.3.1,2026-09-09T21:33:50-07:00,us,iOS App Store,0
14531697611,Mrmikef,1,Don’t Buy,"Problems from day one, no customer support, confusing or irrelevant trouble shooting instructions.",26.3.1,2026-09-09T21:03:40-07:00,us,iOS App Store,0
14531227164,Sillybilly27,1,i hate this,im so tired of this stupid app oh my god can you just pront my paper,26.3.1,2026-09-09T17:53:42-07:00,us,iOS App Store,0
14531027306,director average joe,2,So difficult,I’ve always gone with HP Printers.  I now only have a iPhone 15 ProMax and to get a thing to print I now need my software working son to just print a page.,26.3.1,2026-09-09T16:36:37-07:00,us,iOS App Store,0
14530910997,Mr.Uptown3446,1,Could be better speed,Slow to print,26.3.1,2026-09-09T15:51:18-07:00,us,iOS App Store,0
14530892938,sksic,2,It’s just ok…,"Maybe it’s not the app, maybe it’s the printer. But I’m constantly seeing my printer is on and connected and it just won’t print my stuff until I wait a really really long time e",26.3.1,2026-09-09T15:44:11-07:00,us,iOS App Store,0
14530837323,indigochild4u,1,Bought a new printer,And I bought original ink from Amazon . Didn’t work Says we have to buy from HP website . Not only this scanner doesn’t work unless you have ink cartridges which are from HP. Who wants that headache go ahead and buy their printers .,26.3.1,2026-09-09T15:22:25-07:00,us,iOS App Store,0
14530786227,Tink7772777,3,Connecting to WiFi,"I set it up at home, but now I’m in a dorm and I can’t get it connected at all. There’s nothing showing how to connect it without having your printer connected to your phone, which I do and it doesn’t pop up this makes no sense at all. It needs to make more sense or yall need to provide clear cut instructions on how to resolve issues like this because I set it up to avoid this and that did nothing.",26.3.1,2026-09-09T15:02:56-07:00,us,iOS App Store,0
14530718143,0justanumber0,1,App has gone to hell,"Used to be a wonderful way to quickly use your scanner and quickly have a picture/document on your phone. 

As of several updates ago, the app now takes MINUTES to find your printer EACH time you use it, that is, if it doesn’t make you re- add it with each update now. HP refuses to fix this, it seems. This is using the app both on an iPhone 15 Pro and an iPad Air. Same results for both.",26.3.1,2026-09-09T14:36:57-07:00,us,iOS App Store,0
14530701551,Radtothebones,5,👍,👍,26.3.1,2026-09-09T14:30:33-07:00,us,iOS App Store,0
14530696342,T-ago505,1,Freezing,Since the first print it has froze.,26.3.1,2026-09-09T14:28:34-07:00,us,iOS App Store,0
14530623749,Beanz Cuztom,1,Not printing,It’s didn’t connect to printer to print,26.3.1,2026-09-09T14:01:41-07:00,us,iOS App Store,0
14530422370,I❤️theABCs,1,Not working!!!!!!!’nn,*,26.3.1,2026-09-09T12:48:46-07:00,us,iOS App Store,0
14530274764,m3xortiz,1,Cant connect,"The old hp smart app would let me connect my printer easily. This new app doesnt allow me to setup my printer with wifi, I need to use the cable.",26.3.1,2026-09-09T11:58:04-07:00,us,iOS App Store,0
14529641187,“RASS”,5,HP,"HP my go to! Great products great support. Highly recommend, all of their products",26.3.1,2026-09-09T08:40:08-07:00,us,iOS App Store,0
14529637863,tiptoprods,1,Poor controls,The HP app doesn’t allow me to resize labels. I have to print and reduce the copy. Wastes paper and ink!,26.3.1,2026-09-09T08:39:09-07:00,us,iOS App Store,0
14529456226,jcl2003,5,Scanning,Easy to use!,26.3.1,2026-09-09T07:46:22-07:00,us,iOS App Store,0
14529296221,wjbyman,1,No WiFi connection,"Useless instructions spit out, no real person on chat. A hp printer is what can be compared to a useless boat anchor.",26.3.1,2026-09-09T07:01:00-07:00,us,iOS App Store,0
14528900139,Hunter Masters,1,Printing gives me monkey pox,"Literally these Bluetooth printers suck so bad, I struggle to print one page every 3 months I used this pos",26.3.1,2026-09-09T05:04:18-07:00,us,iOS App Store,0
14528771939,Electronic tech .,2,Won’t print half the time,"Printer is new and I send a file , it takes 10 min to print if it does. Fiber WiFi",26.3.1,2026-09-09T04:23:38-07:00,us,iOS App Store,0
14527694952,The peakest peak,5,Review,I’m really enjoying it thank you for making it easy to get the hang of!!!,26.3.1,2026-09-08T20:28:24-07:00,us,iOS App Store,0
14527634102,AndrusIsland,1,Scanning-emailing problems,"Worked a few days ago, now not working. Perhaps a problem with my email account(?).",26.3.1,2026-09-08T20:02:01-07:00,us,iOS App Store,0
14527456931,Chetan vi,1,Worst product by HP,"This printer took 2 hours to set up. There are many connection issues and many software bugs. The material quality, fitme t of trays are flimsy. The scan option is too slow. The instructions are not clear. This is a design and testing failure.",26.3.1,2026-09-08T18:50:14-07:00,us,iOS App Store,0
14527430003,Idk bruh pls don’t take,5,Love HP,The camera scan is a tidy tool. I love how convenient the scanner is,26.3.1,2026-09-08T18:39:47-07:00,us,iOS App Store,0
14527301532,Pobear :>,5,I eat tacos,Lokey awesome (10 year old btw),26.3.1,2026-09-08T17:50:15-07:00,us,iOS App Store,0
14527132277,Rusnicova Olga,5,Amazing model Smart Tank 7603,It was easy don’t steal everything and I’m really satisfied,26.3.1,2026-09-08T16:43:23-07:00,us,iOS App Store,0
14527019027,JKJK83,1,The Worst,The printer is terrible and so is the app. Printer never connects or print anything there’s constantly blinking lights and error messages and the app does not update or tell you how to fix anything. Don’t waste your money.,26.3.1,2026-09-08T15:58:21-07:00,us,iOS App Store,0
14526955772,Gabelias,5,Love it,I love the monthly lease and ink refills.,26.3.1,2026-09-08T15:33:11-07:00,us,iOS App Store,0
14526768112,CEO of Docusign,1,Bad product,Ink runs out way too fast.It’s very expensive and the printer always needs an update. What’s there to update its prints pictures.,26.3.1,2026-09-08T14:20:22-07:00,us,iOS App Store,0
14526686434,Layette65,1,Terrible application,"My iPhone is stuck in remote print as a printer option. No one at HP or Apple can figure it out. I have reset my router, the printer to factory reset, the iPhone. I have deleted network settings so many times and nothing is fixing this issue. I am ready to send this printer back and cancel my service with HP. I’m better off buying a Cannon or any other printer.",26.3.1,2026-09-08T13:50:51-07:00,us,iOS App Store,0
14526678268,Kbossy26,1,Pos printer,This is absolutely the worst printer ever it takes forever to print anything its just a headache even if i go into the app to print. I wish i never bought this damn thing,26.3.1,2026-09-08T13:47:48-07:00,us,iOS App Store,0
14526660535,Thiago Vilarinho,1,"Always frozen, never works","Paying for a monthly fee for a printer that’s temperamental sucks, goodbye HP",26.3.1,2026-09-08T13:41:12-07:00,us,iOS App Store,0
14526658041,acquired anne,1,Not working,"Nothing is printing, all the pages are blank",26.3.1,2026-09-08T13:40:18-07:00,us,iOS App Store,0
14526630643,Waterlyfe-isbliss,1,Keeps not recognizing my phone,It shows the printer is ready to print by seeing the green dot. Continually says “printer is not available right now “ or printer not found. My husband is having the same problem with his android phone but I have apple. I delete the app and reinstall but continue to get same notification,26.3.1,2026-09-08T13:30:29-07:00,us,iOS App Store,0
14526581412,Sir Pixote,1,Total scam,"Once you buy the cartridge with Hp, you are stuck with their scam ink plans",26.3.1,2026-09-08T13:12:58-07:00,us,iOS App Store,0
14526365152,carvalho_47,2,Muito Ruim,"Lento trava muito era perfeito mudaram ficou muito lento, e so da erro eu. inca tive erro. ou dificuldade não recomendo",26.3.1,2026-09-08T11:59:43-07:00,us,iOS App Store,0
14526174757,myname65,2,If you want to struggle,If you have nothing better to do than to waste your time trying to figure out a app that doesn’t make sense at all in any way shape or form then you should definitely do this one,26.3.1,2026-09-08T10:57:19-07:00,us,iOS App Store,0
14525764003,TawnyfayeVan,1,Tawny,The most un-user friendly website!!!  The first thing you should see is a print button. Yiu should be able to print from your email…..,26.3.1,2026-09-08T08:50:04-07:00,us,iOS App Store,0
14525702512,Justshandra,1,Worthless,Can’t print anything,26.3.1,2026-09-08T08:31:46-07:00,us,iOS App Store,0
14525459677,Shan123068,1,HP software is a nightmare,"I have installed printer and software, worked fine.  Went to print again a week later snd would not print, cannot download drivers,  tried removing all printers and software and reinstalling and still not working.",26.3.1,2026-09-08T07:20:47-07:00,us,iOS App Store,0
14525307293,paycak,5,Hp,I love hp ❤️,26.3.1,2026-09-08T06:36:19-07:00,us,iOS App Store,0
14524227275,emy gabby lopez,1,Not get,Sucks,26.3.1,2026-09-07T23:33:03-07:00,us,iOS App Store,0
14523740259,Msnabs,1,Scanning sucks,Was scanning photos for my moms obit—- the app crashed and lost the photos that I’d scanned.. why is there not a feature to save your progress..,26.3.1,2026-09-07T19:45:32-07:00,us,iOS App Store,0
14523555027,Harrison234,1,Your App,And hardware and the listing of the hardware absolutely sucks. What do you do have a kindergarten who didn’t know how to do their ABCs organize the files? I’ve had multiple problems at HP. I would not buy from them again.,26.3.1,2026-09-07T18:30:57-07:00,us,iOS App Store,0
14523448974,Rj8484,1,Horrible customer service,"I haven’t used my printer in a little while because I don’t need to, but I got it for stuff that I want to print and today I turned it on try to print nothing says I have to log on and talk to HP support I didn’t buy the printer to have to call people nothing’s happened to this thing it’s the same Wi-Fi. Everything is the same but I go ahead and try to get on there. That’s when I find out. HP has the most horrible customer service I’ve ever",26.3.1,2026-09-07T17:49:09-07:00,us,iOS App Store,0
14523323406,huddlemama,1,Ink,It says my ink level are great in the app. But u can barely read what’s printed. Need new ink. Tried to order and didn’t work,26.3.1,2026-09-07T16:59:20-07:00,us,iOS App Store,0
14523074550,sivaD navE,2,app crashes,App crashes every time i try to use a the printables,26.3.1,2026-09-07T15:19:44-07:00,us,iOS App Store,0
14522972291,Jessfifty,4,Can’t use my laptop for printing,Why can’t I use this app directly from my own laptop so I can print files without sending it to my mobile phone first? This is a lot of hassle.,26.3.1,2026-09-07T14:39:52-07:00,us,iOS App Store,0
14522660899,Texgirl52199,3,Photos,I’m having trouble with it saying it’s jammed but I can’t find a jam.,26.3.1,2026-09-07T12:48:04-07:00,us,iOS App Store,0
14521943267,caroline_st,1,Difficult to connect,"Everyone I need to reconnect the printer, always a 15-20 min process. Not intuitive",26.3.1,2026-09-07T09:07:02-07:00,us,iOS App Store,0
14521827473,Vansma,1,Demasiado difícil la conectividad para imprimir,Jamás volveré a comprar algo hp,26.3.1,2026-09-07T08:34:16-07:00,us,iOS App Store,0
14519944145,Aarónoner,1,Donde verggas está el puto icono de scan,"Donde chingados pusieron el puto icono de scan como chingan con scan desde la cámara, quiero hacerlo desde la pinche impresora si hubiera querido hacerlo de la pinche cámara del celular para que chibgados compro una impresora con scanner culeros aparte no tienen a un puto número donde marcar",26.3.1,2026-09-06T20:17:41-07:00,us,iOS App Store,0
14519525376,cusjun,1,Dissatisfied,Failed to contact with printer despite good connectivity,26.3.1,2026-09-06T17:24:57-07:00,us,iOS App Store,0
14519447311,qweryyjbgfcbkjig,5,Convenient and quality printing at home,I am so happy subscribing to the monthly printing program. It is affordable and easy.,26.3.1,2026-09-06T16:52:25-07:00,us,iOS App Store,0
14519379502,nerdinnash,1,It sucks,"This app prints photos in terrible formats, doesn’t frame the photos to what was intended, it cuts parts off unless you go to every photo and select “fit” every time. And if I reverse a photo in my photo app, when I print it, it only prints the original version and not the reversed version.",26.3.1,2026-09-06T16:23:37-07:00,us,iOS App Store,0
14519089952,Sillywabbit25,1,Worst Scanning Feature ever,I’ve never had such a miserable experience with trying to scan a document Until this POS printer! The app is useless My printer is basically new and It was a waste of money!,26.3.1,2026-09-06T14:25:05-07:00,us,iOS App Store,0
14518978344,Duclea,5,Print from cell phone,"I cannot believe how easy it was for me to print a document from my cell phone! Love this printer. Set up was easy, especially for somebody who’s low tech lol",26.3.1,2026-09-06T13:42:23-07:00,us,iOS App Store,0
14518899694,1x.n,1,Tomorrow will be MY 6th Call to you to TRY TO GET THIS 2 WEEK OLD PRINTER TO WORK!!!!!!!!!,It prints from my computer - for a few days - then will not print!!!!!!!!!,26.3.1,2026-09-06T13:13:25-07:00,us,iOS App Store,0
14518583460,he choose me 🙌,1,Nope,"Do not buy, constantly kicking off of the intranet , won’t print.",26.3.1,2026-09-06T11:26:04-07:00,us,iOS App Store,0
14518523093,waleed m45,1,Slow,Too slow. The app to printer communication is very slow,26.3.1,2026-09-06T11:06:49-07:00,us,iOS App Store,0
14518031033,yekratsnod,2,Absolutely Cantankerous,Never ever in life have I experienced any machine that is as temperamental in communicating with the app than this “Smart” Tank 5103,26.3.1,2026-09-06T08:38:39-07:00,us,iOS App Store,0
14515671507,JanetBorders,5,Printing my business license,Yeah it works,26.3.1,2026-09-05T18:07:19-07:00,us,iOS App Store,0
14515318318,brittyhorne,1,Frustrating,It never prints when i need it too. I don’t know if it’s me or the printer but printing shouldn’t be this complicated every time.,26.3.1,2026-09-05T15:44:55-07:00,us,iOS App Store,0
14515112754,Jackienavea,5,Amazing,Amazing,26.3.1,2026-09-05T14:21:55-07:00,us,iOS App Store,0
14514920607,jjowa53,1,Confusing to scan,"I’m not the most tech savvy, but I haven’t figured out how to scan from my printer and save to my computer? Send I HAVE to use my phone…?",26.3.1,2026-09-05T13:10:12-07:00,us,iOS App Store,0
14514708471,Leesaaaahh10,5,Reccomend!,Great printer!! Use it for photos and the quality is always amazing!!,26.3.1,2026-09-05T11:57:24-07:00,us,iOS App Store,0
14514293270,memamaorjfhfhsks,3,Connecting,This printer loses connection often and is hard to reconnect.,26.3.1,2026-09-05T09:47:20-07:00,us,iOS App Store,0
14513956928,Mikalil 20,5,Highly recommended,Best printer for any kind of work.,26.3.1,2026-09-05T08:12:12-07:00,us,iOS App Store,0
14513723558,DennisBeechwood,4,Too dark,The printer prints darker than the actual picture - especially faces,26.3.1,2026-09-05T07:08:01-07:00,us,iOS App Store,0
14513662848,LangGreen,5,Printed a picture from my phone,"Excellent, thank you",26.3.1,2026-09-05T06:51:13-07:00,us,iOS App Store,0
14512375480,Jperez5597,5,Get it!,"Yes I had to stop and write a review! I love my printer and the accessibility it’s so easy to understand, use the app, scan, ink all of it great",26.3.1,2026-09-04T23:01:05-07:00,us,iOS App Store,0
14512108470,Yuri Grace,5,Best printer ever!,"I’ve owned so many printers over the years, and the HP Smart Tank 7602 is by far the best! It’s incredibly easy to set up, fast, reliable, and the print quality is excellent. I especially love how much ink it holds, no constantly running out or replacing cartridges. It has made printing so much easier and less expensive. I honestly couldn’t be happier with this printer and highly recommend it!",26.3.1,2026-09-04T21:04:32-07:00,us,iOS App Store,0
14512085614,IonHazard,1,Worst printer ever purchased,3 hours later and it still has no idea how to connect,26.3.1,2026-09-04T20:55:00-07:00,us,iOS App Store,0
14511890665,Mat965,1,Works when it wants to,Some times it works and it does not when needed the most,26.3.1,2026-09-04T19:36:43-07:00,us,iOS App Store,0
14511343464,Ptrentini,5,Do I have to tell the truth?,The truth is: You can do it all from your phone. Thanks HP.,26.3.1,2026-09-04T16:05:52-07:00,us,iOS App Store,0
14511228779,Allen Dakota,1,HP instant ink printer experience is the worst I’ve ever had with any technology,"The printer prints 10% of the time. It’s not reliable at all. The app doesn’t work to print most of the time. It’s not integrated into iOS or windows well. Couldn’t process my subscription despite everything being current. Air print works sometimes - other times not. Sometimes I can print via usb. Other times not. Sometimes I don’t think it works and then it prints 10 copies of failed attempts despite having cleared the printing queue. The app is no help. No one else in the house can get their devices to print wirelessly, so they have to send to me. I have wasted hours. Sucks on windows, MacOS, and Windows. We will be replacing this hp printer and never purchasing another as long as I live. I didn’t realise I was buying a machine that would lock me into a subscription service. Thought I’d give it a go. Nothing but regret. Terrible experience.",26.3.1,2026-09-04T15:20:23-07:00,us,iOS App Store,0
14511173609,Bk63567,3,Mobile FAX section broken,The mobile Fax portion of this app is broken if you go to send a fax it will say that it is ringing even after it’s already successfully connected and sent your Fax if it’s unsuccessful you wouldn’t know about it until later,26.3.1,2026-09-04T14:58:53-07:00,us,iOS App Store,0
14511007002,RoninLP57,1,No connection,Won’t connect with devices to print.,26.3.1,2026-09-04T13:54:46-07:00,us,iOS App Store,0
14510818891,Jpollyyeh,5,First printer,">>be me
>>25(f) 
>>hoping to establish independence
>>buy printer
>>it works",26.3.1,2026-09-04T12:46:19-07:00,us,iOS App Store,0
14510794339,trashgamelolol,1,Stupid,"This is the most useless app, 90% of the time the print button doesnt work and out of a 3 page document it will print one page",26.3.1,2026-09-04T12:37:41-07:00,us,iOS App Store,0
14510692988,Anti tech tipe,4,App use,Excellent and easy,26.3.1,2026-09-04T12:02:38-07:00,us,iOS App Store,0
14510422990,Pierre C77,1,Can’t download app to printer because it’s saying there’s billing problems what type of sc is this,I can’t even download this printer without putting a credit card on it why,26.3.1,2026-09-04T10:32:40-07:00,us,iOS App Store,0
14510412217,Wyoming Tiny Nana,4,Good quality Great Price,"I really like this HP 6500. It was easy setup, even for those like me that are technologically challenged. It responds great from one room to another and doesn’t take that much space. Recommend",26.3.1,2026-09-04T10:29:12-07:00,us,iOS App Store,0
14510396305,Neiser-96,5,Excelente,Buen servicio y calidad a tope de gama,26.3.1,2026-09-04T10:24:06-07:00,us,iOS App Store,0
14510364506,Not a BOT UGH,1,HORRIBLE,The agents don’t comprehend English! The printer takes forever to setup and print! They don’t send the paper or ink unlimited as stated.,26.3.1,2026-09-04T10:14:01-07:00,us,iOS App Store,0
14510357068,MoniCece,5,Love my printer/scanner/ fax,Amazing tool to work at home!!!I discover today that I can fax!!! Love my printer,26.3.1,2026-09-04T10:11:42-07:00,us,iOS App Store,0
14510232352,RollerMJR,2,Connectivity,Constantly disconnects from Wi-Fi,26.3.1,2026-09-04T09:33:20-07:00,us,iOS App Store,0
14509703387,Scarson4,1,Printer,Does always connect to internet therefore delaying printing,26.3.1,2026-09-04T07:02:20-07:00,us,iOS App Store,0
14508159118,MaeBelleG,5,HP Dealer 2900,I’m enjoying this printer. Very easy to set up. Instructions are straightforward. I’m glad I purchased this printer!,26.3.1,2026-09-03T21:12:47-07:00,us,iOS App Store,0
14508005511,ChetCat,1,Doesn’t Work,HP Can’t Find My Printer on the Network,26.3.1,2026-09-03T20:04:18-07:00,us,iOS App Store,0
14507864499,alaskabeaner,1,Printer not set up correctly.,Bad.,26.3.1,2026-09-03T19:05:56-07:00,us,iOS App Store,0
14507819183,ALWde,5,HP Great,HP is always helpful when l run into a issue wether it’s with agent or with Sage thanks HP,26.3.1,2026-09-03T18:47:53-07:00,us,iOS App Store,0
14507808167,nikinot,5,I love my printer,I have used this printer a lot and it is very good would recommend,26.3.1,2026-09-03T18:43:29-07:00,us,iOS App Store,0
14507638597,madticketbuyer,1,HP Printer Setup,A new printer setup which should only take 30 minutes is taking hours to troubleshoot. This has been the worst experience with HP ever and my previous printer was an HP. Everything is setup but I can’t get any documents to print from my laptop or mobile. They are more worried about getting a subscription for ink. SMH.,26.3.1,2026-09-03T17:36:08-07:00,us,iOS App Store,0
14507531195,cocobaby55,5,My ho printer,"This printer is remarkable, live everything about it.",26.3.1,2026-09-03T16:52:36-07:00,us,iOS App Store,0
14507442403,Set Up is Awful,1,Set up,HP Color LaserJet Pro MFP 3301e,26.3.1,2026-09-03T16:16:50-07:00,us,iOS App Store,0
14507222699,Archer350,1,HP Printer,We have nothing but trouble with this printer. We bought it as we were told the ink lasts forever. Probably because we can never get anything to print.,26.3.1,2026-09-03T14:49:35-07:00,us,iOS App Store,0
14507220193,None / Available,5,Optional,Optional,26.3.1,2026-09-03T14:48:35-07:00,us,iOS App Store,0
14507144291,西湖一舟,5,质量靠硬,只用用惠普打印机，稳定耐用，省耗材。,26.3.1,2026-09-03T14:18:49-07:00,us,iOS App Store,0
14507060781,b41t3d-&-c4ught,1,Another scammy subscription,"I never would have gotten the printer if I knew it required an Instant Ink subscription. I can’t print unless I pay them monthly, have to estimate my monthly printing needs in advance, and if I cancel the subscription they remotely disable the ink cartridges I have, even if they’re full. Wasteful, scammy, designed to get as much money out of their users as they can under the guise of “convenience.”",26.3.1,2026-09-03T13:47:04-07:00,us,iOS App Store,0
14506869056,Jose de la Playa,5,Envy 6110r,Everything works as it should. Fairly simple to understand. Good quality printing.,26.3.1,2026-09-03T12:37:00-07:00,us,iOS App Store,0
14506726434,Pine barons,5,Hp smart,"I loved my hp smart 8030 model. Although I bought it a few years ago it had worked  wonderfully well and with hp services on it, it works excellently whether on my iPhone, iPad or laptop.
     I upgraded to the 9125E Printer, which is one of the best decisions I’ve made in a while. As a technology has moved on with AI and being involved in everything today, the 9/25e is a much-needed Printer.",26.3.1,2026-09-03T11:47:26-07:00,us,iOS App Store,0
14506671378,Should Have Bought an Epson,1,Operating System Sucks,I’ve never had so much trouble printing from my phone for being the latest technology. This printer sucks so far.,26.3.1,2026-09-03T11:28:45-07:00,us,iOS App Store,0
14506639291,Babyfacegene,1,Printer sucks,Can’t print 5x7 pictures and that is the reason why I bought it. No good to me. And it’s their brand paper!!!,26.3.1,2026-09-03T11:18:06-07:00,us,iOS App Store,0
14506554028,Lruiz1,5,THE BEST FOR REMOTE WORK,"I don’t have a fax machine to work from home with and I can do everything with this. Scan, fax, get fax confirmations, print anything, order toner, see toner levels, and more. This is great!",26.3.1,2026-09-03T10:50:25-07:00,us,iOS App Store,0
14506484904,kiltielass,4,Scan 2-2,"This little printer might seem tiny, but it is mighty. The only thing I wish it would scan and or print double-sided to double-sided.",26.3.1,2026-09-03T10:27:41-07:00,us,iOS App Store,0
14505588338,Realfriendsonly,5,DESKJET 4355,Easy to set up. Easy print. Thanks,26.3.1,2026-09-03T05:59:48-07:00,us,iOS App Store,0
14505506969,Ramblers 92,1,Horrible,"Printer often doesn’t respond when print jobs are sent. When the printer does cooperate, HP engages in extortion and charges me 2.00 to print on MY BOUGHT AND PAID FOR PRINTER",26.3.1,2026-09-03T05:35:04-07:00,us,iOS App Store,0
14504224428,Ashlab home improvement,5,Very handy,It works great still and l have it for five years.,26.3.1,2026-09-02T20:38:42-07:00,us,iOS App Store,0
14504200382,#4F,5,Great printer,This Wi-Fi printer is easy to set up- directions are understandable by a “ not technically inclined “ person. Just take your time between steps. Nice quality,26.3.1,2026-09-02T20:28:08-07:00,us,iOS App Store,0
14504062713,Do not buy terrible,1,Do not buy,"After working the first 3 times, the printer stopped working. Waste of money. I would encourage everyone NOT to buy the printer.",26.3.1,2026-09-02T19:30:14-07:00,us,iOS App Store,0
14503963852,Nirvicrack,1,Only works with WiFi Direct on HP ST 533,Too bad for HP. Printing from iOS 26. Only works with WiFi Direct. App not fancy and usable.,26.3.1,2026-09-02T18:51:03-07:00,us,iOS App Store,0
14503959401,Better off without FB,2,Why did I buy another HP PRINTER,"Title really says everything. You will use all your ink reprinting because it never prints what the preview looks like. It doesn’t matter black and white text or photos or both. Really don’t bother with photos. It would take less time and money to develop another copy than to use this printer.
I just changed it from one to two stars because the mobile and internet fax capability is fantastic.",26.3.1,2026-09-02T18:49:16-07:00,us,iOS App Store,0
14503863029,Jo L 99,1,Doesn’t work,"I am unsure why this printer doesn’t work, but it is very frustrating. Not impressed HP.",26.3.1,2026-09-02T18:11:52-07:00,us,iOS App Store,0
14503827227,Coolerboy,1,HP has done a great job of making their printers a hassle to use.,"In an effort to try and extract as much money from us as possible, HP has made their printers a bigger hassle to use.  If you don't subscribe to their ink plan, you can lose the use of your printer.   This app stinks too.  Instead of connecting directly to the printer, you have to go through this app which doesn't work half the time.  Will not be buying any more HP printers",26.3.1,2026-09-02T17:57:52-07:00,us,iOS App Store,0
14502918461,Hollynicole85,1,Printer,Keeps saying paper jam and it’s not,26.3.1,2026-09-02T12:08:34-07:00,us,iOS App Store,0
14502897932,M4g1c4lL4dy,5,Camera to PDF,"I pay like $3.99, I literally keep this for the camera scan to PDF. It’s great. I hardly ever print (it’s faster at work).",26.3.1,2026-09-02T12:01:30-07:00,us,iOS App Store,0
14502860557,Slimshadee101,1,Unethical and deceptive,I loved and only bought hp products for my office until recently I was offered insta ink with the purchase of my new printer however after I decided to cancel the subscription my printer is now a useless block even after purchasing my own ink HP put a block on my printer so I’m unable to use a brand new printer customer service acts like they don’t know what’s going on or how to fix it I will never buy anymore hp products nowhere in the offer or instruction does it say if you cancel your printer becomes obsolete with your own ink ..their ink becomes inactive which is absurd that are able to deactivate ink cartridges remotely..once you subscribe they control your printer very deceptive and malicious it’s pure GREED SWITCHING ALL MY PRODUCTS TO ANOTHER BRAND UNLESS THEY PUT AN END TO BS LIKE THIS THEY HAVE NO RIGHT TO TAMPER WITH PPLS PERSONAL DEVICES THAT THEY PAY FOR JUST BECAUSE WE DONT WANT YOUR USELESS SUBSCRIPTION!!!!,26.3.1,2026-09-02T11:48:47-07:00,us,iOS App Store,0
14502780789,peaje quito,1,Mal funcionamiento,No conecta de manera inalámbrica,26.3.1,2026-09-02T11:21:54-07:00,us,iOS App Store,0
14502569067,USA.Voter,2,HP OfficeJet 5258 Document Feeder Fail,"I will never understand how company with resources of Hewlett-Packard cannot manufacture a reliable, robust document feeder.

I scan maybe, 50 pages a year & this document feeder can’t handle it without paper jams.

Back to scanning one page at a time…",26.3.1,2026-09-02T10:12:57-07:00,us,iOS App Store,0
14502452494,Hp Smart Tank 7602r,5,Hp Smart Tank 7602r,Love it!,26.3.1,2026-09-02T09:36:31-07:00,us,iOS App Store,0
14501358490,carp duck,3,Adjustments,"I cannot enlarge / decrease on my hp app
Or. My printer. I have a7965 envoy printer brand new. Need help.  .",26.3.1,2026-09-02T04:12:41-07:00,us,iOS App Store,0
14500440293,Kaiserja,1,More convoluted software,"Encrypted email service, broke as normal per software from HP.",26.3.1,2026-09-01T21:35:54-07:00,us,iOS App Store,0
14499976869,A;sldkjn,1,Sucks,"This app is horrible.  you have to save all documents to the app to print them, and 3/4 of the time, it doesn’t work",26.3.1,2026-09-01T18:24:48-07:00,us,iOS App Store,0
14499934925,jake sir,5,Sage,Sage is better than virtual,26.3.1,2026-09-01T18:08:57-07:00,us,iOS App Store,0
14499896094,Junk hp,1,Junk,Junk app and interface,26.3.1,2026-09-01T17:54:09-07:00,us,iOS App Store,0
14499874853,jeepin2022,5,First wireless printer,"Simple setup, easy to follow instructions.. great printer",26.3.1,2026-09-01T17:46:08-07:00,us,iOS App Store,0
14499844332,Chryssy3213,5,Happy with hp,Very happy with hp glad I decided to get it.,26.3.1,2026-09-01T17:34:20-07:00,us,iOS App Store,0
14499810401,Kristen#16,2,Difficult to use,My Deskjet 2800 almost never works and I just got it. The app never connects to my printer and there’s always some kind of error flashing on the printer. Junk.,26.3.1,2026-09-01T17:21:12-07:00,us,iOS App Store,0
14499692479,Mudder55,1,No human contact,"Stsyed on phone for an hour waiting to
Speak with customer service live person because AI couldn’t help .  This is the worst service i’ve ever experienced!!",26.3.1,2026-09-01T16:35:05-07:00,us,iOS App Store,0
14499400463,bigneshNYC,5,Love it,I just love how easy we can create a pdf file using this app,26.3.1,2026-09-01T14:40:29-07:00,us,iOS App Store,0
14499334425,alessagab,1,Absolutely hate it,I absolutely HATE THIS COMPANY. HORRIBLE CUSTOMER SERVICE AND NO WAY TO FIGURE OUT HOW THINGS WORK. PRIMTER HAS BEEN USELESS! I only used it for 6 months and it stopped properly working. Their app kicks me out of my account constantly!,26.3.1,2026-09-01T14:15:44-07:00,us,iOS App Store,0
